user_id,watch_time_hours,avg_session_mins,top_genres,num_sessions,completion_rate,weekend_watch_ratio
USR-8402,28.42,60.79,"[""Drama"", ""Adventure"", ""Crime""]",10,0.8,0.498
USR-6835,10.35,27.21,"[""Comedy""]",24,0.532,0.303
USR-3123,39.88,103.52,"[""Sci-Fi"", ""Action"", ""Thriller""]",26,0.849,0.503
USR-9789,1.54,15.64,"[""Drama"", ""Comedy""]",7,0.408,0.63
USR-1305,43.29,81.48,"[""Action"", ""Thriller"", ""Sci-Fi""]",17,0.861,0.291
USR-3532,50.82,105.04,"[""Sci-Fi"", ""Action""]",31,0.836,0.425
USR-3996,29.41,89.85,"[""Thriller"", ""Action""]",21,0.972,0.469
USR-8660,17.75,38.54,"[""Adventure"", ""Drama"", ""Documentary""]",26,0.771,0.762
USR-9225,34.77,35.0,"[""Mystery"", ""Adventure"", ""Drama""]",30,0.827,0.579
USR-5449,8.65,,"[""Animation"", ""Comedy""]",28,0.719,0.429
USR-4621,10.43,21.78,"[""Animation"", ""Comedy""]",24,0.78,0.363
USR-10211,4.89,19.59,[],8,0.433,0.6
USR-6023,8.8,28.8,"[""Animation"", ""Comedy""]",18,0.832,0.225
USR-8924,15.75,64.17,"[""Sci-Fi"", ""Adventure"", ""Drama"", ""Crime"", ""Mystery""]",34,0.792,0.429
USR-5476,7.8,28.55,"[""Comedy"", ""Animation""]",26,0.534,0.441
USR-7709,22.47,53.66,"[""Documentary"", ""Crime"", ""Mystery"", ""Adventure"", ""Romance""]",25,0.85,0.624
USR-1108,22.91,62.88,"[""Sci-Fi"", ""Action""]",17,0.957,0.452
USR-4320,6.02,,"[""Comedy"", ""Animation""]",19,0.53,0.304
USR-6658,10.1,25.81,"[""Animation"", ""Comedy""]",21,0.564,0.386
USR-9791,3.31,15.65,"[""Drama"", ""Comedy""]",4,0.288,0.848
USR-4085,49.278518659617525,110.68,"[""Thriller"", ""Action"", ""Sci-Fi""]",18,0.879,0.399
USR-7283,23.46,-31.230457579123836,"[""Drama"", ""Documentary"", ""Adventure"", ""Crime"", ""Romance""]",25,0.674,0.409
USR-3517,39.04,117.43,"[""Sci-Fi"", ""Action"", ""Adventure""]",20,0.974,0.482
USR-1501,44.82,98.43,"[""Sci-Fi"", ""Action"", ""Crime""]",26,0.886,0.324
USR-9794,4.5,36.26,"[""Comedy"", ""Slow TV""]",9,0.422,0.72
USR-2922,42.16,81.59,"[""Thriller"", ""Sci-Fi"", ""Action""]",28,0.77,0.409
USR-5302,8.24,19.61,"[""Animation""]",27,0.825,0.442
USR-10113,2.39,13.13,"[""Family""]",2,0.657,0.798
USR-10728,3.22,25.15,"[""Drama"", ""Comedy""]",4,0.356,0.621
USR-7272,34.1,35.0,"[""Adventure"", ""Documentary"", ""Romance"", ""Crime"", ""Sci-Fi""]",27,0.753,0.489
USR-5443,2.63,15.56,"[""Comedy""]",25,0.66,0.521
USR-7729,26.22,62.77,"[""Sci-Fi"", ""Mystery"", ""Crime"", ""Romance"", ""Adventure""]",32,0.791,0.524
USR-5534,11.23,29.42,"[""Animation""]",10,0.723,0.356
USR-1034,23.07,99.07,"[""Action"", ""Sci-Fi""]",30,0.754,0.387
USR-10850,3.23,31.6,"[""Family""]",4,0.273,0.762
USR-5429,10.25,25.13,"[""Animation"", ""Comedy""]",8,0.684,0.301
USR-1569,37.49,97.1,[],37,0.729,0.536
USR-2510,39.52,92.86,"[""Sci-Fi"", ""Action"", ""Adventure""]",21,1.0,0.435
USR-8788,29.45,40.51,"[""Drama"", ""Mystery"", ""Documentary"", ""Romance"", ""Crime""]",27,0.829,0.431
USR-1304,51.6,84.01,"[""Action"", ""Thriller""]",29,0.801,0.382
USR-8549,21.07,42.92,"[""Crime"", ""Sci-Fi"", ""Documentary"", ""Adventure""]",29,0.742,0.488
USR-6530,,26.19,"[""Comedy"", ""Animation""]",24,0.576,0.383
USR-2122,43.49,69.3,"[""Sci-Fi"", ""Thriller"", ""Action""]",16,0.746,0.402
USR-6205,7.45,26.73,"[""Animation"", ""Comedy""]",19,0.548,0.244
USR-8289,29.37,49.12,"[""Drama"", ""Documentary"", ""Romance"", ""Sci-Fi""]",28,0.781,0.558
USR-6909,21.76,59.88,"[""Adventure"", ""Mystery"", ""Sci-Fi""]",30,0.888,0.494
USR-10842,5.43,38.56,"[""Drama""]",8,0.347,0.749
USR-3376,36.17,104.31,"[""Thriller"", ""Action"", ""Sci-Fi""]",29,0.863,0.337
USR-3448,40.08,103.56,"[""Sci-Fi"", ""Thriller"", ""Crime""]",32,0.709,0.335
USR-6454,7.64,12.31,"[""Comedy""]",8,0.578,0.385
USR-1316,37.7,113.28,"[""Sci-Fi"", ""Action""]",22,0.826,0.367
USR-9616,2.67,29.35,"[""Comedy"", ""Family""]",1,0.58,0.718
USR-4527,9.14,19.28,"[""Comedy""]",28,0.61,0.317
USR-6548,9.19,23.52,"[""Comedy""]",21,0.567,0.322
USR-9053,17.45,62.89,"[""Mystery"", ""Crime"", ""Sci-Fi"", ""Documentary"", ""Romance""]",32,0.825,0.491
USR-1097,46.27,108.12,"[""Thriller"", ""Sci-Fi""]",25,0.955,0.419
USR-8530,30.65,48.89,"[""Crime"", ""Drama"", ""Sci-Fi"", ""Documentary"", ""Romance""]",29,0.817,0.543
USR-2057,32.66,82.24,"[""Sci-Fi"", ""Action""]",22,0.765,0.45
USR-10677,2.84,24.6,"[""Drama"", ""Comedy""]",6,0.163,0.772
USR-9569,5.36,44.92,"[""Comedy"", ""Drama""]",5,0.365,0.643
USR-4820,8.1,36.59,"[""Comedy"", ""Animation""]",21,0.612,0.36
USR-9536,2.16,43.14,"[""Comedy""]",6,0.405,0.662
USR-5112,10.68,28.14,"[""Animation""]",21,0.702,0.596
USR-7740,25.02,64.06,"[""Romance"", ""Mystery"", ""Drama""]",21,0.707,0.471
USR-2497,36.39,112.55,"[""Action"", ""Sci-Fi""]",24,0.805,0.52
USR-1577,44.46,66.75,"[""Thriller"", ""Action""]",26,0.926,0.452
USR-3271,52.44,87.72,"[""Sci-Fi"", ""Thriller"", ""Action"", ""Adventure""]",22,0.844,0.51
USR-2442,31.42,73.26,"[""Thriller"", ""Sci-Fi"", ""Action""]",19,0.782,0.347
USR-6015,10.29,20.18,"[""Animation""]",11,0.642,0.536
USR-6917,14.56,41.44,"[""Drama"", ""Sci-Fi"", ""Mystery"", ""Romance"", ""Documentary"", ""Silent Cinema""]",31,0.875,0.737
USR-1736,50.1,98.17,"[""Action"", ""Thriller""]",19,0.902,0.257
USR-2072,44.94,120.4,"[""Thriller"", ""Sci-Fi""]",23,0.737,0.599
USR-3803,33.07,105.29,"[""Action"", ""Sci-Fi"", ""Thriller""]",28,0.868,0.395
USR-9161,30.66,43.27,"[""Sci-Fi"", ""Romance"", ""Crime""]",24,0.78,0.367
USR-6921,28.03,64.87,"[""Adventure"", ""Documentary"", ""Crime"", ""Sci-Fi""]",30,0.778,0.372
USR-6567,3.73,27.4,"[""Animation"", ""Romance""]",20,0.693,0.34
USR-10670,3.91,33.54,"[""Family"", ""Comedy""]",9,0.412,0.77
USR-8471,17.09,61.6,"[""Drama"", ""Documentary"", ""Sci-Fi"", ""Mystery"", ""Romance""]",34,0.741,0.487
USR-6268,6.24,12.23,"[""Animation"", ""Comedy""]",14,0.698,0.529
USR-7655,27.51,59.23,"[""Mystery"", ""Documentary"", ""Romance"", ""Crime"", ""Adventure""]",31,0.835,0.602
USR-10812,2.23,35.25,"[""Drama""]",2,0.457,0.694
USR-6401,11.46,29.59,"[""Comedy"", ""Animation""]",23,0.701,0.331
USR-9674,3.65,31.12,"[""Comedy"", ""Family""]",6,0.604,0.795
USR-5794,2.78,22.46,"[""Comedy""]",19,0.708,0.375
USR-9696,2.08,36.47,"[""Comedy""]",2,0.523,0.702
USR-1170,34.26,93.02,"[""Action"", ""Sci-Fi"", ""Thriller""]",29,0.856,0.543
USR-5575,8.33,24.42,"[""Comedy""]",21,0.67,0.358
USR-10497,1.88,35.56,"[""Drama""]",6,0.41,0.884
USR-1533,39.23,91.42,"[""Action"", ""Thriller""]",33,0.837,0.276
USR-9292,28.99,73.26,"[""Adventure"", ""Drama"", ""Crime"", ""Mystery"", ""Sci-Fi""]",8,0.764,0.228
USR-1719,40.29,74.45,"[""Thriller"", ""Action""]",25,0.897,0.441
USR-9655,4.61,27.93,"[""Family""]",3,0.181,0.781
USR-6808,7.24,20.02,"[""Animation"", ""Comedy""]",21,0.685,0.255
USR-4470,7.96,27.68,"[""Animation"", ""Comedy""]",14,0.5,0.427
USR-10838,3.42,39.06,"[""Family""]",9,0.274,0.837
USR-1484,43.39,90.2,"[""Sci-Fi"", ""Action"", ""Thriller"", ""Avant-Garde Doc""]",27,0.946,0.498
USR-9087,21.96,61.51,"[""Mystery"", ""Romance"", ""Documentary""]",36,0.88,0.426
USR-9684,2.11,44.62,"[""Drama""]",7,0.509,0.54
USR-3040,42.84,88.46,"[""Thriller"", ""Action"", ""Adventure""]",17,0.839,0.323
USR-5831,10.21,21.34,"[""Comedy"", ""Animation""]",20,0.796,0.511
USR-5962,6.9,13.64,"[""Comedy""]",23,0.757,0.336
USR-10207,2.79,51.98,"[""Family""]",6,0.31,0.583
USR-1032,47.01,86.22,"[""Thriller"", ""Sci-Fi"", ""Action"", ""Crime""]",28,0.691,0.463
USR-1036,51.83,88.68,"[""Sci-Fi"", ""Thriller""]",36,0.848,0.327
USR-6975,23.41,71.22,"[""Drama"", ""Documentary"", ""Sci-Fi"", ""Adventure""]",37,0.795,0.425
USR-2189,48.71,98.67,"[""Sci-Fi"", ""Thriller"", ""Action""]",34,0.816,0.286
USR-1851,40.7,93.16,"[""Sci-Fi"", ""Action"", ""Thriller""]",33,0.767,0.405
USR-10692,3.06,28.17,"[""Family""]",7,0.7,0.79
USR-10314,2.64,38.36,"[""Drama""]",5,0.376,0.86
USR-9564,4.05,35.66,"[""Family""]",7,0.24,0.722
USR-4059,35.7,107.78,"[""Sci-Fi"", ""Thriller"", ""Action""]",20,0.902,0.499
USR-7313,29.99,62.37,"[""Sci-Fi"", ""Documentary"", ""Mystery"", ""Crime""]",35,0.925,0.401
USR-2218,24.8,100.65,"[""Action"", ""Sci-Fi"", ""Thriller""]",27,0.769,0.267
USR-5318,8.182892802011965,25.56,"[""Comedy"", ""Animation""]",24,0.662,0.429
USR-6121,4.46,20.35,"[""Animation"", ""Comedy""]",31,0.748,0.362
USR-8856,25.98,54.11,"[""Sci-Fi"", ""Adventure"", ""Documentary"", ""Crime"", ""Romance""]",37,0.76,0.571
USR-3710,39.14,100.23,"[""Action"", ""Thriller""]",30,0.761,0.41
USR-1252,22.71,100.93,"[""Action"", ""Thriller"", ""Adventure""]",28,0.706,0.366
USR-9577,4.3,31.66,"[""Drama"", ""Comedy""]",6,0.555,0.866
USR-2598,28.05,80.09,"[""Thriller"", ""Action""]",28,0.911,0.341
USR-4937,5.4,23.22,"[""Animation"", ""Comedy""]",20,0.696,0.365
USR-5906,6.84,14.28,"[""Animation"", ""Comedy""]",18,0.534,0.406
USR-3886,48.04,73.36,"[""Action"", ""Sci-Fi""]",34,0.75,0.323
USR-5939,8.58,31.09,"[""Comedy"", ""Animation""]",21,0.822,0.21
USR-3168,35.01,80.71,"[""Action"", ""Sci-Fi"", ""Thriller""]",29,0.85,0.455
USR-9676,0.69,32.83,"[""Family"", ""Drama""]",5,0.334,0.781
USR-2531,41.17,63.81,"[""Action"", ""Thriller"", ""Sci-Fi""]",25,0.761,0.437
USR-6304,10.76,26.37,"[""Animation"", ""Comedy""]",21,0.673,0.265
USR-5623,11.56,21.53,,10,0.715,0.163
USR-1081,61.81,94.55,"[""Thriller"", ""Action"", ""Sci-Fi""]",9,0.819,0.553
USR-4317,9.24,24.98,"[""Animation"", ""Comedy""]",29,0.791,0.444
USR-9565,6.79,53.07,"[""Family"", ""Comedy""]",5,0.247,0.603
USR-8031,20.86,44.91,"[""Sci-Fi"", ""Romance"", ""Adventure"", ""Drama"", ""Documentary""]",15,0.746,0.172
USR-6943,27.79,58.28,"[""Documentary"", ""Romance"", ""Adventure""]",23,0.763,0.483
USR-4699,6.22,-29.86762064964671,"[""Animation"", ""Comedy""]",22,0.732,0.285
USR-2733,40.65,72.28,"[""Action"", ""Thriller""]",31,0.946,0.502
USR-1451,40.99,85.15,"[""Action"", ""Sci-Fi"", ""Adventure""]",15,0.942,0.456
USR-1714,48.45,89.8,"[""Action"", ""Sci-Fi"", ""Thriller""]",36,0.886,0.422
USR-4446,9.59,19.45,"[""Animation""]",23,0.732,0.383
USR-5210,6.26,24.97,"[""Comedy""]",22,0.474,0.342
USR-3305,51.11,87.22,"[""Sci-Fi"", ""Action""]",26,0.797,0.397
USR-7061,27.87,67.65,"[""Documentary"", ""Adventure"", ""Crime"", ""Sci-Fi"", ""Mystery""]",28,0.788,0.417
USR-5197,8.19,18.81,"[""Animation"", ""Comedy""]",29,0.575,0.222
USR-10832,3.72,36.53,"[""Family"", ""Drama""]",8,0.651,0.999
USR-8108,28.49,65.95,"[""Documentary"", ""Crime"", ""Sci-Fi"", ""Drama"", ""Mystery""]",26,0.729,0.646
USR-10362,5.56,53.95,"[""Family""]",4,0.311,0.77
USR-6332,8.39,27.99,"[""Comedy""]",8,0.569,0.491
USR-4785,9.36,30.16,"[""Animation"", ""Comedy"", ""Romance""]",21,0.76,0.219
USR-10454,5.7,30.15,"[""Comedy""]",8,0.251,0.718
USR-4046,26.38,67.25,"[""Action"", ""Sci-Fi"", ""Adventure""]",18,0.981,0.445
USR-7479,23.52,53.13,"[""Documentary"", ""Romance"", ""Sci-Fi"", ""Crime""]",11,0.636,0.613
USR-4583,10.55,24.2,"[""Animation""]",20,0.639,0.496
USR-10621,1.79,45.44,"[""Comedy"", ""Drama""]",4,0.475,0.635
USR-7650,25.1,51.49,"[""Mystery"", ""Documentary"", ""Drama"", ""Romance""]",33,0.653,0.4
USR-5033,13.49,23.79,"[""Comedy"", ""Animation""]",21,0.514,0.519
USR-9294,25.39,44.47,"[""Mystery"", ""Drama"", ""Adventure"", ""Crime"", ""Documentary""]",24,0.792,0.43
USR-5103,3.49,19.88,"[""Comedy""]",20,0.566,0.262
USR-8021,30.05,58.35,"[""Crime"", ""Documentary"", ""Adventure"", ""Mystery""]",24,0.755,0.348
USR-7028,29.16,70.47,"[""Adventure"", ""Mystery"", ""Sci-Fi"", ""Documentary"", ""Crime""]",28,0.738,0.543
USR-3336,41.41,122.77,"[""Sci-Fi"", ""Thriller"", ""Action"", ""Adventure""]",18,0.643,0.589
USR-2181,41.37,80.58,"[""Action"", ""Thriller"", ""Sci-Fi""]",26,0.915,0.369
USR-9693,1.48,34.28,"[""Comedy""]",3,0.41,0.655
USR-1519,45.57,80.17,"[""Action"", ""Sci-Fi""]",16,0.843,0.411
USR-8617,28.15,64.93,"[""Sci-Fi"", ""Adventure"", ""Documentary""]",26,0.75,0.534
USR-2209,37.03,109.04,"[""Thriller"", ""Action""]",25,0.978,0.353
USR-3222,62.12,90.18,"[""Thriller"", ""Action""]",25,1.0,0.533
USR-1347,21.76,96.26,"[""Action"", ""Thriller"", ""Sci-Fi""]",31,0.912,0.34
USR-5221,11.01,26.22,"[""Comedy"", ""Animation""]",22,0.824,0.252
USR-7885,23.21,63.52,"[""Romance"", ""Crime"", ""Sci-Fi"", ""Documentary"", ""Drama""]",24,0.844,0.413
USR-2112,28.66,110.14,"[""Sci-Fi"", ""Action"", ""Thriller""]",27,0.744,0.373
USR-7221,20.44,72.57,"[""Sci-Fi"", ""Adventure"", ""Romance""]",26,0.755,0.622
USR-2570,44.83,107.08,"[""Action"", ""Thriller""]",18,0.816,0.439
USR-9948,2.27,15.36,"[""Family""]",3,0.612,0.688
USR-2693,40.89,90.13,"[""Sci-Fi"", ""Action""]",23,0.721,0.43
USR-8826,16.51,70.08,"[""Sci-Fi"", ""Romance"", ""Mystery"", ""Documentary"", ""Adventure""]",32,0.667,0.535
USR-4280,10.09,25.32,"[""Comedy"", ""Animation""]",21,0.745,0.412
USR-6969,29.32,54.75,"[""Documentary"", ""Adventure"", ""Mystery""]",28,0.966,0.598
USR-2884,19.1,100.4,"[""Sci-Fi"", ""Action""]",23,0.803,0.391
USR-5681,12.46,22.85,"[""Animation""]",23,0.752,0.318
USR-6372,9.37,12.16,"[""Comedy"", ""Animation""]",24,0.495,0.386
USR-2409,55.96,90.27,"[""Thriller"", ""Action"", ""Crime""]",26,0.821,0.574
USR-8896,19.79,57.92,"[""Drama"", ""Romance"", ""Adventure"", ""Documentary""]",25,0.824,0.513
USR-10267,2.21,29.05,"[""Drama""]",3,0.325,1.0
USR-1040,33.33,74.66,"[""Thriller"", ""Action"", ""Crime""]",20,1.0,0.416
USR-1795,44.48,94.4,"[""Action"", ""Thriller""]",31,0.753,0.467
USR-10953,2.0265000729407636,27.46,"[""Family""]",9,0.393,0.7
USR-4853,11.02,30.39,"[""Animation""]",13,0.566,0.5
USR-6290,11.0,16.2,"[""Animation"", ""Comedy""]",19,0.464,0.385
USR-1759,34.2,78.8,"[""Sci-Fi"", ""Thriller"", ""Avant-Garde Doc""]",32,0.832,0.439
USR-1322,47.75,100.7,"[""Thriller"", ""Sci-Fi""]",24,0.906,0.427
USR-4054,31.51,72.28,"[""Sci-Fi"", ""Thriller""]",20,0.84,0.194
USR-2225,38.28,96.37,"[""Sci-Fi"", ""Thriller"", ""Crime""]",17,0.947,0.557
USR-5804,9.62,18.49,"[""Animation""]",14,0.725,0.305
USR-2982,35.61,96.11,"[""Sci-Fi"", ""Thriller"", ""Action""]",5,0.915,0.31
USR-6886,7.06,23.76,"[""Animation"", ""Comedy""]",22,0.594,0.23
USR-1260,32.04,101.18,"[""Thriller"", ""Action"", ""Sci-Fi""]",26,0.849,0.381
USR-8382,22.35,85.7,"[""Drama"", ""Adventure"", ""Crime"", ""Sci-Fi""]",25,0.772,0.64
USR-2419,42.41,82.11,"[""Action"", ""Sci-Fi"", ""Thriller""]",25,0.778,0.402
USR-3997,33.57,88.23,"[""Sci-Fi"", ""Thriller""]",19,0.815,0.428
USR-7022,17.01,65.66,"[""Adventure"", ""Drama"", ""Sci-Fi"", ""Crime"", ""Romance""]",32,0.767,0.545
USR-7943,16.99,75.28,"[""Drama"", ""Adventure"", ""Crime"", ""Sci-Fi"", ""Documentary""]",22,0.716,0.536
USR-1624,,74.2,"[""Action"", ""Sci-Fi""]",17,0.826,0.447
USR-4486,8.2,23.38,"[""Comedy"", ""Animation""]",18,0.541,0.415
USR-5430,7.53,19.64,"[""Comedy"", ""Animation""]",22,0.604,0.463
USR-9004,24.49,65.2,"[""Documentary"", ""Crime"", ""Mystery"", ""Adventure""]",33,0.822,0.546
USR-2077,55.42,86.81,"[""Sci-Fi"", ""Thriller""]",22,0.935,0.227
USR-2069,33.28,82.11,"[""Sci-Fi"", ""Thriller""]",17,0.857,0.312
USR-9328,2.62,37.42,"[""Drama"", ""Family""]",2,0.447,0.582
USR-5884,8.26,21.67,"[""Comedy"", ""Animation""]",19,0.588,0.355
USR-2176,25.57,85.39,"[""Action"", ""Thriller""]",25,0.684,0.205
USR-1296,25.98,65.87,"[""Action"", ""Thriller""]",31,0.795,0.499
USR-6837,8.93,,"[""Comedy"", ""Animation""]",20,0.721,0.393
USR-7262,29.04,65.44,"[""Sci-Fi"", ""Drama"", ""Romance"", ""Adventure""]",34,0.668,0.266
USR-6200,6.33,17.58,"[""Comedy"", ""Animation""]",9,0.494,0.258
USR-6126,8.24,28.06,"[""Animation""]",26,0.69,0.43
USR-6029,8.0,15.96,"[""Comedy"", ""Animation""]",30,0.593,0.347
USR-4150,48.29,93.48,"[""Action"", ""Sci-Fi"", ""Thriller""]",23,0.826,0.452
USR-4525,650.6309799865638,489.1047794244677,"[""Comedy""]",20,0.702,0.24
USR-5788,9.43,,"[""Animation"", ""Comedy""]",21,0.566,0.19
USR-10660,2.35,28.72,"[""Comedy""]",7,0.484,0.723
USR-4383,8.39,16.52,"[""Comedy"", ""Romance""]",10,0.685,0.388
USR-5149,3.84,18.41,"[""Comedy""]",16,0.549,0.286
USR-9764,1.79,24.71,"[""Drama""]",7,0.538,0.924
USR-5697,7.23,27.79,"[""Comedy""]",20,0.591,0.219
USR-6984,34.7,75.6,"[""Mystery"", ""Adventure"", ""Romance"", ""Sci-Fi"", ""Drama""]",20,0.756,0.404
USR-2579,45.5,104.23,"[""Sci-Fi"", ""Action"", ""Thriller""]",30,0.85,0.411
USR-3179,39.87,101.32,"[""Sci-Fi"", ""Thriller"", ""Action"", ""Crime""]",29,0.869,0.462
USR-10501,2.84,22.63,"[""Family"", ""Comedy""]",3,0.495,0.776
USR-8616,36.89,69.13,"[""Mystery"", ""Documentary"", ""Romance""]",30,0.837,0.405
USR-2863,53.84,94.48,"[""Action"", ""Thriller"", ""Sci-Fi""]",14,0.881,0.368
USR-7647,31.2,68.86,"[""Mystery"", ""Romance"", ""Crime"", ""Sci-Fi""]",18,0.759,0.547
USR-9864,3.11,36.62,"[""Drama"", ""Comedy""]",6,0.221,0.792
USR-2965,43.52,84.02,"[""Sci-Fi"", ""Thriller""]",27,0.859,0.403
USR-6065,7.82,26.83,"[""Comedy"", ""Animation""]",20,0.508,0.301
USR-6501,7.34,24.11,"[""Comedy"", ""Animation""]",16,0.705,0.274
USR-9035,27.63,55.36,"[""Crime"", ""Mystery"", ""Drama""]",30,0.781,0.328
USR-3329,37.6,111.12,"[""Thriller"", ""Sci-Fi""]",28,0.88,0.409
USR-9290,23.59,65.15,"[""Drama"", ""Mystery"", ""Sci-Fi"", ""Crime""]",24,0.786,0.44
USR-5634,11.69,29.84,"[""Animation""]",21,0.598,0.393
USR-4258,5.35,27.13,"[""Comedy"", ""Animation""]",23,0.604,0.419
USR-6869,2.52,25.94,"[""Animation""]",23,0.779,0.494
USR-5668,10.27,27.77,"[""Animation"", ""Comedy""]",24,0.77,0.248
USR-1120,40.29,103.49,"[""Action"", ""Sci-Fi"", ""Thriller"", ""Crime""]",28,0.935,0.537
USR-6795,8.25,30.64,"[""Comedy"", ""Animation""]",16,0.73,0.524
USR-8783,22.29,72.63,,33,0.668,0.401
USR-6748,5.26,28.2,"[""Comedy"", ""Animation"", ""Romance""]",17,0.61,0.225
USR-9776,3.08,10.0,"[""Family"", ""Drama""]",6,0.613,0.867
USR-10378,4.616592735182057,15.1,"[""Family""]",6,0.57,0.556
USR-6071,8.53,27.03,"[""Animation"", ""Comedy""]",21,0.824,0.37
USR-1488,43.01,97.06,"[""Thriller"", ""Action"", ""Sci-Fi""]",28,0.832,0.327
USR-7609,20.66,70.93,"[""Sci-Fi"", ""Adventure"", ""Romance"", ""Documentary""]",29,0.859,0.513
USR-6560,11.64,29.6,"[""Animation"", ""Comedy""]",10,0.865,0.412
USR-9963,4.86,38.54,"[""Drama""]",6,0.657,0.636
USR-7224,25.84,50.11,"[""Crime"", ""Romance"", ""Adventure"", ""Sci-Fi"", ""Mystery""]",22,0.771,0.511
USR-10183,4.82,29.9,"[""Comedy""]",5,0.236,0.7
USR-8335,26.02,53.64,,26,0.673,0.501
USR-1674,44.37,76.41,"[""Action"", ""Thriller""]",34,0.932,0.52
USR-3134,43.48,68.21,"[""Thriller"", ""Action"", ""Sci-Fi""]",14,0.862,0.499
USR-4282,9.48,21.21,"[""Animation"", ""Comedy""]",14,0.73,0.324
USR-1583,28.34,99.82,"[""Thriller"", ""Sci-Fi"", ""Action""]",30,0.84,0.39
USR-8938,25.32,45.64,"[""Drama"", ""Sci-Fi"", ""Adventure""]",26,0.834,0.5
USR-2403,28.92,112.0,"[""Thriller"", ""Action"", ""Sci-Fi""]",14,0.833,0.547
USR-3961,30.21,76.86,"[""Action"", ""Sci-Fi"", ""Thriller""]",14,0.792,0.489
USR-10852,1.57,31.85,"[""Comedy""]",5,0.305,0.689
USR-9427,2.61,34.7,"[""Comedy""]",6,0.38,0.891
USR-3276,48.03,80.93,"[""Sci-Fi"", ""Thriller"", ""Action""]",27,0.909,0.369
USR-1312,41.16,97.89,"[""Action"", ""Sci-Fi"", ""Thriller""]",23,0.896,0.521
USR-2157,42.83,94.05,"[""Sci-Fi"", ""Action"", ""Thriller"", ""Adventure""]",28,0.786,0.389
USR-10121,3.44,28.58,"[""Drama""]",6,0.482,0.695
USR-5230,12.28,,"[""Animation"", ""Comedy""]",25,0.784,0.31
USR-7244,26.09,37.81,"[""Romance"", ""Adventure"", ""Mystery"", ""Crime"", ""Documentary""]",32,0.725,0.454
USR-4354,12.93,34.08,"[""Comedy""]",18,0.784,0.358
USR-1107,48.17,54.03,"[""Thriller"", ""Action""]",33,0.954,0.51
USR-4870,7.07,15.79,"[""Animation"", ""Comedy""]",23,0.566,0.33
USR-4275,10.64,30.02,"[""Animation"", ""Comedy""]",18,0.694,0.407
USR-2278,38.08,95.15,"[""Thriller"", ""Action"", ""Sci-Fi""]",26,0.772,0.511
USR-7302,725.2737465678514,506.44332288332043,"[""Crime"", ""Adventure"", ""Drama"", ""Documentary"", ""Romance""]",24,0.784,0.372
USR-3942,44.92493401385547,77.35,"[""Thriller"", ""Action"", ""Adventure""]",27,0.776,0.352
USR-3424,22.69,62.59,"[""Sci-Fi"", ""Action"", ""Crime""]",27,0.813,0.406
USR-1374,40.48,85.12,"[""Action"", ""Sci-Fi""]",27,0.871,0.294
USR-5181,4.73,31.32,"[""Animation""]",19,0.611,0.397
USR-4024,52.86,103.02,"[""Thriller"", ""Sci-Fi"", ""Action""]",27,0.796,0.549
USR-5773,12.6,21.26,"[""Animation""]",16,0.619,0.433
USR-10795,1.97,26.36,"[""Family"", ""Comedy""]",7,0.407,0.698
USR-5554,7.78,17.43,"[""Animation"", ""Comedy"", ""Romance""]",29,0.444,0.39
USR-9989,3.25,31.75,"[""Comedy""]",5,0.107,0.842
USR-4152,31.54,121.84,"[""Thriller"", ""Action"", ""Sci-Fi"", ""Adventure""]",29,0.869,0.268
USR-6803,7.0,21.42,"[""Animation"", ""Romance""]",18,0.579,0.535
USR-10530,3.73,31.48,"[""Family""]",7,0.421,0.677
USR-9711,3.66,48.32,"[""Comedy""]",9,0.436,0.745
USR-7228,18.23,49.59,"[""Romance"", ""Crime"", ""Adventure"", ""Mystery""]",29,0.79,0.559
USR-4662,12.39,29.41,"[""Animation""]",20,0.563,0.277
USR-8842,19.16,60.28,"[""Drama"", ""Romance"", ""Documentary"", ""Crime"", ""Adventure""]",23,0.757,0.662
USR-8614,,70.24,"[""Drama"", ""Adventure"", ""Romance""]",25,0.85,0.427
USR-3110,36.82,87.97,"[""Thriller"", ""Sci-Fi""]",30,0.816,0.5
USR-4943,7.4,27.79,"[""Animation"", ""Romance""]",27,0.654,0.163
USR-1030,34.63,82.66,"[""Thriller"", ""Action""]",14,0.903,0.276
USR-6066,6.67,19.55,"[""Animation"", ""Comedy""]",20,0.612,0.385
USR-2348,37.14,128.42,"[""Action"", ""Sci-Fi""]",32,0.869,0.497
USR-3575,37.81,90.02,"[""Sci-Fi"", ""Thriller""]",23,0.904,0.392
USR-9404,4.27,33.27,,6,0.452,0.641
USR-8815,26.93,69.54,"[""Crime"", ""Adventure"", ""Documentary""]",27,0.637,0.319
USR-8536,24.16,44.84,"[""Adventure"", ""Romance"", ""Documentary"", ""Mystery""]",29,0.813,0.402
USR-3407,32.5,79.54,"[""Thriller"", ""Sci-Fi"", ""Action"", ""Crime""]",23,0.763,0.432
USR-9973,3.84,19.62,"[""Drama"", ""Family""]",8,0.475,0.84
USR-3317,36.97,118.31,"[""Sci-Fi"", ""Action"", ""Thriller""]",31,0.798,0.39
USR-4786,4.85,25.14,"[""Comedy""]",15,0.64,0.337
USR-9100,24.28,72.07,"[""Crime"", ""Sci-Fi"", ""Romance"", ""Documentary""]",18,0.786,0.612
USR-7366,29.83,64.4,"[""Crime"", ""Documentary"", ""Sci-Fi"", ""Mystery""]",21,0.834,0.484
USR-7329,20.34,42.04,"[""Crime"", ""Drama"", ""Adventure"", ""Sci-Fi""]",35,0.794,0.444
USR-1734,29.13,69.84,"[""Thriller"", ""Sci-Fi""]",18,0.758,0.5
USR-2124,49.53,95.2,"[""Action"", ""Sci-Fi""]",21,0.855,0.289
USR-9749,4.83,32.31,"[""Family"", ""Drama""]",5,0.528,0.866
USR-3927,50.11,91.92,"[""Action"", ""Sci-Fi"", ""Thriller""]",20,0.854,0.359
USR-7351,23.22,53.45,"[""Romance"", ""Documentary"", ""Sci-Fi""]",22,0.807,0.556
USR-10974,2.76,26.08,"[""Family""]",4,0.511,0.805
USR-5061,5.6,26.11,"[""Animation"", ""Romance""]",12,0.685,0.248
USR-4648,8.68,24.89,"[""Animation"", ""Comedy""]",18,0.609,0.33
USR-4468,7.79,20.05,"[""Comedy"", ""Animation""]",27,0.649,0.15
USR-3738,31.12,75.96,"[""Sci-Fi"", ""Action"", ""Thriller"", ""Adventure""]",16,0.849,0.209
USR-10099,1.64,35.43,"[""Drama""]",5,0.368,0.64
USR-10264,5.74,30.89,"[""Comedy""]",4,0.38,0.59
USR-10257,1.63,44.91,"[""Family""]",7,0.309,0.717
USR-3555,32.24,90.28,"[""Thriller"", ""Sci-Fi""]",24,0.919,0.486
USR-6717,5.88,27.3,"[""Comedy"", ""Animation""]",34,0.536,0.289
USR-1933,38.24,122.47,"[""Action"", ""Thriller"", ""Adventure""]",31,0.874,0.34
USR-6145,8.63,23.16,"[""Animation"", ""Romance""]",27,0.559,0.315
USR-2502,34.56,73.69,"[""Sci-Fi"", ""Thriller""]",33,0.856,0.651
USR-2184,30.15,79.48,"[""Thriller"", ""Action"", ""Sci-Fi""]",31,0.89,0.494
USR-9088,27.09,71.9,"[""Sci-Fi"", ""Documentary"", ""Mystery"", ""Romance"", ""Crime""]",30,0.852,0.447
USR-2865,27.02,96.06,"[""Thriller"", ""Action"", ""Sci-Fi"", ""Crime""]",26,0.736,0.549
USR-6245,10.38,28.04,"[""Animation"", ""Comedy""]",17,0.555,0.506
USR-1622,44.47,98.56,"[""Action"", ""Thriller""]",24,0.852,0.325
USR-2356,23.48,84.24,"[""Action"", ""Thriller""]",13,0.891,0.585
USR-4316,5.39,23.78,"[""Comedy""]",18,0.493,0.238
USR-6035,7.75,27.47,"[""Comedy""]",20,0.681,0.233
USR-5510,9.12,26.6,"[""Comedy"", ""Animation""]",17,0.642,0.297
USR-2200,37.14,77.56,"[""Thriller"", ""Sci-Fi""]",29,0.99,0.362
USR-9058,25.3,53.4,"[""Crime"", ""Adventure"", ""Documentary"", ""Sci-Fi""]",26,0.95,0.323
USR-7960,23.47,66.74,"[""Drama"", ""Sci-Fi"", ""Mystery"", ""Crime"", ""Adventure""]",27,0.772,0.51
USR-5418,10.69,26.13,"[""Animation"", ""Comedy""]",27,0.558,0.392
USR-9192,31.52,67.44,"[""Sci-Fi"", ""Adventure"", ""Romance"", ""Crime"", ""Drama""]",35,0.784,0.393
USR-1294,47.52,,"[""Thriller"", ""Sci-Fi""]",22,0.812,0.447
USR-10024,2.86,36.51,"[""Comedy"", ""Family""]",8,0.223,0.79
USR-10927,1.36,36.41,"[""Drama""]",4,0.514,0.637
USR-9400,3.4,21.43,"[""Drama"", ""Comedy""]",2,0.524,0.752
USR-1319,32.59,94.48,"[""Sci-Fi"", ""Action"", ""Thriller"", ""Crime""]",21,0.828,0.587
USR-2600,41.3,95.35,"[""Action"", ""Sci-Fi"", ""Adventure""]",36,0.832,0.247
USR-2795,29.25,90.01,"[""Sci-Fi"", ""Action"", ""Thriller""]",19,0.833,0.328
USR-4013,40.91,103.49,"[""Sci-Fi"", ""Thriller"", ""Adventure""]",22,0.816,0.528
USR-9673,4.18,37.93,"[""Comedy"", ""Family""]",4,0.236,0.52
USR-1564,23.67,107.03,"[""Thriller"", ""Action"", ""Adventure""]",21,0.789,0.348
USR-5540,10.7,32.3,"[""Comedy""]",27,0.805,0.42
USR-6992,24.57,67.91,"[""Romance"", ""Crime"", ""Adventure""]",19,0.787,0.318
USR-7065,24.92,86.64,"[""Sci-Fi"", ""Romance"", ""Documentary"", ""Adventure"", ""Mystery""]",27,0.881,0.604
USR-1762,40.5,113.13,"[""Thriller"", ""Sci-Fi"", ""Action""]",22,0.856,0.523
USR-1015,28.18,133.21,"[""Sci-Fi"", ""Thriller""]",18,0.923,0.353
USR-6397,8.51,27.06,"[""Comedy""]",19,0.519,0.405
USR-7210,22.78,38.23,"[""Crime"", ""Mystery"", ""Drama""]",20,0.741,0.597
USR-9330,3.92,40.87,"[""Comedy""]",7,0.272,0.769
USR-6099,11.31,15.58,"[""Animation"", ""Comedy""]",21,0.638,0.288
USR-2738,52.2,97.47,"[""Action"", ""Sci-Fi"", ""Thriller""]",31,0.862,0.586
USR-9263,37.22,55.67,"[""Romance"", ""Crime"", ""Mystery"", ""Adventure"", ""Documentary""]",21,0.792,0.514
USR-5848,9.73,27.94,"[""Comedy""]",22,0.549,0.253
USR-5882,8.98,31.24,"[""Comedy"", ""Animation"", ""Romance""]",16,0.754,0.258
USR-8719,25.17,55.45,"[""Sci-Fi"", ""Mystery"", ""Drama"", ""Adventure""]",24,0.774,0.574
USR-7837,32.07,64.42,"[""Romance"", ""Documentary"", ""Mystery""]",29,0.739,0.502
USR-9215,34.68,35.0,"[""Documentary"", ""Adventure"", ""Sci-Fi"", ""Crime""]",35,0.617,0.614
USR-2902,28.49,99.19,"[""Thriller"", ""Action"", ""Sci-Fi"", ""Adventure""]",20,0.848,0.466
USR-2748,34.23,106.79,"[""Thriller"", ""Sci-Fi"", ""Adventure""]",33,0.922,0.404
USR-3914,24.72,71.52,"[""Action"", ""Thriller""]",25,0.792,0.52
USR-6478,9.23,23.83,"[""Comedy"", ""Animation""]",28,0.652,0.544
USR-9047,37.74,63.48,,36,0.808,0.491
USR-8568,23.21,70.01,[],27,0.806,0.455
USR-9014,23.1,53.03,"[""Adventure"", ""Sci-Fi"", ""Romance"", ""Drama""]",23,0.87,0.612
USR-8317,25.53,54.13,"[""Documentary"", ""Crime"", ""Romance"", ""Adventure""]",21,0.715,0.552
USR-9784,4.23,38.24,"[""Drama""]",2,0.428,0.878
USR-1511,35.26,89.88,"[""Thriller"", ""Sci-Fi""]",16,0.897,0.348
USR-1093,42.45,87.67,"[""Action"", ""Thriller"", ""Sci-Fi""]",26,0.75,0.512
USR-9293,27.31,70.06,"[""Adventure"", ""Drama"", ""Sci-Fi""]",23,0.692,0.509
USR-9707,3.8,32.06,"[""Comedy""]",5,0.311,0.708
USR-5166,7.36,13.99,"[""Animation"", ""Comedy""]",19,0.665,0.519
USR-4458,5.26,25.32,"[""Animation"", ""Slow TV""]",27,0.447,0.382
USR-5113,8.51,21.17,"[""Animation""]",28,0.58,0.353
USR-6651,6.45,27.67,"[""Comedy""]",27,0.615,0.379
USR-8585,36.08,65.91,"[""Adventure"", ""Romance"", ""Drama"", ""Documentary"", ""Sci-Fi""]",34,0.711,0.577
USR-3615,36.31,83.44,"[""Sci-Fi"", ""Thriller"", ""Action""]",31,0.755,0.309
USR-4791,10.65,30.31,"[""Animation""]",24,0.674,0.421
USR-7087,19.68,59.06,"[""Adventure"", ""Romance"", ""Documentary"", ""Crime"", ""Sci-Fi""]",24,0.666,0.52
USR-5861,10.97,29.23,"[""Animation"", ""Comedy""]",18,0.561,0.25
USR-9334,1.52,20.1,"[""Comedy"", ""Drama""]",6,0.238,0.777
USR-2808,39.5,82.09,"[""Action"", ""Thriller""]",25,0.9,0.257
USR-4529,10.96,20.15,"[""Animation""]",25,0.628,0.488
USR-6263,6.75,29.0,"[""Comedy"", ""Animation""]",17,0.701,0.39
USR-2248,43.32,100.92,"[""Action"", ""Sci-Fi""]",22,0.807,0.484
USR-1625,38.95,85.43,"[""Sci-Fi"", ""Action""]",19,0.734,0.487
USR-4711,5.25,15.53,"[""Animation""]",33,0.556,0.491
USR-4400,11.35,19.58,"[""Comedy"", ""Romance""]",23,0.576,0.255
USR-2852,34.33,100.33,"[""Thriller"", ""Action""]",16,0.826,0.482
USR-8151,20.45,56.47,"[""Drama"", ""Mystery"", ""Crime"", ""Adventure""]",17,0.876,0.504
USR-9158,23.83,54.79,"[""Crime"", ""Mystery"", ""Drama"", ""Adventure"", ""Sci-Fi""]",36,0.823,0.482
USR-4308,8.71,22.47,"[""Comedy""]",24,0.709,0.326
USR-10144,2.64,23.36,"[""Family""]",4,0.442,0.804
USR-9824,5.41,26.18,"[""Drama""]",8,0.449,0.668
USR-8235,25.59,47.2,"[""Adventure"", ""Drama"", ""Crime"", ""Mystery"", ""Documentary""]",18,0.851,0.575
USR-6670,13.8,30.84,"[""Animation"", ""Comedy""]",23,0.737,0.263
USR-10714,4.43,35.75,"[""Drama""]",4,0.23,0.724
USR-9992,3.13,31.49,"[""Drama""]",6,0.485,0.551
USR-1440,41.2,111.59,"[""Action"", ""Sci-Fi"", ""Thriller""]",16,0.741,0.405
USR-4425,4.29,30.57,"[""Comedy"", ""Animation"", ""Romance""]",23,0.644,0.234
USR-6007,7.3,21.05,"[""Animation""]",23,0.574,0.394
USR-10254,7.5,50.01,"[""Comedy""]",6,0.442,0.855
USR-9104,19.14,,"[""Romance"", ""Sci-Fi"", ""Drama""]",26,0.778,0.543
USR-9070,31.21,53.67,"[""Romance"", ""Documentary"", ""Drama"", ""Crime""]",28,0.794,0.641
USR-1389,30.37,105.18,"[""Thriller"", ""Action""]",21,0.69,0.446
USR-3089,45.43,100.29,"[""Action"", ""Sci-Fi"", ""Thriller""]",27,0.821,0.358
USR-7463,21.08,60.99,"[""Adventure"", ""Romance"", ""Documentary"", ""Sci-Fi""]",33,0.942,0.363
USR-7439,28.41,46.04,"[""Sci-Fi"", ""Mystery"", ""Documentary""]",35,0.805,0.264
USR-10810,1.76,39.8,"[""Drama""]",8,0.25,0.623
USR-2454,44.1,,"[""Thriller"", ""Sci-Fi"", ""Action""]",26,0.91,0.361
USR-7747,27.48,63.18,"[""Romance"", ""Sci-Fi"", ""Documentary""]",23,0.753,0.48
USR-8663,26.71,83.75,"[""Sci-Fi"", ""Drama"", ""Adventure"", ""Documentary""]",27,0.903,0.433
USR-3749,35.72,96.46,"[""Thriller"", ""Sci-Fi""]",13,0.81,0.491
USR-7465,33.74,53.2,"[""Mystery"", ""Romance"", ""Documentary"", ""Drama""]",29,0.836,0.636
USR-8846,25.56,43.15,"[""Adventure"", ""Documentary"", ""Mystery"", ""Drama""]",18,0.889,0.381
USR-1089,57.27,76.5,"[""Action"", ""Thriller"", ""Crime""]",33,0.637,0.212
USR-10191,3.5,,"[""Comedy""]",9,0.275,0.652
USR-10668,3.81,11.53,"[""Family"", ""Comedy""]",3,0.166,0.77
USR-6490,8.9,10.0,"[""Animation""]",32,0.704,0.462
USR-4762,9.94,20.6,"[""Animation""]",22,0.721,0.269
USR-6352,8.7,24.87,"[""Comedy""]",24,0.643,0.281
USR-5032,10.87,25.6,[],25,0.665,0.412
USR-6211,6.12,20.82,"[""Animation"", ""Comedy""]",25,0.591,0.305
USR-4133,35.05,104.04,"[""Sci-Fi"", ""Thriller"", ""Action""]",23,0.823,0.452
USR-5422,5.43,26.21,"[""Animation"", ""Comedy""]",22,0.649,0.382
USR-9316,4.2,29.97,"[""Comedy"", ""Drama""]",5,0.184,0.586
USR-8357,20.05,72.56,"[""Sci-Fi"", ""Mystery"", ""Drama"", ""Documentary"", ""Adventure""]",28,0.759,0.63
USR-2108,33.11,85.8,"[""Sci-Fi"", ""Action"", ""Thriller""]",29,0.814,0.303
USR-4544,7.44,23.27,[],23,0.568,0.479
USR-2085,32.35,90.41,"[""Thriller"", ""Action"", ""Sci-Fi""]",21,0.951,0.446
USR-8710,27.82,54.38,"[""Romance"", ""Documentary"", ""Crime""]",21,0.798,0.461
USR-8372,28.5,62.03,"[""Documentary"", ""Romance"", ""Adventure"", ""Sci-Fi""]",23,0.864,0.245
USR-7984,27.36,46.59,"[""Documentary"", ""Mystery"", ""Adventure"", ""Crime""]",24,0.77,0.503
USR-5265,3.78,31.85,"[""Animation"", ""Comedy""]",13,0.659,0.343
USR-6883,10.3,29.09,"[""Animation"", ""Comedy""]",17,0.543,0.479
USR-10735,4.26,40.17,"[""Family""]",6,0.493,0.664
USR-3073,45.15,99.29,"[""Thriller"", ""Action""]",26,0.713,0.424
USR-3184,36.49,86.26,"[""Action"", ""Thriller"", ""Sci-Fi"", ""Adventure""]",20,0.875,0.443
USR-5986,9.72,30.73,"[""Comedy"", ""Animation""]",18,0.653,0.369
USR-5116,6.35,33.84,"[""Comedy"", ""Animation""]",20,0.55,0.171
USR-4072,46.65,108.97,"[""Action"", ""Thriller""]",27,0.749,0.503
USR-7812,27.24,45.7,"[""Documentary"", ""Drama"", ""Sci-Fi"", ""Adventure""]",27,0.627,0.413
USR-4530,16.46,14.22,"[""Animation"", ""Comedy""]",27,0.693,0.307
USR-1417,44.03,104.83,"[""Thriller"", ""Sci-Fi""]",36,0.838,0.274
USR-2150,27.5,72.82,,19,0.942,0.547
USR-2254,37.03,,"[""Action"", ""Sci-Fi"", ""Adventure""]",21,0.973,0.278
USR-9769,1.88,37.04,"[""Comedy""]",8,0.301,0.629
USR-4439,11.57,19.71,"[""Animation"", ""Comedy""]",30,0.847,0.238
USR-4740,5.59,28.11,"[""Comedy"", ""Animation""]",21,0.797,0.343
USR-1109,18.15,102.21,"[""Thriller"", ""Sci-Fi""]",23,0.93,0.446
USR-6899,8.24,15.95,"[""Comedy""]",17,0.723,0.343
USR-10408,4.73,26.1,"[""Comedy"", ""Drama"", ""Silent Cinema""]",3,0.403,0.699
USR-6493,10.64,31.02,"[""Animation"", ""Comedy"", ""Romance"", ""Esports Highlights""]",23,0.596,0.253
USR-8424,29.57,64.92,"[""Sci-Fi"", ""Crime"", ""Mystery"", ""Romance""]",14,0.768,0.444
USR-4129,49.38,89.48,"[""Thriller"", ""Sci-Fi"", ""Action""]",16,0.801,0.357
USR-2742,37.46,86.21,"[""Thriller"", ""Sci-Fi""]",22,0.769,0.318
USR-6781,5.56,29.79,"[""Animation"", ""Comedy""]",19,0.832,0.478
USR-4131,46.54,85.74,"[""Action"", ""Thriller""]",17,0.928,0.411
USR-2794,20.75,78.48,"[""Thriller"", ""Sci-Fi""]",21,0.78,0.3
USR-10547,1.83,40.01,"[""Drama"", ""Comedy""]",7,0.445,0.676
USR-4884,10.27,28.73,"[""Comedy""]",20,0.815,0.371
USR-4942,2.9,26.65,"[""Comedy"", ""Animation"", ""Romance""]",20,0.657,0.311
USR-9476,2.68,35.05,"[""Family""]",8,0.455,0.889
USR-9451,4.69,34.01,"[""Drama""]",7,0.262,0.817
USR-2079,36.63,120.35,"[""Sci-Fi"", ""Action"", ""Thriller""]",22,0.839,0.4
USR-7323,19.11,75.44,"[""Adventure"", ""Romance"", ""Crime"", ""Drama"", ""Mystery""]",17,0.721,0.318
USR-8564,29.73,65.63,"[""Mystery"", ""Sci-Fi"", ""Drama""]",25,0.764,0.446
USR-7909,21.66,,"[""Romance"", ""Adventure"", ""Drama"", ""Mystery""]",30,0.68,0.613
USR-9178,28.16,46.57,"[""Sci-Fi"", ""Mystery"", ""Romance"", ""Documentary"", ""Drama""]",25,0.91,0.487
USR-7433,20.48,62.26,"[""Drama"", ""Sci-Fi"", ""Romance"", ""Documentary"", ""Adventure""]",31,0.87,0.47
USR-3070,33.34,96.65,"[""Sci-Fi"", ""Thriller""]",15,0.932,0.376
USR-7139,34.74,56.87,"[""Sci-Fi"", ""Adventure"", ""Romance"", ""Documentary"", ""Crime""]",16,0.838,0.54
USR-2627,30.31,89.13,"[""Action"", ""Thriller"", ""Sci-Fi"", ""Adventure""]",28,0.711,0.37
USR-1959,47.46,101.05,"[""Thriller"", ""Sci-Fi""]",27,0.841,0.452
USR-3214,40.0,85.8,"[""Sci-Fi"", ""Action"", ""Thriller""]",26,0.855,0.389
USR-2670,51.19,59.3,"[""Sci-Fi"", ""Thriller""]",27,0.84,0.386
USR-9690,1.61,48.16,,5,0.385,0.712
USR-4609,10.57,23.16,"[""Animation"", ""Comedy""]",16,0.556,0.346
USR-3056,33.18,101.72,"[""Action"", ""Thriller""]",16,0.601,0.442
USR-8414,34.23,52.06,"[""Romance"", ""Sci-Fi"", ""Mystery"", ""Documentary""]",32,0.819,0.396
USR-2632,30.43,77.1,"[""Sci-Fi"", ""Thriller""]",27,0.919,0.399
USR-4534,13.0,23.33,"[""Comedy""]",25,0.553,0.157
USR-7672,27.3,66.82,"[""Crime"", ""Romance"", ""Drama"", ""Sci-Fi""]",40,0.671,0.463
USR-1656,35.93,92.04,"[""Thriller"", ""Sci-Fi"", ""Crime""]",32,0.929,0.28
USR-7058,22.1,60.78,"[""Sci-Fi"", ""Romance"", ""Adventure""]",22,0.826,0.344
USR-4016,37.91,84.82,"[""Action"", ""Sci-Fi"", ""Adventure""]",28,0.856,0.625
USR-8567,23.93,45.47,"[""Documentary"", ""Romance"", ""Adventure"", ""Sci-Fi""]",19,0.682,0.485
USR-9332,3.58,26.53,"[""Drama"", ""Family"", ""Esports Highlights""]",3,0.165,0.624
USR-1543,26.66,79.41,"[""Thriller"", ""Action"", ""Sci-Fi""]",25,0.805,0.59
USR-2370,35.25,88.13,"[""Thriller"", ""Sci-Fi"", ""Action""]",26,0.788,0.489
USR-8082,33.99,53.9,"[""Crime"", ""Sci-Fi"", ""Romance""]",23,0.751,0.594
USR-5124,11.09,33.42,"[""Animation"", ""Comedy""]",17,0.791,0.328
USR-3909,35.29,86.29,"[""Action"", ""Sci-Fi"", ""Thriller""]",23,0.797,0.447
USR-8284,12.0,47.72,"[""Documentary"", ""Sci-Fi"", ""Romance"", ""Mystery"", ""Crime""]",25,0.791,0.502
USR-6637,11.65,20.82,"[""Animation""]",30,0.566,0.358
USR-4888,8.67,28.59,"[""Animation"", ""Comedy"", ""Romance""]",27,0.671,0.293
USR-4622,10.28,27.21,"[""Comedy"", ""Animation""]",15,0.645,0.339
USR-9668,1.53,13.0,"[""Family""]",7,0.301,0.657
USR-6362,6.51,19.6,"[""Animation""]",23,0.668,0.154
USR-4694,4.62,20.74,"[""Animation""]",18,0.652,0.348
USR-3944,33.03,,"[""Sci-Fi"", ""Action""]",18,0.754,0.432
USR-4946,10.02,30.98,"[""Comedy"", ""Animation"", ""Romance""]",17,0.703,0.377
USR-10931,3.53,25.19,"[""Comedy""]",3,0.538,0.717
USR-7904,29.2,56.75,"[""Drama"", ""Sci-Fi"", ""Romance"", ""Documentary"", ""Adventure""]",28,0.715,0.433
USR-9349,1.9,45.08,"[""Drama"", ""Family""]",5,0.43,0.663
USR-9548,3.78,,"[""Family"", ""Comedy""]",7,0.432,0.607
USR-1361,41.03,77.69,"[""Sci-Fi"", ""Thriller"", ""Action"", ""Adventure""]",17,0.88,0.38
USR-9331,2.23,10.0,"[""Comedy""]",3,0.204,0.744
USR-1961,37.92,90.93,"[""Thriller"", ""Action"", ""Sci-Fi"", ""Crime""]",19,0.832,0.539
USR-9799,3.02,10.6,"[""Comedy"", ""Drama""]",8,0.488,0.601
USR-1102,39.75,62.33,"[""Sci-Fi"", ""Action"", ""Thriller""]",22,0.766,0.242
USR-9854,3.45,40.03,"[""Comedy""]",5,0.498,0.812
USR-10559,3.55,22.63,"[""Comedy""]",6,0.472,0.843
USR-10434,1.99,51.71,,7,0.466,0.614
USR-8587,22.32,42.62,"[""Crime"", ""Sci-Fi"", ""Adventure"", ""Mystery"", ""Romance""]",33,0.599,0.513
USR-7436,30.34,67.43,"[""Romance"", ""Adventure"", ""Crime"", ""Sci-Fi"", ""Drama""]",33,0.766,0.28
USR-4001,48.31,77.89,"[""Thriller"", ""Sci-Fi"", ""Adventure""]",33,0.944,0.299
USR-7973,26.05,55.69,"[""Crime"", ""Sci-Fi"", ""Romance"", ""Adventure"", ""Drama""]",33,0.762,0.531
USR-9547,2.92,17.18,"[""Family"", ""Comedy""]",6,0.262,0.672
USR-1857,35.68,85.89,"[""Sci-Fi"", ""Action""]",32,0.792,0.593
USR-7154,32.52,39.45,"[""Documentary"", ""Romance"", ""Adventure""]",26,0.831,0.477
USR-1591,36.25,92.9,"[""Thriller"", ""Sci-Fi""]",25,0.994,0.582
USR-7432,27.27,57.79,"[""Drama"", ""Romance"", ""Documentary"", ""Mystery""]",26,0.866,0.602
USR-9940,0.91,22.18,[],7,0.361,0.632
USR-8038,31.27,39.58,"[""Mystery"", ""Sci-Fi"", ""Romance"", ""Documentary""]",22,0.773,0.387
USR-10125,1.16,40.12,"[""Family""]",8,0.46,0.51
USR-9405,0.1,25.99,"[""Drama""]",3,0.485,0.916
USR-4394,7.95,25.09,"[""Comedy"", ""Animation""]",15,0.666,0.495
USR-6432,10.54,22.49,"[""Comedy"", ""Animation""]",29,0.71,0.382
USR-7648,19.22,54.92,"[""Sci-Fi"", ""Documentary"", ""Adventure"", ""Crime"", ""Mystery""]",27,0.808,0.568
USR-1648,23.98,128.32,"[""Thriller"", ""Action""]",31,0.814,0.371
USR-5904,9.62,15.09,"[""Comedy""]",23,0.57,0.475
USR-7004,20.05,76.29,"[""Romance"", ""Documentary"", ""Sci-Fi""]",25,0.603,0.631
USR-4321,,28.34,"[""Comedy"", ""Animation"", ""Romance""]",15,0.582,0.309
USR-10926,,32.05,"[""Drama"", ""Comedy""]",2,0.365,0.901
USR-3486,40.18,100.37,"[""Thriller"", ""Action"", ""Sci-Fi""]",27,0.89,0.526
USR-4944,10.014484947421801,26.26,"[""Animation"", ""Comedy""]",15,0.679,0.435
USR-5662,9.05,25.49,"[""Animation"", ""Comedy""]",18,0.777,0.275
USR-5100,6.69,17.55,"[""Animation""]",28,0.766,0.34
USR-8446,21.35,57.75,"[""Sci-Fi"", ""Drama"", ""Romance""]",27,0.783,0.511
USR-1246,36.12,103.11,"[""Sci-Fi"", ""Thriller"", ""Action""]",14,0.954,0.254
USR-8829,22.89,62.75,"[""Drama"", ""Documentary"", ""Romance"", ""Crime""]",15,0.73,0.452
USR-2781,-22.237784797071008,85.58,"[""Action"", ""Sci-Fi"", ""Crime""]",22,0.846,0.47
USR-10645,2.72,53.02,"[""Drama"", ""Comedy""]",5,0.423,0.67
USR-2672,40.49,106.5,"[""Action"", ""Thriller""]",30,0.894,0.384
USR-9279,20.34,70.35,"[""Mystery"", ""Crime"", ""Romance""]",23,0.713,0.75
USR-1334,42.55,81.66,"[""Sci-Fi"", ""Thriller""]",18,0.812,0.523
USR-2146,46.63,102.04,"[""Thriller"", ""Sci-Fi""]",23,0.876,0.254
USR-10105,3.3,29.87,"[""Comedy"", ""Family""]",6,0.56,0.485
USR-9611,3.47,23.07,"[""Comedy"", ""Family""]",7,0.452,0.531
USR-1264,39.59,82.55,"[""Sci-Fi"", ""Thriller"", ""Action"", ""Crime""]",24,0.787,0.389
USR-6654,8.04,22.1,"[""Comedy"", ""Animation""]",21,0.676,0.357
USR-5487,9.64,22.04,"[""Comedy""]",26,0.56,0.463
USR-2091,42.67,100.98,"[""Action"", ""Thriller"", ""Adventure"", ""Esports Highlights""]",20,0.772,0.369
USR-10989,5.56,35.38,"[""Comedy"", ""Drama""]",7,0.451,0.661
USR-8239,21.64,54.74,"[""Sci-Fi"", ""Drama"", ""Romance"", ""Mystery""]",34,0.691,0.763
USR-8816,22.98,78.82,"[""Mystery"", ""Crime"", ""Documentary""]",24,0.688,0.417
USR-2433,30.62,127.83,"[""Thriller"", ""Action"", ""Sci-Fi""]",33,0.849,0.309
USR-1766,27.46,87.02,"[""Thriller"", ""Sci-Fi"", ""Action"", ""Crime""]",20,0.821,0.47
USR-10814,5.18,36.28,"[""Family""]",6,0.358,0.912
USR-4245,6.9,26.1,"[""Comedy"", ""Animation""]",23,0.948,0.272
USR-8882,23.86,50.49,"[""Documentary"", ""Adventure"", ""Sci-Fi"", ""Mystery"", ""Drama""]",25,0.6,0.614
USR-1368,37.71,86.24,"[""Sci-Fi"", ""Action""]",22,0.749,0.479
USR-8130,18.56,48.49,"[""Documentary"", ""Drama"", ""Romance"", ""Sci-Fi"", ""Mystery""]",29,0.776,0.668
USR-4449,8.31,23.95,"[""Comedy"", ""Animation""]",19,0.532,0.255
USR-10060,2.67,33.2,"[""Family""]",3,0.285,0.717
USR-10566,4.2,41.66,"[""Drama"", ""Family""]",3,0.366,0.897
USR-8258,29.87,53.36,"[""Drama"", ""Documentary"", ""Mystery"", ""Crime""]",30,0.869,0.495
USR-9439,2.71,39.76,"[""Family""]",7,0.497,0.805
USR-5817,12.33,21.59,"[""Animation"", ""Comedy""]",26,0.697,0.363
USR-7189,30.9,51.79,"[""Adventure"", ""Drama"", ""Mystery"", ""Romance"", ""Sci-Fi""]",33,0.736,0.44
USR-4934,8.93,18.08,"[""Comedy"", ""Animation"", ""Romance""]",14,0.687,0.417
USR-8022,27.968802240913057,68.38,"[""Crime"", ""Documentary"", ""Mystery"", ""Sci-Fi"", ""Romance""]",22,0.788,0.32
USR-7553,21.63,47.68,"[""Drama"", ""Documentary"", ""Crime""]",36,0.636,0.54
USR-2156,43.14,99.03,"[""Action"", ""Thriller"", ""Sci-Fi""]",21,0.871,0.583
USR-7381,22.34,47.9,"[""Adventure"", ""Sci-Fi"", ""Romance"", ""Crime"", ""Drama""]",32,0.716,0.655
USR-3426,33.863638503080416,112.58,"[""Thriller"", ""Action"", ""Sci-Fi""]",17,0.835,0.42
USR-1077,23.97,87.08,"[""Sci-Fi"", ""Action""]",25,0.984,0.453
USR-2964,34.68,116.16,"[""Action"", ""Sci-Fi"", ""Thriller""]",29,0.851,0.462
USR-2836,40.8,,"[""Action"", ""Sci-Fi"", ""Adventure""]",26,0.774,0.448
USR-5641,7.78,24.93,"[""Animation"", ""Comedy"", ""Romance""]",29,0.758,0.187
USR-5148,7.19,18.36,"[""Animation"", ""Comedy"", ""Romance""]",16,0.645,0.287
USR-8158,20.35,50.2,"[""Romance"", ""Sci-Fi"", ""Documentary"", ""Crime"", ""Mystery""]",41,0.846,0.518
USR-9604,4.51,38.07,"[""Drama""]",3,0.396,0.541
USR-4080,34.55,94.78,"[""Sci-Fi"", ""Thriller""]",40,0.793,0.506
USR-10632,4.64,31.24,"[""Comedy""]",9,0.411,0.646
USR-4376,7.88,31.4,"[""Animation""]",24,0.586,0.393
USR-5140,14.07,24.53,"[""Comedy""]",25,0.686,0.271
USR-2916,32.55,107.11,"[""Thriller"", ""Action""]",29,0.668,0.422
USR-1004,21.95,84.38,"[""Sci-Fi"", ""Thriller""]",25,0.758,0.458
USR-5193,7.8,25.1,"[""Comedy"", ""Animation""]",17,0.527,0.347
USR-1705,48.5,97.13,"[""Thriller"", ""Action""]",25,0.822,0.412
USR-1291,34.21,83.98,"[""Action"", ""Sci-Fi""]",28,0.911,0.556
USR-5344,8.81,23.35,"[""Animation""]",25,0.68,0.231
USR-2255,24.81,88.48,"[""Thriller"", ""Sci-Fi""]",19,0.856,0.563
USR-9757,3.09,27.91,[],3,0.358,0.723
USR-4885,10.58,22.09,"[""Comedy"", ""Animation""]",15,0.742,0.258
USR-5748,10.58,27.11,"[""Comedy"", ""Animation""]",20,0.628,0.26
USR-5683,9.81,22.44,"[""Animation"", ""Comedy""]",13,0.761,0.356
USR-10514,-13.752968947233333,27.44,"[""Drama""]",8,0.207,0.782
USR-7096,13.17,50.59,"[""Adventure"", ""Drama"", ""Romance""]",20,0.795,0.443
USR-2331,30.26,93.93,"[""Thriller"", ""Sci-Fi""]",30,0.93,0.429
USR-1136,46.17,110.44,"[""Action"", ""Sci-Fi"", ""Adventure""]",26,1.0,0.351
USR-10389,1.99,,"[""Comedy""]",5,0.211,0.614
USR-2384,27.16,77.18,"[""Thriller"", ""Sci-Fi""]",26,0.781,0.487
USR-5191,10.4,30.26,"[""Animation""]",21,0.728,0.489
USR-8214,31.88,61.13,"[""Mystery"", ""Crime"", ""Adventure"", ""Drama"", ""Sci-Fi""]",22,0.824,0.266
USR-10120,3.21,43.34,"[""Comedy"", ""Family""]",3,0.473,0.645
USR-1669,31.69,93.86,"[""Action"", ""Thriller""]",34,0.808,0.419
USR-5739,8.29,18.43,"[""Comedy""]",32,0.718,0.234
USR-2594,47.96,102.26,"[""Sci-Fi"", ""Thriller""]",20,0.766,0.457
USR-6911,33.72,59.09,"[""Drama"", ""Sci-Fi"", ""Mystery""]",41,0.792,0.435
USR-8941,25.2,71.3,"[""Drama"", ""Adventure"", ""Documentary"", ""Crime"", ""Sci-Fi""]",19,0.789,0.41
USR-4858,6.05,22.01,"[""Comedy"", ""Animation""]",15,0.558,0.357
USR-3875,34.9,92.39,"[""Sci-Fi"", ""Thriller"", ""Action""]",28,0.864,0.421
USR-8451,,66.13,"[""Drama"", ""Crime"", ""Adventure""]",32,0.753,0.623
USR-10973,4.76,36.58,"[""Comedy""]",2,0.382,0.7
USR-4149,54.85,73.64,"[""Sci-Fi"", ""Thriller"", ""Action""]",19,0.955,0.391
USR-5369,6.09,21.5,"[""Animation"", ""Comedy""]",24,0.937,0.407
USR-9198,23.77,53.37,"[""Romance"", ""Documentary"", ""Mystery"", ""Crime""]",18,0.879,0.455
USR-1331,34.45,91.57,"[""Thriller"", ""Sci-Fi""]",20,0.778,0.494
USR-3148,42.22,112.17,"[""Thriller"", ""Sci-Fi"", ""Adventure""]",30,0.823,0.481
USR-4602,9.14,23.94,"[""Animation"", ""Comedy""]",19,0.708,0.234
USR-5304,12.3,18.73,"[""Animation"", ""Comedy"", ""Romance""]",22,0.569,0.289
USR-1971,34.62,81.42,"[""Sci-Fi"", ""Thriller"", ""Action""]",26,0.694,0.308
USR-4783,6.3,33.9,"[""Animation""]",15,0.623,0.146
USR-10028,0.1,25.43,"[""Family"", ""Comedy""]",6,0.456,0.67
USR-3471,40.65,97.01,"[""Action"", ""Thriller"", ""Adventure""]",25,0.901,0.441
USR-9469,3.07,30.96,"[""Family"", ""Comedy""]",7,0.309,0.646
USR-2958,37.05,114.69,"[""Thriller"", ""Sci-Fi""]",23,0.86,0.442
USR-8002,19.54,51.53,"[""Romance"", ""Documentary"", ""Crime"", ""Mystery"", ""Adventure""]",25,0.774,0.65
USR-4827,4.82,26.82,"[""Animation"", ""Romance""]",22,0.526,0.31
USR-10438,4.61,38.62,"[""Drama"", ""Comedy""]",2,0.401,0.843
USR-4022,37.59,106.36,"[""Thriller"", ""Sci-Fi"", ""Silent Cinema""]",32,0.909,0.361
USR-3795,33.22,110.69,"[""Thriller"", ""Action""]",15,1.0,0.352
USR-4144,38.69,101.78,"[""Sci-Fi"", ""Action"", ""Thriller""]",22,0.892,0.367
USR-2559,36.37,102.91,"[""Thriller"", ""Action""]",26,0.897,0.315
USR-2023,40.88,111.99,"[""Action"", ""Thriller""]",28,0.864,0.546
USR-9442,3.84,33.8,"[""Comedy"", ""Family""]",5,0.427,0.706
USR-7693,19.26,56.75,"[""Documentary"", ""Adventure"", ""Drama"", ""Crime"", ""Mystery""]",15,0.787,0.43
USR-3408,36.46,104.51,"[""Sci-Fi"", ""Action"", ""Thriller""]",16,0.835,0.547
USR-9928,4.04,37.68,"[""Drama"", ""Family""]",5,0.376,0.895
USR-6327,10.29,24.76,"[""Comedy"", ""Animation""]",23,0.588,0.221
USR-5519,5.55,26.16,"[""Animation"", ""Comedy""]",20,0.714,0.454
USR-3708,39.94,85.2,"[""Action"", ""Sci-Fi"", ""Thriller""]",30,0.764,0.371
USR-8901,36.73,61.57,"[""Romance"", ""Crime"", ""Drama"", ""Documentary""]",38,0.77,0.551
USR-3808,46.28,96.87,"[""Thriller"", ""Sci-Fi"", ""Adventure""]",25,0.927,0.399
USR-8672,23.6,55.75,"[""Mystery"", ""Sci-Fi"", ""Documentary"", ""Drama"", ""Crime""]",27,0.682,0.489
USR-3418,31.87,101.21,"[""Sci-Fi"", ""Action""]",19,0.847,0.345
USR-2761,47.22,108.86,"[""Thriller"", ""Sci-Fi""]",25,0.944,0.343
USR-3190,39.02,92.16,"[""Action"", ""Thriller"", ""Sci-Fi""]",29,0.833,0.476
USR-5421,6.64,20.26,"[""Comedy"", ""Animation""]",25,0.739,0.316
USR-7063,24.08,57.98,"[""Documentary"", ""Romance"", ""Mystery"", ""Drama""]",32,0.881,0.371
USR-4915,8.09,22.64,"[""Comedy"", ""Animation"", ""Romance""]",26,0.709,0.371
USR-4380,10.65,27.1,"[""Animation"", ""Comedy""]",25,0.669,0.188
USR-2340,37.19,116.77,"[""Sci-Fi"", ""Action""]",13,0.862,0.387
USR-9303,3.96,27.17,"[""Drama""]",7,0.497,0.983
USR-1796,29.22,71.91,"[""Thriller"", ""Action"", ""Sci-Fi"", ""Adventure""]",21,0.697,0.365
USR-8607,24.0,65.52,"[""Sci-Fi"", ""Adventure"", ""Crime""]",20,0.879,0.461
USR-8976,23.0,70.73,"[""Sci-Fi"", ""Romance"", ""Mystery""]",25,0.787,0.382
USR-7881,35.24,62.23,"[""Drama"", ""Crime"", ""Documentary"", ""Mystery""]",19,0.666,0.532
USR-8689,25.02,58.5,"[""Drama"", ""Documentary"", ""Crime""]",27,0.793,0.464
USR-10447,2.97,38.68,"[""Comedy""]",7,0.553,0.681
USR-8210,25.89,73.58,"[""Documentary"", ""Drama"", ""Sci-Fi""]",37,0.836,0.6
USR-10034,1.6,29.72,"[""Drama"", ""Comedy""]",1,0.471,0.821
USR-7880,21.16,57.54,,21,0.716,0.62
USR-6027,6.4,22.12,"[""Animation"", ""Comedy""]",19,0.648,0.366
USR-1145,52.63,83.74,[],24,0.758,0.479
USR-6130,8.19,22.66,"[""Animation"", ""Comedy""]",16,0.743,0.218
USR-7726,23.8,72.66,"[""Adventure"", ""Romance"", ""Crime"", ""Sci-Fi""]",19,0.735,0.362
USR-3520,25.4,90.0,"[""Action"", ""Thriller"", ""Sci-Fi""]",26,0.898,0.282
USR-3459,34.74,102.64,"[""Action"", ""Sci-Fi"", ""Thriller""]",31,0.738,0.676
USR-1684,46.99,81.87,"[""Thriller"", ""Sci-Fi"", ""Action""]",24,0.917,0.565
USR-8323,35.54,60.7,"[""Crime"", ""Romance"", ""Sci-Fi"", ""Drama"", ""Adventure""]",32,0.865,0.496
USR-7389,29.11,60.76,"[""Crime"", ""Drama"", ""Documentary"", ""Sci-Fi""]",22,0.78,0.414
USR-4904,8.04,33.78,"[""Animation"", ""Comedy""]",28,0.705,0.227
USR-4071,31.0,108.3,"[""Thriller"", ""Action"", ""Sci-Fi""]",25,0.716,0.31
USR-10890,3.12,41.62,"[""Family"", ""Comedy""]",7,0.274,0.882
USR-7696,,46.45,"[""Crime"", ""Drama"", ""Mystery""]",18,0.678,0.391
USR-6212,6.99,28.2,"[""Comedy"", ""Animation""]",16,0.632,0.334
USR-2784,40.64,93.96,"[""Sci-Fi"", ""Action"", ""Thriller""]",25,0.911,0.378
USR-5334,9.57,20.6,"[""Comedy"", ""Animation""]",18,0.559,0.347
USR-8627,29.65,55.73,"[""Drama"", ""Romance"", ""Crime"", ""Documentary""]",23,0.969,0.374
USR-3234,33.99,95.49,"[""Sci-Fi"", ""Action"", ""Thriller""]",22,0.936,0.444
USR-3406,48.7,86.71,"[""Thriller"", ""Sci-Fi"", ""Action""]",21,0.805,0.29
USR-7422,31.45,52.04,"[""Documentary"", ""Crime"", ""Adventure"", ""Sci-Fi"", ""Drama""]",20,0.807,0.739
USR-2473,29.65,99.02,"[""Sci-Fi"", ""Action"", ""Thriller""]",24,0.696,0.328
USR-8855,23.11,68.14,"[""Adventure"", ""Drama"", ""Mystery"", ""Sci-Fi""]",20,0.741,0.485
USR-6636,6.13,20.48,"[""Comedy"", ""Animation""]",19,0.693,0.328
USR-10039,,36.24,"[""Family"", ""Drama""]",4,0.329,0.629
USR-6528,9.94,24.85,"[""Comedy"", ""Animation""]",21,0.614,0.209
USR-5851,14.69,18.39,"[""Comedy"", ""Animation""]",11,0.74,0.423
USR-10941,4.1,28.84,"[""Drama""]",8,0.224,0.937
USR-9056,24.37,50.17,"[""Drama"", ""Adventure"", ""Romance"", ""Crime"", ""Sci-Fi""]",31,0.857,0.648
USR-4769,7.67,16.76,"[""Comedy"", ""Animation""]",22,0.608,0.141
USR-9275,22.98,65.52,"[""Adventure"", ""Crime"", ""Sci-Fi"", ""Drama""]",28,0.741,0.596
USR-6618,8.02,33.89,"[""Animation"", ""Comedy""]",25,0.694,0.214
USR-8746,26.81,71.54,"[""Crime"", ""Documentary"", ""Adventure""]",30,0.817,0.448
USR-8610,29.28,60.12,"[""Sci-Fi"", ""Crime"", ""Romance"", ""Adventure""]",30,0.779,0.501
USR-1001,41.73,90.06,"[""Sci-Fi"", ""Thriller"", ""Crime""]",28,0.972,0.397
USR-10242,5.18,21.81,"[""Comedy""]",8,0.304,0.732
USR-1544,28.79,88.75,"[""Action"", ""Sci-Fi""]",17,0.959,0.415
USR-8886,18.93,57.57,"[""Romance"", ""Adventure"", ""Crime"", ""Drama""]",32,0.796,0.626
USR-1350,24.8,97.59,"[""Action"", ""Sci-Fi""]",28,0.88,0.581
USR-7753,22.93,65.42,"[""Crime"", ""Documentary"", ""Mystery""]",30,0.69,0.612
USR-9149,17.99,70.88,"[""Adventure"", ""Crime"", ""Sci-Fi"", ""Romance"", ""Documentary""]",37,0.74,0.62
USR-4747,4.16,18.66,"[""Animation"", ""Comedy""]",22,0.605,0.556
USR-6462,12.48,23.99,"[""Comedy"", ""Animation"", ""Romance""]",20,0.514,0.494
USR-1458,32.49,100.52,"[""Sci-Fi"", ""Action""]",28,0.855,0.512
USR-5293,6.72,25.65,"[""Comedy""]",20,0.755,0.543
USR-5211,8.5,32.15,"[""Animation"", ""Romance""]",24,0.595,0.215
USR-4743,,30.84,"[""Animation"", ""Comedy""]",35,0.691,0.228
USR-9934,1.3,23.64,"[""Comedy""]",5,0.489,0.831
USR-7872,22.23,47.0,"[""Crime"", ""Sci-Fi"", ""Documentary""]",22,0.666,0.507
USR-2459,46.29,57.33,"[""Thriller"", ""Action""]",22,0.868,0.59
USR-1132,29.17,104.63,"[""Thriller"", ""Sci-Fi"", ""Action"", ""Adventure""]",32,0.871,0.467
USR-3390,29.29,74.5,"[""Sci-Fi"", ""Thriller""]",28,0.707,0.323
USR-2703,39.82,94.29,"[""Thriller"", ""Sci-Fi"", ""Action""]",20,0.801,0.552
USR-10149,2.76,30.31,"[""Drama"", ""Family""]",7,0.41,0.799
USR-7051,15.68,54.89,"[""Adventure"", ""Mystery"", ""Sci-Fi"", ""Drama"", ""Documentary""]",30,0.77,0.593
USR-6822,8.19,28.23,"[""Animation""]",21,0.771,0.483
USR-4289,6.53,25.79,"[""Animation""]",17,0.787,0.349
USR-3626,30.61,89.39,"[""Thriller"", ""Action""]",29,0.831,0.388
USR-4533,9.47,18.9,"[""Animation"", ""Comedy""]",18,0.691,0.59
USR-6928,28.62,54.48,"[""Mystery"", ""Drama"", ""Sci-Fi"", ""Documentary"", ""Crime""]",31,0.792,0.494
USR-10511,2.54,14.0,"[""Drama"", ""Family""]",7,0.594,0.621
USR-9347,4.49,24.27,"[""Comedy""]",8,0.214,0.618
USR-4246,3.69,31.14,"[""Comedy"", ""Animation""]",13,0.628,0.289
USR-4636,10.14,27.1,"[""Animation"", ""Comedy""]",21,0.744,0.322
USR-5195,5.06,19.51,"[""Animation"", ""Comedy""]",11,0.83,0.366
USR-1593,38.54,77.09,"[""Thriller"", ""Action""]",24,0.833,0.414
USR-8181,27.28,56.08,"[""Adventure"", ""Romance"", ""Drama"", ""Mystery"", ""Documentary""]",29,0.827,0.573
USR-7562,23.51,63.09,"[""Mystery"", ""Adventure"", ""Crime"", ""Sci-Fi""]",30,0.84,0.474
USR-5160,9.549646113255193,18.02,"[""Animation"", ""Comedy""]",35,0.792,0.284
USR-6675,8.97,28.65,"[""Animation"", ""Comedy""]",36,0.611,0.4
USR-6641,12.24,25.15,"[""Comedy"", ""Animation""]",20,0.776,0.471
USR-2394,45.25,119.79,"[""Action"", ""Sci-Fi""]",21,0.849,0.355
USR-9197,29.73,51.28,"[""Drama"", ""Documentary"", ""Sci-Fi"", ""Crime"", ""Mystery""]",26,0.79,0.538
USR-5186,,20.76,"[""Comedy"", ""Animation""]",23,0.518,0.566
USR-7624,39.0,54.41,"[""Documentary"", ""Mystery"", ""Crime"", ""Adventure"", ""Romance""]",34,0.784,0.441
USR-3651,36.64,70.93,"[""Action"", ""Thriller"", ""Sci-Fi""]",18,0.975,0.483
USR-8078,26.63,35.95,"[""Adventure"", ""Drama"", ""Romance"", ""Crime""]",24,0.861,0.278
USR-4393,6.7,29.69,"[""Animation"", ""Comedy""]",27,0.539,0.386
USR-8274,30.79,77.8,"[""Drama"", ""Adventure"", ""Documentary"", ""Mystery""]",23,0.807,0.66
USR-2624,39.1,93.24,"[""Thriller"", ""Action""]",15,0.779,0.374
USR-3320,36.75,84.72,"[""Sci-Fi"", ""Action""]",26,0.729,0.346
USR-9444,2.79,48.06,"[""Family"", ""Drama""]",7,0.522,0.776
USR-9542,3.52,28.98,"[""Drama""]",7,0.23,0.9
USR-3289,50.46,85.88,"[""Thriller"", ""Action"", ""Sci-Fi""]",25,0.864,0.304
USR-2513,50.14,87.55,"[""Thriller"", ""Action""]",21,0.852,0.521
USR-5984,9.37,21.02,"[""Animation"", ""Comedy""]",14,0.609,0.559
USR-1266,37.46,104.22,"[""Thriller"", ""Sci-Fi"", ""Action""]",21,0.838,0.49
USR-3693,42.46,74.8,"[""Thriller"", ""Sci-Fi"", ""Action"", ""Crime""]",23,0.946,0.301
USR-8641,32.49,59.52,"[""Adventure"", ""Sci-Fi"", ""Documentary"", ""Romance""]",32,0.852,0.44
USR-9319,3.69,26.23,"[""Drama""]",4,0.339,0.706
USR-4938,6.22,,"[""Animation"", ""Romance""]",19,0.693,0.327
USR-8493,19.57,64.31,"[""Drama"", ""Documentary"", ""Crime""]",13,0.85,0.389
USR-2517,41.95,86.77,"[""Action"", ""Sci-Fi""]",17,0.753,0.297
USR-3518,46.82,82.48,"[""Sci-Fi"", ""Thriller"", ""Action""]",28,0.842,0.377
USR-4335,3.63,21.91,[],16,0.576,0.187
USR-4081,42.03,101.01,"[""Sci-Fi"", ""Thriller""]",29,0.893,0.45
USR-6770,6.06,26.92,"[""Animation"", ""Comedy""]",27,0.685,0.333
USR-1317,38.25,,"[""Thriller"", ""Action""]",23,0.776,0.509
USR-7679,26.74,60.68,"[""Documentary"", ""Romance"", ""Drama"", ""Adventure""]",24,0.764,0.349
USR-5481,10.13,28.22,"[""Animation"", ""Comedy""]",16,0.647,0.352
USR-9988,4.31,36.46,"[""Comedy""]",6,0.306,0.602
USR-3733,42.43,78.73,"[""Thriller"", ""Sci-Fi""]",33,0.814,0.33
USR-3690,42.05,87.61,"[""Action"", ""Sci-Fi"", ""Adventure""]",23,0.783,0.503
USR-7474,35.39,56.48,"[""Adventure"", ""Mystery"", ""Documentary"", ""Romance""]",21,0.876,0.558
USR-10371,5.52,31.39,"[""Family""]",6,0.311,0.685
USR-9918,3.38,28.79,"[""Family""]",4,0.301,0.689
USR-5048,11.38,22.15,"[""Comedy"", ""Animation""]",22,0.638,0.412
USR-3287,,103.85,"[""Action"", ""Sci-Fi"", ""Thriller""]",16,0.869,0.403
USR-7370,29.92,48.98,"[""Adventure"", ""Drama"", ""Mystery"", ""Crime""]",20,0.889,0.163
USR-8574,38.1,41.29,"[""Drama"", ""Sci-Fi"", ""Romance""]",24,0.879,0.543
USR-1104,46.58,95.05,"[""Sci-Fi"", ""Thriller"", ""Action""]",36,0.905,0.549
USR-3158,45.25,79.47,"[""Sci-Fi"", ""Action"", ""Thriller""]",18,0.933,0.435
USR-4661,5.23,27.44,"[""Animation"", ""Comedy""]",25,0.603,0.346
USR-1953,43.47,78.97,"[""Action"", ""Sci-Fi""]",25,0.905,0.213
USR-2804,37.9,89.35,"[""Sci-Fi"", ""Action"", ""Adventure""]",21,0.941,0.449
USR-6082,8.31,25.43,"[""Animation"", ""Comedy""]",21,0.597,0.384
USR-5130,8.3,29.02,"[""Comedy"", ""Animation""]",17,0.611,0.234
USR-9562,4.52,25.79,"[""Family"", ""Drama""]",4,0.428,0.44
USR-6791,7.51,,"[""Comedy"", ""Animation""]",14,0.59,0.262
USR-5769,7.63,22.91,"[""Comedy"", ""Animation""]",18,0.794,0.377
USR-3493,36.81,82.51,"[""Action"", ""Thriller""]",22,0.811,0.623
USR-7785,27.46,65.44,"[""Drama"", ""Adventure"", ""Sci-Fi""]",16,0.924,0.177
USR-10745,3.9,37.25,"[""Drama""]",4,0.546,0.649
USR-5231,11.54,20.77,"[""Animation"", ""Comedy""]",24,0.652,0.256
USR-3755,33.71,64.99,"[""Sci-Fi"", ""Action"", ""Thriller"", ""Crime""]",22,0.813,0.573
USR-8920,17.85,41.0,"[""Drama"", ""Crime"", ""Romance"", ""Adventure""]",23,0.727,0.389
USR-4598,8.99,17.48,"[""Comedy"", ""Romance""]",21,0.492,0.203
USR-3686,48.74,103.46,"[""Sci-Fi"", ""Action""]",33,0.905,0.6
USR-6595,9.6,25.26,"[""Animation""]",24,0.625,0.36
USR-8918,19.89,55.98,"[""Sci-Fi"", ""Adventure"", ""Mystery"", ""Documentary""]",22,0.803,0.526
USR-1287,26.22,91.78,"[""Sci-Fi"", ""Action""]",24,0.806,0.524
USR-9096,27.22,37.45,"[""Romance"", ""Mystery"", ""Crime"", ""Documentary""]",9,0.651,0.565
USR-7836,24.38,57.86,"[""Sci-Fi"", ""Documentary"", ""Adventure""]",23,0.791,0.5
USR-3021,42.17,82.69,"[""Action"", ""Sci-Fi"", ""Thriller""]",20,0.772,0.486
USR-4947,8.89,30.75,"[""Comedy"", ""Animation""]",18,0.758,0.429
USR-3761,36.49,110.59,"[""Thriller"", ""Action""]",26,0.844,0.416
USR-1009,23.93,72.87,"[""Sci-Fi"", ""Action"", ""Thriller""]",28,0.777,0.468
USR-6291,7.56,25.82,"[""Comedy"", ""Animation"", ""Experimental Indie Noir""]",19,0.715,0.516
USR-10775,4.08,37.74,"[""Drama""]",3,0.402,0.757
USR-7040,21.48,51.14,"[""Crime"", ""Adventure"", ""Sci-Fi""]",29,0.818,0.508
USR-10238,1.94,27.32,"[""Family""]",7,0.59,0.838
USR-10364,3.1940323926280687,19.49,"[""Family"", ""Drama""]",5,0.366,0.621
USR-1568,40.03,69.97,"[""Action"", ""Sci-Fi""]",17,0.842,0.221
USR-5834,9.2,23.27,"[""Comedy"", ""Romance""]",21,0.655,0.274
USR-5632,8.77,32.59,"[""Animation"", ""Romance""]",15,0.625,0.298
USR-9592,3.63,22.91,"[""Comedy"", ""Family""]",4,0.337,0.703
USR-10912,3.44,44.52,"[""Family""]",4,0.277,0.826
USR-10883,5.46,27.84,"[""Drama""]",6,0.23,0.585
USR-6973,25.0,51.89,"[""Mystery"", ""Romance"", ""Sci-Fi"", ""Adventure""]",36,0.797,0.307
USR-5068,7.79,25.29,"[""Comedy""]",22,0.675,0.478
USR-5703,9.41,25.02,"[""Comedy"", ""Animation""]",21,0.594,0.301
USR-3772,30.4,103.41,"[""Thriller"", ""Sci-Fi"", ""Action""]",25,0.771,0.297
USR-6497,8.0,27.74,"[""Animation""]",25,0.686,0.302
USR-8278,23.48,71.95,"[""Drama"", ""Mystery"", ""Crime"", ""Sci-Fi""]",27,0.659,0.486
USR-3466,22.52,94.96,"[""Sci-Fi"", ""Action""]",33,0.842,0.231
USR-8150,18.84,71.64,"[""Documentary"", ""Sci-Fi"", ""Adventure""]",25,0.819,0.51
USR-10148,,36.52,"[""Family""]",5,0.193,0.595
USR-9620,2.81,31.38,"[""Drama"", ""Family""]",8,0.439,0.734
USR-3292,29.46,82.43,"[""Thriller"", ""Sci-Fi"", ""Action""]",23,0.823,0.323
USR-8963,17.6,63.6,"[""Sci-Fi"", ""Romance"", ""Adventure"", ""Documentary"", ""Drama""]",30,0.819,0.515
USR-7697,32.14,62.21,"[""Romance"", ""Adventure"", ""Documentary""]",32,0.729,0.293
USR-8370,22.23,62.77,"[""Drama"", ""Documentary"", ""Romance"", ""Mystery""]",25,0.905,0.629
USR-3958,30.08,98.65,"[""Sci-Fi"", ""Action"", ""Crime""]",21,0.818,0.356
USR-6059,10.3,28.02,"[""Animation"", ""Comedy"", ""Romance""]",10,0.692,0.558
USR-7763,18.21,63.87,"[""Crime"", ""Sci-Fi"", ""Mystery"", ""Documentary"", ""Adventure""]",28,0.864,0.661
USR-6652,10.46,17.71,"[""Animation"", ""Comedy""]",33,0.518,0.304
USR-1765,34.11,103.94,"[""Sci-Fi"", ""Thriller"", ""Adventure""]",25,0.891,0.322
USR-10345,5.04,35.69,"[""Drama""]",5,0.537,0.671
USR-5614,8.16,29.76,"[""Comedy"", ""Romance""]",21,0.658,0.265
USR-5826,12.22,19.02,"[""Comedy"", ""Animation""]",15,0.605,0.383
USR-6538,11.07,24.35,"[""Animation"", ""Comedy""]",11,0.583,0.397
USR-1037,50.24,71.98,"[""Sci-Fi"", ""Thriller""]",22,0.86,0.564
USR-8551,21.87,49.86,"[""Documentary"", ""Adventure"", ""Sci-Fi"", ""Crime""]",25,0.837,0.368
USR-8885,20.09,65.18,"[""Crime"", ""Sci-Fi"", ""Documentary"", ""Romance"", ""Drama""]",29,0.662,0.601
USR-3679,40.95,89.9,"[""Thriller"", ""Sci-Fi""]",5,0.876,0.312
USR-6578,5.4,16.84,"[""Animation"", ""Comedy""]",20,0.566,0.506
USR-8137,30.22,45.81,"[""Adventure"", ""Crime"", ""Sci-Fi"", ""Mystery"", ""Drama""]",27,0.921,0.479
USR-2671,40.19,92.38,"[""Thriller"", ""Sci-Fi""]",24,0.891,0.354
USR-4799,6.63,28.17,"[""Animation"", ""Comedy""]",21,0.84,0.335
USR-8615,,60.84,"[""Romance"", ""Crime"", ""Mystery"", ""Sci-Fi"", ""Documentary""]",31,0.868,0.361
USR-10283,2.13,20.17,"[""Drama""]",7,0.538,0.815
USR-7031,26.17,62.61,"[""Adventure"", ""Mystery"", ""Drama"", ""Romance""]",33,0.724,0.444
USR-1578,55.09,78.83,"[""Sci-Fi"", ""Thriller"", ""Crime""]",21,0.687,0.425
USR-4920,8.95,20.06,"[""Comedy"", ""Animation""]",10,0.822,0.452
USR-5077,6.09,22.96,"[""Animation"", ""Comedy""]",13,0.618,0.34
USR-7963,29.51,35.0,"[""Sci-Fi"", ""Romance"", ""Drama""]",31,0.817,0.625
USR-2596,35.17,106.25,"[""Sci-Fi"", ""Thriller""]",22,0.936,0.531
USR-2617,47.66,81.8,"[""Thriller"", ""Sci-Fi"", ""Action""]",20,1.0,0.359
USR-3725,27.96,104.64,"[""Thriller"", ""Action""]",20,0.822,0.586
USR-7365,16.72,58.7,"[""Documentary"", ""Mystery"", ""Sci-Fi"", ""Adventure"", ""Drama""]",25,0.726,0.377
USR-6050,9.64,25.93,"[""Animation""]",17,0.581,0.315
USR-9912,3.36,32.06,"[""Comedy"", ""Family""]",6,0.363,0.836
USR-10130,4.02,44.47,"[""Drama"", ""Family""]",8,0.385,0.715
USR-1211,48.79,94.94,"[""Sci-Fi"", ""Thriller""]",38,0.925,0.475
USR-4334,6.64,25.61,"[""Comedy"", ""Animation""]",17,0.558,0.356
USR-5416,10.78,17.87,"[""Animation"", ""Comedy""]",27,0.667,0.237
USR-6800,9.99,23.92,"[""Comedy"", ""Animation""]",24,0.687,0.492
USR-2191,26.46,89.39,"[""Thriller"", ""Sci-Fi"", ""Action""]",23,0.743,0.479
USR-4704,11.01,17.51,"[""Animation""]",25,0.609,0.318
USR-8026,23.61,43.59,"[""Drama"", ""Mystery"", ""Romance"", ""Adventure"", ""Crime""]",29,0.774,0.535
USR-10836,2.11,29.72,"[""Family""]",8,0.447,0.571
USR-4686,5.81,,"[""Comedy"", ""Animation""]",19,0.681,0.336
USR-1638,43.03,75.14,"[""Sci-Fi"", ""Thriller"", ""Crime""]",19,0.849,0.284
USR-1048,49.07,83.96,"[""Thriller"", ""Action"", ""Sci-Fi""]",16,0.977,0.467
USR-8249,24.13,47.17,"[""Mystery"", ""Adventure"", ""Drama"", ""Crime"", ""Sci-Fi""]",17,0.767,0.308
USR-9649,5.06,33.04,"[""Comedy""]",5,0.334,0.814
USR-2027,43.32,90.03,"[""Sci-Fi"", ""Action""]",21,0.898,0.459
USR-3120,32.38,96.29,"[""Sci-Fi"", ""Action""]",20,0.802,0.658
USR-5732,9.72,17.91,"[""Animation"", ""Comedy"", ""Romance""]",24,0.532,0.531
USR-4887,6.44,24.5,"[""Animation""]",12,0.461,0.296
USR-2607,26.72,91.1,"[""Sci-Fi"", ""Action""]",24,0.767,0.479
USR-8477,27.69,38.55,"[""Mystery"", ""Drama"", ""Sci-Fi""]",40,0.775,0.326
USR-1150,52.36,91.57,"[""Action"", ""Thriller""]",37,0.927,0.451
USR-5343,3.56,22.69,"[""Comedy"", ""Animation""]",31,0.591,0.579
USR-7115,24.29,61.35,"[""Adventure"", ""Documentary"", ""Drama"", ""Sci-Fi"", ""Crime"", ""Silent Cinema""]",29,0.899,0.502
USR-10307,4.67,34.67,"[""Drama"", ""Comedy""]",9,0.569,0.933
USR-4413,7.29,24.83,"[""Comedy""]",23,0.421,0.241
USR-10960,3.37,29.38,"[""Drama"", ""Comedy""]",2,0.346,0.474
USR-3904,,84.51,"[""Thriller"", ""Action"", ""Sci-Fi"", ""Adventure""]",29,0.773,0.437
USR-4285,11.78,29.45,"[""Animation"", ""Comedy""]",20,0.69,0.359
USR-8659,27.77,42.89,"[""Romance"", ""Crime"", ""Mystery"", ""Sci-Fi"", ""Drama""]",22,0.837,0.453
USR-2374,44.62,78.77,"[""Sci-Fi"", ""Action"", ""Thriller""]",28,0.769,0.474
USR-6793,7.74,23.09,"[""Comedy""]",23,0.484,0.183
USR-9460,3.26,29.06,"[""Drama""]",5,0.336,0.603
USR-4119,31.91,91.36,"[""Sci-Fi"", ""Action"", ""Crime""]",12,0.846,0.315
USR-10015,5.16,26.32,"[""Drama"", ""Comedy""]",4,0.378,0.658
USR-1534,23.92,88.85,"[""Action"", ""Sci-Fi""]",19,0.93,0.452
USR-2954,42.18,87.05,"[""Thriller"", ""Action""]",34,0.919,0.464
USR-5933,6.73,28.19,"[""Animation"", ""Comedy"", ""Romance""]",26,0.747,0.245
USR-2414,36.58,101.42,"[""Action"", ""Sci-Fi""]",17,0.962,0.445
USR-1743,46.7,96.48,"[""Sci-Fi"", ""Action""]",16,0.905,0.469
USR-5442,9.9,23.93,"[""Comedy""]",24,0.673,0.235
USR-7188,24.67,69.79,"[""Drama"", ""Mystery"", ""Crime"", ""Sci-Fi"", ""Documentary""]",29,0.621,0.472
USR-10895,4.13,,"[""Family""]",6,0.383,0.71
USR-2577,32.4,90.69,,7,0.736,0.451
USR-5090,6.69,22.77,"[""Animation"", ""Comedy"", ""Romance""]",11,0.66,0.281
USR-6246,5.2,15.99,"[""Animation""]",24,0.711,0.327
USR-5338,8.13,20.9,"[""Animation"", ""Comedy""]",16,0.702,0.286
USR-5217,9.69,22.06,"[""Comedy"", ""Animation""]",19,0.52,0.402
USR-3392,37.76,78.05,"[""Action"", ""Thriller"", ""Sci-Fi"", ""Crime""]",29,0.874,0.504
USR-8412,32.39,71.56,"[""Sci-Fi"", ""Drama"", ""Romance"", ""Crime"", ""Documentary""]",13,0.804,0.673
USR-8559,20.04,36.24,"[""Documentary"", ""Sci-Fi"", ""Adventure"", ""Crime"", ""Romance""]",29,0.7,0.45
USR-7448,32.82,55.56,"[""Sci-Fi"", ""Documentary"", ""Mystery"", ""Drama""]",20,0.728,0.401
USR-8889,22.65,60.24,"[""Documentary"", ""Romance"", ""Mystery"", ""Drama""]",24,0.762,0.525
USR-1800,40.38,94.35,"[""Thriller"", ""Sci-Fi""]",30,0.891,0.472
USR-4008,44.16,81.18,"[""Action"", ""Thriller""]",36,0.717,0.294
USR-4266,7.18,30.23,"[""Animation"", ""Comedy""]",26,0.706,0.542
USR-3019,38.08,98.83,"[""Sci-Fi"", ""Action"", ""Thriller"", ""Crime""]",31,1.0,0.541
USR-5699,9.11,19.14,"[""Comedy"", ""Romance""]",23,0.722,0.394
USR-6895,11.57,28.09,"[""Animation"", ""Comedy""]",17,0.533,0.458
USR-8801,29.17,56.91,"[""Adventure"", ""Sci-Fi"", ""Crime"", ""Documentary"", ""Drama""]",36,0.978,0.639
USR-5723,7.52,26.95,"[""Comedy""]",37,0.571,0.246
USR-9031,25.67,64.94,"[""Drama"", ""Documentary"", ""Sci-Fi"", ""Romance"", ""Crime""]",26,0.757,0.443
USR-2088,39.13,77.82,"[""Thriller"", ""Action"", ""Sci-Fi""]",30,0.825,0.394
USR-5658,8.71,25.85,"[""Animation"", ""Comedy""]",27,0.612,0.311
USR-5760,7.41,27.76,"[""Animation"", ""Comedy""]",31,0.384,0.304
USR-3841,41.4,84.1,"[""Action"", ""Sci-Fi""]",22,0.742,0.612
USR-9529,1.74,26.68,"[""Family"", ""Drama""]",5,0.318,0.714
USR-4899,12.35,21.65,[],24,0.601,0.336
USR-8808,17.38,72.44,"[""Mystery"", ""Sci-Fi"", ""Adventure"", ""Romance"", ""Crime""]",25,0.806,0.676
USR-8557,27.46,61.36,"[""Romance"", ""Sci-Fi"", ""Mystery"", ""Adventure"", ""Documentary""]",26,0.855,0.461
USR-6280,12.1,22.16,"[""Animation"", ""Comedy""]",23,0.626,0.544
USR-2684,30.6,94.54,"[""Sci-Fi"", ""Thriller"", ""Action""]",23,0.77,0.556
USR-9631,2.18,37.35,[],7,0.15,0.719
USR-8056,21.78,49.09,"[""Documentary"", ""Mystery"", ""Adventure""]",32,0.687,0.554
USR-1587,49.1,89.35,"[""Sci-Fi"", ""Thriller"", ""Action""]",29,0.837,0.484
USR-1497,39.49,94.33,"[""Action"", ""Thriller""]",29,0.94,0.424
USR-10543,0.1,42.21,"[""Drama"", ""Family""]",6,0.252,0.853
USR-3523,,135.89,"[""Action"", ""Sci-Fi""]",23,0.837,0.531
USR-7071,32.48,76.85,"[""Sci-Fi"", ""Adventure"", ""Crime""]",26,0.88,0.173
USR-1336,24.23,93.57,"[""Action"", ""Thriller"", ""Adventure""]",35,0.828,0.462
USR-2148,40.08,117.76,"[""Thriller"", ""Action"", ""Sci-Fi""]",30,0.815,0.296
USR-7999,20.08,63.77,"[""Sci-Fi"", ""Romance"", ""Mystery"", ""Drama"", ""Documentary""]",29,0.857,0.638
USR-4017,35.56,,"[""Thriller"", ""Sci-Fi"", ""Adventure""]",29,0.981,0.686
USR-3456,37.08,86.48,"[""Sci-Fi"", ""Action""]",34,0.845,0.597
USR-2651,40.38,94.17,"[""Thriller"", ""Sci-Fi"", ""Adventure""]",27,0.96,0.398
USR-7803,33.25,76.16,"[""Drama"", ""Crime"", ""Documentary""]",27,0.813,0.404
USR-6341,8.91,23.72,"[""Animation""]",26,0.722,0.313
USR-9493,1.23,29.92,"[""Drama""]",5,0.296,0.747
USR-8449,31.5,50.59,"[""Drama"", ""Sci-Fi"", ""Mystery"", ""Crime"", ""Documentary""]",22,0.64,0.33
USR-8818,25.53,52.68,"[""Sci-Fi"", ""Documentary"", ""Adventure"", ""Mystery"", ""Drama""]",42,0.97,0.506
USR-6602,7.55,28.62,"[""Animation"", ""Comedy"", ""Romance""]",18,0.587,0.459
USR-1024,23.49,81.48,[],18,0.912,0.547
USR-5337,10.56,17.78,"[""Comedy"", ""Animation""]",21,0.706,0.355
USR-2834,39.43,94.06,"[""Thriller"", ""Action""]",31,0.777,0.399
USR-1292,30.54,90.81,"[""Thriller"", ""Action"", ""Sci-Fi"", ""Adventure""]",17,0.773,0.503
USR-9140,28.15,61.78,"[""Sci-Fi"", ""Romance"", ""Documentary""]",35,0.842,0.479
USR-4062,38.18,74.29,"[""Action"", ""Thriller""]",24,1.0,0.567
USR-6322,11.73,34.48,"[""Comedy""]",26,0.584,0.254
USR-1382,50.94,82.93,"[""Action"", ""Thriller"", ""Sci-Fi""]",18,0.973,0.401
USR-5190,4.09,19.83,"[""Animation"", ""Comedy""]",33,0.692,0.442
USR-9127,18.73,60.97,"[""Sci-Fi"", ""Drama"", ""Adventure"", ""Romance"", ""Crime""]",27,0.773,0.304
USR-8908,29.17,45.19,"[""Sci-Fi"", ""Drama"", ""Romance""]",24,0.723,0.343
USR-10056,2.91,36.06,"[""Drama"", ""Comedy""]",5,0.202,0.436
USR-1790,44.44,122.92,"[""Action"", ""Sci-Fi""]",21,0.743,0.398
USR-5478,6.95,31.0,"[""Comedy"", ""Animation""]",19,0.719,0.265
USR-10569,4.49,10.0,"[""Drama"", ""Family""]",7,0.345,0.7
USR-3743,41.33,82.77,"[""Action"", ""Thriller"", ""Sci-Fi""]",32,0.958,0.347
USR-5330,8.77,20.46,"[""Animation""]",29,0.876,0.458
USR-7290,21.01,58.43,"[""Romance"", ""Adventure"", ""Documentary""]",30,0.872,0.549
USR-7993,23.08,85.57,"[""Adventure"", ""Crime"", ""Mystery"", ""Sci-Fi"", ""Romance""]",25,0.8,0.515
USR-10335,2.7,37.23,"[""Family""]",6,0.401,0.637
USR-4330,8.01,19.45,"[""Comedy"", ""Animation"", ""Experimental Indie Noir""]",23,0.737,0.221
USR-4064,29.5,81.56,"[""Sci-Fi"", ""Action"", ""Thriller""]",25,0.897,0.421
USR-8747,24.42,50.42,"[""Adventure"", ""Drama"", ""Documentary"", ""Romance"", ""Sci-Fi""]",23,0.883,0.308
USR-5595,3.314285773065513,18.11,"[""Comedy""]",30,0.714,0.307
USR-4460,9.57,30.11,"[""Comedy"", ""Romance""]",29,0.727,0.602
USR-7569,15.04,76.62,"[""Crime"", ""Romance"", ""Sci-Fi"", ""Documentary""]",20,0.824,0.424
USR-7142,19.06,46.0,"[""Documentary"", ""Drama"", ""Adventure"", ""Sci-Fi""]",25,0.725,0.561
USR-9600,3.66,25.26,"[""Family""]",4,0.212,0.753
USR-9091,19.69,70.47,"[""Sci-Fi"", ""Mystery"", ""Documentary"", ""Drama""]",23,0.834,0.371
USR-10342,4.75,43.87,"[""Drama"", ""Family""]",3,0.149,0.871
USR-3129,39.82,79.12,"[""Thriller"", ""Action"", ""Sci-Fi""]",17,0.818,0.489
USR-1606,27.96,73.31,"[""Sci-Fi"", ""Action"", ""Crime""]",18,0.902,0.524
USR-4910,8.12,30.17,"[""Comedy""]",18,0.531,0.281
USR-5619,7.06,31.32,"[""Comedy""]",20,0.543,0.343
USR-4430,6.8,27.85,"[""Comedy"", ""Animation""]",29,0.731,0.436
USR-7009,21.09,59.13,"[""Crime"", ""Romance"", ""Drama"", ""Mystery"", ""Adventure""]",30,0.741,0.492
USR-1994,20.92,118.13,"[""Action"", ""Sci-Fi""]",34,1.0,0.35
USR-6324,8.53,25.19,"[""Comedy""]",20,0.683,0.41
USR-6689,8.84,17.99,"[""Comedy""]",27,0.734,0.268
USR-10286,5.28,39.05,"[""Family""]",11,0.284,0.793
USR-8105,,53.8,"[""Documentary"", ""Romance"", ""Mystery"", ""Crime"", ""Drama""]",22,0.667,0.478
USR-2471,31.12,103.8,"[""Sci-Fi"", ""Action""]",28,0.981,0.231
USR-6091,10.55,22.44,"[""Animation""]",23,0.512,0.484
USR-3037,48.06,78.93,"[""Sci-Fi"", ""Action"", ""Adventure""]",20,0.821,0.358
USR-4992,2.97,16.64,"[""Animation"", ""Comedy""]",20,0.648,0.306
USR-9524,3.85,34.46,"[""Comedy"", ""Family""]",7,0.327,0.608
USR-9180,25.13,63.47,"[""Documentary"", ""Mystery"", ""Crime""]",39,0.841,0.471
USR-2659,29.6,81.73,"[""Sci-Fi"", ""Action"", ""Thriller""]",19,0.792,0.388
USR-4195,39.04,79.74,"[""Sci-Fi"", ""Thriller""]",17,0.807,0.248
USR-6101,5.72,29.15,"[""Animation""]",23,0.589,0.329
USR-7720,29.06,68.86,"[""Crime"", ""Adventure"", ""Sci-Fi""]",20,0.783,0.467
USR-9447,4.42,32.8,"[""Drama""]",4,0.408,0.568
USR-2663,40.39,68.78,"[""Action"", ""Thriller"", ""Sci-Fi""]",29,0.761,0.576
USR-5966,11.05,24.38,"[""Comedy"", ""Animation""]",30,0.626,0.43
USR-2319,35.82,78.69,"[""Sci-Fi"", ""Action""]",39,0.909,0.39
USR-1783,18.77,90.63,"[""Action"", ""Thriller"", ""Sci-Fi""]",20,0.992,0.43
USR-9273,20.59,86.87,"[""Documentary"", ""Adventure"", ""Drama"", ""Crime"", ""Sci-Fi""]",28,0.691,0.533
USR-8167,26.45,37.88,"[""Mystery"", ""Adventure"", ""Documentary""]",33,0.725,0.669
USR-8878,27.65,50.35,"[""Romance"", ""Drama"", ""Sci-Fi"", ""Mystery""]",36,0.7,0.402
USR-2942,24.49,105.26,"[""Action"", ""Thriller""]",27,0.926,0.283
USR-4444,8.69,26.21,"[""Comedy"", ""Animation""]",20,0.683,0.201
USR-6034,5.04,13.69,"[""Comedy"", ""Animation""]",21,0.633,0.361
USR-3151,28.92,72.32,"[""Action"", ""Sci-Fi"", ""Thriller""]",31,0.77,0.482
USR-8012,24.1,35.61,"[""Crime"", ""Romance"", ""Sci-Fi""]",26,0.787,0.209
USR-5120,10.86,24.15,"[""Animation""]",18,0.557,0.195
USR-9272,27.15,50.25,"[""Crime"", ""Mystery"", ""Documentary"", ""Sci-Fi""]",23,0.791,0.537
USR-5923,9.59,20.64,"[""Comedy"", ""Animation"", ""Romance""]",22,0.505,0.405
USR-10509,4.1,27.53,"[""Family"", ""Comedy""]",5,0.389,0.864
USR-7825,28.28,57.87,"[""Drama"", ""Sci-Fi"", ""Mystery"", ""Crime""]",34,0.763,0.445
USR-6502,9.16,28.07,"[""Comedy"", ""Animation""]",21,0.838,0.294
USR-6980,25.76,52.21,"[""Sci-Fi"", ""Adventure"", ""Romance"", ""Crime""]",32,0.711,0.731
USR-7245,29.85,59.19,"[""Drama"", ""Documentary"", ""Romance"", ""Mystery""]",29,0.829,0.5
USR-3817,47.79,105.64,"[""Sci-Fi"", ""Action""]",29,0.823,0.434
USR-7435,33.86,47.28,"[""Documentary"", ""Crime"", ""Sci-Fi""]",26,0.68,0.434
USR-1268,28.18,122.62,"[""Action"", ""Sci-Fi"", ""Thriller""]",17,0.798,0.439
USR-7190,36.72,63.16,"[""Romance"", ""Crime"", ""Documentary"", ""Sci-Fi"", ""Adventure""]",31,0.802,0.503
USR-10864,2.08,39.61,"[""Family""]",3,0.299,0.596
USR-4521,9.34,26.14,"[""Animation""]",23,0.718,0.392
USR-10595,4.43,29.18,"[""Drama"", ""Family""]",7,0.449,0.639
USR-9255,20.75,38.12,"[""Mystery"", ""Romance"", ""Documentary"", ""Crime"", ""Adventure""]",25,0.809,0.359
USR-1966,32.03,53.53,"[""Action"", ""Thriller"", ""Adventure""]",31,0.807,0.385
USR-1253,29.64,102.45,"[""Thriller"", ""Sci-Fi"", ""Action""]",26,0.951,0.449
USR-3770,49.77,81.14,"[""Sci-Fi"", ""Action""]",22,0.877,0.328
USR-10687,3.09,40.06,"[""Drama""]",5,0.451,0.859
USR-1051,34.76,118.04,"[""Action"", ""Sci-Fi"", ""Thriller""]",32,0.995,0.409
USR-7718,24.1,54.55,"[""Romance"", ""Adventure"", ""Mystery"", ""Crime""]",17,0.822,0.532
USR-1873,33.11,92.63,"[""Sci-Fi"", ""Thriller""]",27,0.817,0.383
USR-4953,8.16,23.15,"[""Animation""]",19,0.661,0.384
USR-6988,26.1,47.74,"[""Drama"", ""Crime"", ""Documentary"", ""Sci-Fi"", ""Adventure""]",24,0.888,0.565
USR-3821,49.97,84.38,"[""Sci-Fi"", ""Thriller""]",19,0.751,0.579
USR-10513,2.18,28.83,"[""Comedy"", ""Family""]",7,0.245,0.576
USR-10496,3.16,27.73,"[""Drama"", ""Family""]",7,0.613,0.723
USR-6923,19.68,47.75,"[""Romance"", ""Documentary"", ""Mystery"", ""Sci-Fi"", ""Crime""]",22,0.803,0.347
USR-1249,37.66,75.95,"[""Sci-Fi"", ""Action""]",25,0.812,0.41
USR-4647,8.97,27.16,"[""Comedy"", ""Animation""]",21,0.777,0.445
USR-8039,23.11,66.27,"[""Sci-Fi"", ""Drama"", ""Adventure"", ""Romance"", ""Crime""]",22,0.718,0.443
USR-3413,32.47,79.85,"[""Action"", ""Thriller""]",25,0.778,0.202
USR-3261,34.85,-30.466187235653138,"[""Sci-Fi"", ""Action""]",31,0.958,0.49
USR-1972,49.54,86.09,"[""Sci-Fi"", ""Action"", ""Thriller""]",25,0.838,0.343
USR-2878,33.44,91.64,"[""Thriller"", ""Sci-Fi"", ""Action""]",23,0.897,0.206
USR-3759,48.44,103.63,"[""Thriller"", ""Sci-Fi"", ""Action""]",35,0.943,0.38
USR-8656,18.41,61.84,"[""Drama"", ""Mystery"", ""Adventure"", ""Romance""]",23,0.68,0.569
USR-10784,2.11,,"[""Drama""]",8,0.22,0.484
USR-3543,39.6,95.49,"[""Thriller"", ""Sci-Fi"", ""Action""]",29,0.807,0.426
USR-10604,4.19,25.06,"[""Drama""]",4,0.412,0.9
USR-1412,37.04309062357906,76.9,"[""Action"", ""Sci-Fi""]",19,0.772,0.324
USR-10907,5.35,38.28,"[""Drama""]",6,0.428,0.758
USR-1448,44.03,111.24,"[""Sci-Fi"", ""Thriller""]",15,0.691,0.446
USR-10782,5.38,16.18,"[""Comedy""]",4,0.645,0.845
USR-8368,19.92,53.86,"[""Sci-Fi"", ""Romance"", ""Mystery"", ""Adventure"", ""Documentary""]",26,0.685,0.317
USR-5813,11.76,23.12,"[""Comedy""]",25,0.73,0.434
USR-2113,35.14,92.82,"[""Sci-Fi"", ""Action""]",15,0.783,0.399
USR-10885,3.82,28.47,"[""Family"", ""Drama""]",1,0.192,0.899
USR-6945,21.68,53.71,"[""Adventure"", ""Documentary"", ""Romance"", ""Crime""]",29,0.807,0.411
USR-9430,-15.174541868969488,21.27,"[""Family""]",9,0.597,0.822
USR-1462,42.99,100.69,"[""Thriller"", ""Action"", ""Sci-Fi""]",31,0.738,0.685
USR-3868,37.46,85.83,"[""Thriller"", ""Action"", ""Sci-Fi""]",31,0.743,0.297
USR-7931,24.35,64.4,"[""Romance"", ""Documentary"", ""Crime"", ""Drama""]",19,0.683,0.524
USR-4045,33.97,75.93,"[""Sci-Fi"", ""Thriller""]",22,0.975,0.375
USR-4539,3.87,22.97,"[""Animation"", ""Comedy""]",24,0.713,0.357
USR-1377,35.71,102.34,"[""Thriller"", ""Sci-Fi""]",28,0.98,0.668
USR-1411,45.07,107.54,"[""Thriller"", ""Sci-Fi""]",31,0.805,0.362
USR-6063,9.52,14.85,"[""Animation"", ""Comedy""]",26,0.608,0.28
USR-7260,26.09,67.21,"[""Documentary"", ""Crime"", ""Romance"", ""Slow TV""]",21,0.787,0.442
USR-4881,11.04,28.98,"[""Comedy"", ""Animation""]",20,0.651,0.397
USR-9368,1.8,33.21,"[""Comedy""]",6,0.426,0.698
USR-7792,29.18,53.71,"[""Documentary"", ""Drama"", ""Romance""]",29,0.861,0.545
USR-3349,33.18,103.66,"[""Thriller"", ""Action""]",28,0.831,0.495
USR-9557,3.2,43.51,"[""Drama"", ""Comedy""]",6,0.543,0.539
USR-1275,27.47,72.17,"[""Action"", ""Thriller"", ""Sci-Fi""]",32,0.824,0.38
USR-5092,6.76,13.57,"[""Animation""]",21,0.626,0.486
USR-3200,40.32,81.45,"[""Sci-Fi"", ""Thriller"", ""Action""]",19,0.789,0.581
USR-10627,5.53,33.14,"[""Comedy"", ""Family""]",5,0.261,0.821
USR-7441,21.39,73.37,"[""Crime"", ""Romance"", ""Mystery"", ""Sci-Fi"", ""Drama""]",32,0.847,0.484
USR-5611,12.29,28.66,"[""Comedy"", ""Animation""]",21,0.755,0.249
USR-6885,10.41,26.1,"[""Animation"", ""Comedy""]",23,0.722,0.486
USR-6577,11.43,26.3,"[""Animation"", ""Romance""]",16,0.446,0.514
USR-7957,33.73,54.37,"[""Crime"", ""Sci-Fi"", ""Adventure"", ""Drama"", ""Documentary""]",22,0.9,0.646
USR-8441,19.05,58.12,"[""Documentary"", ""Crime"", ""Drama""]",37,0.72,0.646
USR-3240,36.02,103.26,"[""Sci-Fi"", ""Thriller""]",24,0.819,0.458
USR-7912,24.95,69.85,"[""Adventure"", ""Drama"", ""Mystery""]",27,0.824,0.35
USR-8700,29.42,73.61,"[""Sci-Fi"", ""Crime"", ""Documentary""]",19,0.751,0.244
USR-4709,,24.58,"[""Animation"", ""Comedy""]",27,0.694,0.35
USR-7699,23.27,61.9,"[""Sci-Fi"", ""Documentary"", ""Mystery""]",26,0.756,0.424
USR-8819,24.32,66.72,"[""Sci-Fi"", ""Crime"", ""Drama"", ""Documentary"", ""Romance""]",29,0.765,0.454
USR-5188,6.81,29.54,"[""Comedy"", ""Animation""]",19,0.73,0.506
USR-8385,20.98,57.58,,24,0.881,0.33
USR-1514,36.35,73.93,"[""Thriller"", ""Action"", ""Crime""]",27,0.85,0.402
USR-8055,19.9,60.59,"[""Documentary"", ""Romance"", ""Drama""]",30,0.726,0.556
USR-7642,17.25,56.9,"[""Crime"", ""Mystery"", ""Romance"", ""Documentary""]",18,0.848,0.544
USR-2887,44.69,98.22,"[""Sci-Fi"", ""Action"", ""Thriller""]",27,0.887,0.349
USR-1922,45.22,85.99,"[""Thriller"", ""Sci-Fi"", ""Action""]",17,0.816,0.516
USR-4033,42.3,103.41,"[""Sci-Fi"", ""Action"", ""Thriller"", ""Crime""]",27,1.0,0.52
USR-3681,47.12,81.08,"[""Thriller"", ""Action""]",43,0.908,0.357
USR-8888,16.71,75.18,"[""Romance"", ""Crime"", ""Drama""]",29,0.838,0.644
USR-7608,28.93,36.44,"[""Adventure"", ""Crime"", ""Mystery"", ""Sci-Fi""]",30,0.778,0.534
USR-1475,36.09,92.58,[],32,0.719,0.52
USR-5000,7.23,17.42,"[""Animation"", ""Comedy""]",17,0.776,0.165
USR-8469,21.45,51.67,"[""Mystery"", ""Sci-Fi"", ""Adventure""]",26,0.715,0.425
USR-2563,50.53,122.87,"[""Action"", ""Thriller""]",28,0.772,0.332
USR-8580,24.18,52.44,"[""Documentary"", ""Crime"", ""Mystery"", ""Drama"", ""Romance""]",34,0.888,0.553
USR-7124,36.19,52.21,"[""Documentary"", ""Drama"", ""Adventure""]",33,0.817,0.452
USR-3593,44.37,97.55,"[""Sci-Fi"", ""Thriller""]",29,0.851,0.549
USR-10278,3.35,40.82,"[""Drama""]",7,0.401,0.702
USR-1481,,81.59,"[""Action"", ""Thriller"", ""Sci-Fi"", ""Adventure""]",27,0.777,0.401
USR-3030,38.75,122.98,"[""Thriller"", ""Action""]",25,0.753,0.376
USR-3969,41.43,71.68,"[""Action"", ""Thriller""]",26,0.832,0.47
USR-7072,28.98,69.61,"[""Sci-Fi"", ""Adventure"", ""Mystery"", ""Drama""]",25,0.774,0.449
USR-5227,9.2,29.38,"[""Comedy"", ""Animation""]",23,0.614,0.476
USR-8073,27.44,35.0,"[""Drama"", ""Crime"", ""Mystery"", ""Romance""]",33,0.792,0.403
USR-4980,8.16,24.54,"[""Comedy"", ""Romance""]",21,0.61,0.381
USR-8256,26.81,,"[""Drama"", ""Romance"", ""Sci-Fi""]",21,0.672,0.535
USR-3834,39.12,97.86,"[""Action"", ""Sci-Fi"", ""Crime""]",25,0.915,0.452
USR-3863,37.76,80.5,"[""Action"", ""Sci-Fi""]",28,0.906,0.511
USR-2489,38.7,104.91,"[""Sci-Fi"", ""Thriller"", ""Adventure""]",19,0.909,0.453
USR-7844,24.37,44.54,"[""Drama"", ""Romance"", ""Adventure""]",24,0.915,0.549
USR-8626,31.56,68.16,"[""Crime"", ""Drama"", ""Mystery"", ""Sci-Fi"", ""Adventure""]",27,0.646,0.729
USR-6696,8.9,22.0,"[""Comedy"", ""Animation""]",14,0.552,0.391
USR-6677,4.65,20.53,"[""Comedy"", ""Animation""]",16,0.842,0.49
USR-3928,36.06,108.32,"[""Action"", ""Thriller"", ""Crime""]",26,0.914,0.433
USR-8034,37.49,74.15,"[""Sci-Fi"", ""Crime"", ""Romance"", ""Documentary""]",21,0.962,0.474
USR-9062,19.93,50.13,"[""Crime"", ""Adventure"", ""Mystery"", ""Drama""]",21,0.886,0.361
USR-7546,40.67,56.73,"[""Mystery"", ""Romance"", ""Crime"", ""Drama""]",31,0.808,0.471
USR-2759,35.06,66.84,"[""Thriller"", ""Sci-Fi""]",30,0.891,0.513
USR-9324,5.29,27.22,"[""Comedy""]",4,0.342,0.603
USR-4211,5.48,22.97,"[""Animation"", ""Romance""]",8,0.643,0.493
USR-10356,2.83,37.41,"[""Comedy""]",3,0.476,0.882
USR-3345,42.08,79.41,"[""Sci-Fi"", ""Action"", ""Thriller"", ""Crime""]",21,0.718,0.524
USR-2769,40.84,108.87,"[""Thriller"", ""Action"", ""Sci-Fi""]",25,0.881,0.458
USR-2021,55.74,94.73,"[""Sci-Fi"", ""Thriller""]",33,0.807,0.289
USR-1706,46.62,98.25,"[""Action"", ""Sci-Fi"", ""Thriller"", ""Crime""]",19,0.781,0.476
USR-3026,17.51,103.49,"[""Sci-Fi"", ""Thriller""]",13,0.851,0.353
USR-6707,12.93,,"[""Animation"", ""Comedy""]",15,0.789,0.174
USR-6080,11.47,22.07,"[""Animation""]",21,0.645,0.424
USR-6965,24.89,52.06,"[""Drama"", ""Sci-Fi"", ""Mystery"", ""Documentary""]",21,0.845,0.296
USR-1909,29.59,59.32,"[""Thriller"", ""Sci-Fi"", ""Action""]",32,0.732,0.482
USR-7068,31.99,42.25,"[""Documentary"", ""Sci-Fi"", ""Romance"", ""Mystery""]",39,0.849,0.31
USR-6604,5.74,21.21,"[""Comedy"", ""Animation""]",22,0.608,0.535
USR-7443,34.41,61.49,"[""Mystery"", ""Romance"", ""Drama"", ""Sci-Fi""]",27,0.757,0.517
USR-2881,35.86,87.8,"[""Action"", ""Sci-Fi"", ""Thriller""]",23,0.787,0.25
USR-3153,41.49,83.53,"[""Action"", ""Sci-Fi"", ""Thriller""]",24,0.788,0.342
USR-1595,45.36,68.96,"[""Sci-Fi"", ""Action"", ""Thriller""]",31,0.794,0.441
USR-5025,12.92,23.07,"[""Comedy"", ""Animation""]",26,0.661,0.235
USR-1441,35.19,89.82,"[""Thriller"", ""Sci-Fi""]",29,0.931,0.542
USR-10945,3.61,17.62,"[""Family""]",7,0.537,0.68
USR-5270,7.86,16.25,"[""Comedy""]",22,0.664,0.465
USR-9629,2.19,29.0,"[""Comedy"", ""Drama""]",4,0.342,0.588
USR-1011,41.43,68.42,"[""Sci-Fi"", ""Action"", ""Crime""]",26,0.844,0.467
USR-5878,8.44,23.24,"[""Animation"", ""Comedy""]",28,0.684,0.437
USR-4273,14.24,23.24,"[""Comedy"", ""Animation""]",20,0.702,0.448
USR-5536,7.08,26.51,"[""Comedy""]",24,0.661,0.406
USR-4556,12.62,28.58,"[""Comedy"", ""Animation""]",20,0.62,0.327
USR-1094,36.61,87.39,"[""Sci-Fi"", ""Thriller"", ""Action""]",24,0.812,0.522
USR-9686,0.6,40.94,"[""Family"", ""Comedy""]",6,0.334,0.754
USR-4252,9.37,20.06,"[""Animation"", ""Comedy""]",19,0.633,0.356
USR-5368,9.11,16.99,"[""Comedy"", ""Romance""]",10,0.552,0.374
USR-5983,10.9,26.51,"[""Comedy""]",25,0.557,0.455
USR-7926,28.46,45.3,"[""Sci-Fi"", ""Documentary"", ""Drama"", ""Romance""]",36,0.688,0.397
USR-9923,3.42,44.69,"[""Drama""]",6,0.366,0.77
USR-1293,42.22,97.84,"[""Thriller"", ""Action"", ""Adventure""]",31,0.878,0.365
USR-9064,20.31,57.37,"[""Romance"", ""Drama"", ""Crime""]",34,0.774,0.479
USR-9885,2.64,-37.53015631347717,"[""Family"", ""Comedy""]",12,0.254,0.718
USR-3361,26.6,91.22,"[""Thriller"", ""Sci-Fi""]",21,0.851,0.493
USR-9506,1.6,32.51,"[""Drama""]",7,0.528,0.813
USR-3964,37.43,105.52,"[""Thriller"", ""Sci-Fi""]",22,0.769,0.513
USR-2311,32.48,75.9,"[""Thriller"", ""Sci-Fi""]",24,0.877,0.22
USR-5609,6.51,21.46,"[""Animation"", ""Comedy""]",18,0.434,0.231
USR-4066,50.5,101.49,"[""Action"", ""Thriller"", ""Crime""]",26,0.869,0.264
USR-2551,35.63166873017913,72.88,"[""Action"", ""Sci-Fi""]",22,0.885,0.261
USR-9898,4.04,19.86,"[""Family"", ""Drama""]",6,0.489,0.651
USR-4482,8.26,20.39,"[""Animation"", ""Comedy""]",18,0.468,0.334
USR-2924,26.42,113.45,"[""Action"", ""Sci-Fi"", ""Thriller""]",23,0.812,0.365
USR-4847,7.06,22.64,"[""Animation"", ""Comedy""]",24,0.615,0.444
USR-7905,34.11,63.7,"[""Documentary"", ""Drama"", ""Romance"", ""Adventure"", ""Sci-Fi""]",29,0.754,0.272
USR-6668,9.28,28.0,"[""Comedy"", ""Animation""]",24,0.787,0.353
USR-9445,1.37,26.7,"[""Drama"", ""Comedy""]",5,0.214,0.796
USR-6709,12.13,20.52,"[""Animation"", ""Romance""]",16,0.876,0.335
USR-4774,7.63,24.6,"[""Animation"", ""Comedy""]",15,0.691,0.431
USR-3274,39.84,89.91,"[""Thriller"", ""Sci-Fi""]",9,0.815,0.599
USR-6796,8.24,33.49,"[""Comedy"", ""Animation""]",21,0.618,0.562
USR-9286,32.66,66.98,"[""Romance"", ""Crime"", ""Documentary"", ""Mystery""]",23,0.741,0.332
USR-3125,28.21,117.39,"[""Sci-Fi"", ""Thriller""]",36,0.852,0.283
USR-4096,47.13,115.16,"[""Sci-Fi"", ""Thriller"", ""Action""]",35,0.86,0.4
USR-9691,1.93,18.34,"[""Drama""]",6,0.293,0.75
USR-6951,16.49,52.26,"[""Adventure"", ""Documentary"", ""Romance"", ""Crime""]",24,0.889,0.337
USR-9202,32.23,35.72,"[""Romance"", ""Adventure"", ""Mystery""]",24,0.802,0.613
USR-6667,3.78,15.76,"[""Comedy""]",28,0.605,0.39
USR-5408,9.6,37.79,"[""Comedy""]",24,0.627,0.28
USR-7404,20.3,64.51,"[""Crime"", ""Drama"", ""Romance""]",29,0.639,0.623
USR-1838,47.09,89.87,"[""Sci-Fi"", ""Action"", ""Thriller""]",34,0.785,0.64
USR-10552,3.59,33.51,"[""Drama""]",5,0.409,0.819
USR-6533,5.77,22.76,"[""Animation""]",20,0.467,0.398
USR-9193,23.08,70.83,"[""Documentary"", ""Crime"", ""Mystery""]",21,0.806,0.481
USR-2576,25.48,76.05,"[""Action"", ""Thriller""]",22,0.805,0.485
USR-3754,50.7,99.68,"[""Thriller"", ""Action""]",30,0.73,0.27
USR-10610,2.21,47.36,"[""Drama"", ""Family""]",9,0.361,0.562
USR-3992,43.85,111.12,"[""Thriller"", ""Sci-Fi"", ""Action"", ""Adventure""]",17,0.88,0.352
USR-3957,48.44,97.94,"[""Thriller"", ""Action""]",18,0.692,0.279
USR-4003,50.8,66.6,"[""Action"", ""Sci-Fi""]",11,0.78,0.396
USR-5129,6.27,25.79,"[""Comedy""]",17,0.744,0.335
USR-5473,8.13,27.2,"[""Animation""]",20,0.559,0.298
USR-4895,10.92,24.45,"[""Comedy"", ""Animation""]",9,0.494,0.396
USR-8096,24.82,73.25,"[""Adventure"", ""Crime"", ""Drama"", ""Documentary"", ""Romance"", ""Esports Highlights""]",20,0.809,0.334
USR-7801,15.73,51.63,"[""Sci-Fi"", ""Crime"", ""Mystery"", ""Drama""]",23,0.724,0.482
USR-8110,19.87,68.49,"[""Documentary"", ""Romance"", ""Drama"", ""Mystery""]",27,0.824,0.666
USR-8673,-22.77799077319775,42.04,"[""Adventure"", ""Romance"", ""Crime"", ""Drama""]",23,0.759,0.703
USR-7261,25.52,51.74,"[""Mystery"", ""Adventure"", ""Sci-Fi"", ""Romance""]",40,0.721,0.514
USR-7898,25.21,60.6,"[""Sci-Fi"", ""Drama"", ""Mystery"", ""Adventure""]",31,0.747,0.453
USR-1701,46.35,,"[""Action"", ""Sci-Fi"", ""Thriller""]",28,0.684,0.488
USR-5024,8.26,17.69,"[""Animation"", ""Comedy"", ""Romance""]",18,0.794,0.3
USR-6624,10.64,14.39,"[""Animation"", ""Comedy"", ""Romance""]",23,0.703,0.421
USR-8872,15.87,57.31,"[""Adventure"", ""Mystery"", ""Crime"", ""Drama"", ""Romance""]",31,0.949,0.491
USR-9815,2.08,24.3,"[""Comedy""]",6,0.498,0.508
USR-3628,41.36,79.4,"[""Sci-Fi"", ""Action"", ""Thriller""]",27,0.837,0.426
USR-6957,24.2,55.89,"[""Romance"", ""Crime"", ""Mystery"", ""Documentary""]",26,0.83,0.37
USR-7903,26.03,48.13,"[""Mystery"", ""Adventure"", ""Sci-Fi""]",32,0.766,0.516
USR-5507,7.93,26.04,"[""Animation"", ""Comedy""]",19,0.704,0.287
USR-6840,5.04,23.68,"[""Comedy"", ""Animation""]",28,0.632,0.336
USR-3378,35.92,123.21,"[""Thriller"", ""Action"", ""Crime""]",25,0.9,0.415
USR-4579,8.0,19.43,"[""Animation"", ""Comedy""]",29,0.614,0.219
USR-6428,10.26,19.26,"[""Comedy"", ""Romance""]",26,0.605,0.297
USR-8506,22.76,47.33,"[""Crime"", ""Sci-Fi"", ""Drama"", ""Mystery""]",28,0.786,0.631
USR-7505,36.37,58.58,"[""Sci-Fi"", ""Adventure"", ""Documentary"", ""Crime"", ""Drama""]",25,0.886,0.465
USR-6873,6.29,32.38,"[""Comedy"", ""Animation"", ""Romance""]",20,0.588,0.488
USR-8925,27.5,59.69,"[""Mystery"", ""Crime"", ""Documentary""]",23,0.879,0.56
USR-6767,8.54,28.18,"[""Animation""]",23,0.705,0.222
USR-5588,6.1,19.42,"[""Comedy""]",16,0.794,0.476
USR-3139,40.08,97.45,"[""Action"", ""Sci-Fi"", ""Thriller""]",23,0.969,0.495
USR-4351,6.01,14.69,"[""Comedy"", ""Animation""]",35,0.796,0.36
USR-6359,6.89,19.88,"[""Comedy""]",24,0.525,0.302
USR-9644,3.85,32.1,"[""Drama""]",9,0.34,0.738
USR-5626,5.06,20.72,"[""Animation"", ""Comedy""]",25,0.709,0.18
USR-9410,2.83,26.19,"[""Drama"", ""Family""]",10,0.361,0.709
USR-9069,34.57,50.97,[],33,0.791,0.443
USR-8635,30.59,59.67,"[""Drama"", ""Sci-Fi"", ""Adventure"", ""Crime"", ""Documentary""]",24,0.812,0.625
USR-1604,31.41,102.39,"[""Thriller"", ""Sci-Fi"", ""Action""]",21,0.867,0.39
USR-5440,,21.71,"[""Animation"", ""Comedy"", ""Romance""]",25,0.712,0.341
USR-7721,26.53,62.02,"[""Adventure"", ""Romance"", ""Sci-Fi""]",36,0.782,0.384
USR-1394,43.36,118.73,"[""Sci-Fi"", ""Thriller""]",29,0.833,0.506
USR-5011,,32.93,"[""Animation"", ""Comedy""]",15,0.431,0.382
USR-9740,0.1,28.96,"[""Drama""]",4,0.602,0.523
USR-4126,39.27,107.26,"[""Action"", ""Sci-Fi"", ""Thriller"", ""Adventure""]",18,0.828,0.546
USR-2447,58.86,103.13,"[""Thriller"", ""Action""]",20,0.998,0.342
USR-1096,37.09,80.88,"[""Action"", ""Sci-Fi""]",34,0.899,0.3
USR-3589,32.76,75.23,"[""Thriller"", ""Sci-Fi""]",21,0.721,0.488
USR-3475,48.24,82.44,"[""Action"", ""Thriller""]",25,0.724,0.504
USR-5620,,27.62,"[""Animation"", ""Comedy"", ""Romance""]",8,0.584,0.434
USR-2619,48.0,72.8,"[""Sci-Fi"", ""Thriller"", ""Action""]",14,0.869,0.361
USR-9461,4.34,33.22,"[""Family"", ""Comedy""]",8,0.271,0.828
USR-10449,2.4,32.52,"[""Family""]",2,0.218,0.684
USR-2544,38.6,112.52,"[""Action"", ""Thriller""]",31,0.892,0.375
USR-2731,26.19,112.24,"[""Thriller"", ""Sci-Fi""]",23,0.84,0.374
USR-5455,5.82,17.67,"[""Comedy"", ""Animation""]",21,0.612,0.213
USR-10996,1.43,46.51,"[""Comedy""]",3,0.396,0.852
USR-6523,7.82,22.0,"[""Comedy"", ""Animation""]",19,0.816,0.5
USR-8727,23.39,53.22,"[""Sci-Fi"", ""Mystery"", ""Crime""]",23,0.82,0.485
USR-8790,30.72,65.35,"[""Documentary"", ""Mystery"", ""Drama"", ""Sci-Fi"", ""Crime""]",21,0.872,0.623
USR-10565,6.18,34.21,"[""Family""]",5,0.1,0.75
USR-10272,5.06,34.23,"[""Comedy""]",5,0.373,0.882
USR-5908,6.95,22.09,"[""Comedy"", ""Romance""]",17,0.773,0.301
USR-3068,40.47,102.58,"[""Sci-Fi"", ""Thriller"", ""Crime""]",26,0.97,0.393
USR-8075,14.49,62.6,"[""Mystery"", ""Romance"", ""Sci-Fi"", ""Crime""]",29,0.742,0.411
USR-7106,31.24,52.25,"[""Mystery"", ""Adventure"", ""Romance"", ""Drama"", ""Crime""]",21,0.761,0.593
USR-8121,37.86,52.8,"[""Romance"", ""Documentary"", ""Sci-Fi"", ""Adventure"", ""Mystery""]",24,0.743,0.522
USR-7310,35.95,71.14,"[""Mystery"", ""Drama"", ""Documentary""]",22,0.757,0.482
USR-3341,43.38,120.2,"[""Sci-Fi"", ""Action"", ""Thriller""]",25,0.785,0.439
USR-4155,36.8,83.37,"[""Sci-Fi"", ""Thriller"", ""Action""]",26,0.841,0.397
USR-9399,4.3,22.02,"[""Drama""]",3,0.311,0.532
USR-7241,26.55,64.45,"[""Mystery"", ""Drama"", ""Sci-Fi"", ""Romance""]",33,0.786,0.413
USR-10882,4.7,24.11,"[""Drama"", ""Family""]",4,0.471,0.66
USR-3824,30.14,66.12,"[""Action"", ""Thriller""]",27,0.948,0.263
USR-6171,5.75,25.38,"[""Comedy"", ""Animation""]",14,0.61,0.319
USR-1020,46.22,109.49,"[""Action"", ""Thriller""]",25,0.944,0.507
USR-3877,,109.3,"[""Action"", ""Thriller"", ""Sci-Fi""]",28,0.895,0.369
USR-4027,44.96,57.73,"[""Sci-Fi"", ""Action""]",37,0.787,0.529
USR-10870,3.59,37.08,"[""Comedy""]",7,0.352,0.665
USR-4209,11.52,17.36,"[""Animation"", ""Comedy""]",15,0.76,0.322
USR-2609,33.31,98.36,"[""Action"", ""Sci-Fi"", ""Thriller""]",22,0.651,0.283
USR-2483,41.73,98.93,"[""Sci-Fi"", ""Action"", ""Crime""]",21,1.0,0.391
USR-2262,32.28,92.92,"[""Action"", ""Sci-Fi""]",34,0.829,0.552
USR-5872,7.45,15.3,"[""Comedy"", ""Animation""]",19,0.749,0.258
USR-1810,40.09,124.73,"[""Sci-Fi"", ""Thriller"", ""Crime""]",19,0.893,0.347
USR-7791,22.13,38.82,"[""Adventure"", ""Mystery"", ""Documentary"", ""Romance"", ""Crime""]",26,0.8,0.658
USR-4173,43.7,87.93,"[""Thriller"", ""Action"", ""Sci-Fi""]",20,0.822,0.339
USR-10844,2.96,32.89,"[""Family""]",5,0.266,0.704
USR-4296,10.89,31.08,"[""Comedy"", ""Animation"", ""Romance""]",22,0.665,0.187
USR-9606,1.89,23.64,"[""Drama""]",6,0.56,0.679
USR-10517,4.18,27.47,"[""Family"", ""Comedy""]",7,0.443,0.592
USR-5752,5.37,22.28,"[""Animation"", ""Comedy""]",24,0.637,0.24
USR-2143,32.71,92.8,"[""Action"", ""Thriller"", ""Sci-Fi""]",26,0.797,0.468
USR-2719,32.93,98.43,"[""Thriller"", ""Action"", ""Sci-Fi"", ""Crime""]",16,0.852,0.439
USR-3185,42.15,50.0,"[""Sci-Fi"", ""Thriller"", ""Action"", ""Adventure""]",26,0.981,0.349
USR-3955,50.33,86.73,"[""Action"", ""Thriller""]",21,0.778,0.542
USR-5624,6.67,28.24,"[""Animation"", ""Comedy""]",13,0.622,0.503
USR-6340,5.55,20.6,"[""Comedy"", ""Romance""]",21,0.579,0.191
USR-5776,7.88,28.84,"[""Comedy"", ""Animation""]",13,0.695,0.241
USR-7959,13.62,35.0,"[""Adventure"", ""Romance"", ""Crime"", ""Mystery""]",34,0.811,0.52
USR-7786,27.35,64.52,"[""Sci-Fi"", ""Drama"", ""Mystery"", ""Crime""]",36,0.742,0.441
USR-9743,6.54,28.22,"[""Drama"", ""Comedy""]",4,0.426,0.623
USR-7806,29.01,53.89,"[""Sci-Fi"", ""Crime"", ""Drama""]",15,0.784,0.645
USR-7914,25.04,53.74,"[""Romance"", ""Adventure"", ""Sci-Fi"", ""Documentary"", ""Crime""]",29,0.738,0.512
USR-1621,35.57,90.87,"[""Sci-Fi"", ""Thriller"", ""Slow TV""]",22,0.927,0.561
USR-3827,34.8,96.36,"[""Action"", ""Thriller""]",28,0.897,0.46
USR-10304,0.43,28.56,"[""Family""]",7,0.631,0.733
USR-3359,47.4,77.48,"[""Thriller"", ""Sci-Fi""]",36,0.629,0.562
USR-2966,37.28,87.51,"[""Sci-Fi"", ""Action"", ""Thriller""]",22,0.815,0.248
USR-3665,31.39,66.91,"[""Sci-Fi"", ""Thriller""]",16,0.878,0.377
USR-2047,37.83,101.26,"[""Sci-Fi"", ""Action"", ""Thriller""]",27,0.788,0.262
USR-8749,32.6,71.66,"[""Mystery"", ""Crime"", ""Romance"", ""Documentary"", ""Sci-Fi""]",28,0.772,0.446
USR-4306,10.05,18.56,"[""Animation"", ""Comedy""]",18,0.58,0.193
USR-5985,11.1,27.3,"[""Comedy"", ""Animation""]",17,0.815,0.344
USR-2685,24.82,99.99,"[""Sci-Fi"", ""Thriller""]",16,1.0,0.38
USR-1744,35.56,74.21,"[""Thriller"", ""Sci-Fi"", ""Action""]",22,0.922,0.424
USR-1223,47.13,113.3,"[""Sci-Fi"", ""Thriller"", ""Action"", ""Crime""]",30,0.815,0.46
USR-6663,7.22,29.93,"[""Animation""]",15,0.747,0.307
USR-1626,42.33,90.71,"[""Sci-Fi"", ""Action""]",34,0.889,0.475
USR-2361,31.63,101.85,"[""Action"", ""Thriller"", ""Sci-Fi""]",23,0.94,0.414
USR-3692,47.09,82.75,"[""Sci-Fi"", ""Thriller""]",23,0.833,0.497
USR-5688,6.62,19.48,[],28,0.689,0.555
USR-4039,42.88,91.17,"[""Sci-Fi"", ""Action""]",26,0.897,0.26
USR-3610,39.83,114.05,"[""Sci-Fi"", ""Action""]",19,0.79,0.335
USR-8756,24.83,57.2,"[""Documentary"", ""Mystery"", ""Drama""]",23,0.796,0.45
USR-5098,5.78,27.66,"[""Comedy""]",21,0.579,0.1
USR-2316,60.82,92.65,"[""Thriller"", ""Sci-Fi"", ""Action""]",21,0.783,0.397
USR-2661,34.74,71.07,"[""Action"", ""Sci-Fi"", ""Crime""]",25,0.849,0.308
USR-5158,8.51,20.36,"[""Animation"", ""Comedy""]",22,0.569,0.244
USR-1354,34.19,105.72,"[""Thriller"", ""Action""]",27,0.822,0.562
USR-8705,20.12,61.0,"[""Adventure"", ""Documentary"", ""Drama"", ""Romance"", ""Sci-Fi""]",18,0.693,0.531
USR-9829,3.33,34.94,"[""Comedy""]",5,0.203,0.65
USR-2796,38.57,66.25,"[""Thriller"", ""Sci-Fi""]",17,0.854,0.327
USR-8743,24.94,51.48,"[""Mystery"", ""Crime"", ""Romance"", ""Adventure"", ""Sci-Fi""]",33,0.672,0.533
USR-1240,36.64,101.63,"[""Thriller"", ""Sci-Fi"", ""Action""]",27,0.82,0.478
USR-6004,10.05,,"[""Comedy"", ""Animation""]",25,0.677,0.337
USR-7830,22.41,35.0,"[""Adventure"", ""Sci-Fi"", ""Romance""]",31,0.764,0.563
USR-6222,8.36,30.89,"[""Comedy""]",28,0.607,0.251
USR-4356,7.67,19.47,"[""Animation"", ""Comedy""]",28,0.473,0.245
USR-7760,31.02,73.17,"[""Romance"", ""Sci-Fi"", ""Crime"", ""Mystery"", ""Documentary""]",25,0.741,0.338
USR-8897,28.43,59.87,"[""Adventure"", ""Sci-Fi"", ""Mystery"", ""Drama""]",30,0.953,0.791
USR-4788,10.8,19.48,"[""Animation"", ""Comedy"", ""Romance""]",25,0.569,0.431
USR-9901,4.71,33.38,"[""Family"", ""Drama""]",5,0.299,0.766
USR-7913,21.58,62.21,"[""Mystery"", ""Crime"", ""Sci-Fi""]",16,0.895,0.371
USR-2019,45.04,102.63,"[""Sci-Fi"", ""Thriller"", ""Action"", ""Adventure""]",35,0.825,0.356
USR-10375,2.67,33.46,"[""Drama"", ""Family""]",5,0.506,0.797
USR-7331,18.42,62.1,"[""Documentary"", ""Drama"", ""Crime""]",31,0.807,0.612
USR-3111,39.64,115.94,"[""Action"", ""Sci-Fi"", ""Thriller""]",24,0.813,0.375
USR-9583,2.88,33.25,"[""Drama"", ""Family""]",2,0.437,0.833
USR-2104,46.2,98.06,"[""Thriller"", ""Sci-Fi"", ""Action""]",27,0.761,0.303
USR-4880,10.05,27.63,"[""Comedy""]",19,0.573,0.221
USR-10570,4.1,17.3,"[""Drama"", ""Family""]",5,0.441,0.673
USR-5828,8.95,26.68,"[""Animation""]",23,0.685,0.34
USR-6378,9.19,23.81,"[""Comedy"", ""Animation""]",28,0.471,0.4
USR-8380,20.96,57.34,"[""Documentary"", ""Mystery"", ""Drama"", ""Sci-Fi""]",24,0.667,0.588
USR-2766,38.16,99.16,[],31,0.891,0.347
USR-7349,18.36,44.14,"[""Adventure"", ""Documentary"", ""Sci-Fi""]",32,0.729,0.64
USR-5852,3.98,17.29,"[""Comedy"", ""Animation""]",23,0.594,0.367
USR-7480,24.57,51.41,"[""Adventure"", ""Drama"", ""Sci-Fi"", ""Documentary""]",23,0.772,0.559
USR-10334,1.13,21.73,"[""Comedy"", ""Family""]",6,0.27,0.573
USR-4542,6.14,29.96,"[""Comedy"", ""Animation""]",15,0.665,0.274
USR-10798,5.03,34.8,"[""Family""]",2,0.42,0.693
USR-10233,3.03,28.43,"[""Family""]",8,0.414,0.65
USR-10442,3.59,26.03,"[""Family""]",7,0.372,0.675
USR-10516,1.34,16.51,"[""Comedy""]",5,0.515,0.778
USR-3013,30.8,81.33,"[""Sci-Fi"", ""Action""]",23,0.945,0.27
USR-1218,45.72,84.35,"[""Action"", ""Sci-Fi""]",21,0.874,0.496
USR-10051,2.9,55.74,"[""Drama"", ""Family""]",7,0.455,0.733
USR-9113,25.5,71.29,"[""Adventure"", ""Sci-Fi"", ""Drama"", ""Mystery""]",32,0.811,0.578
USR-9511,4.09,38.32,"[""Comedy"", ""Drama""]",4,0.336,0.574
USR-2035,22.22,112.93,"[""Action"", ""Thriller"", ""Sci-Fi""]",13,0.927,0.492
USR-4961,5.43,23.67,"[""Comedy"", ""Animation""]",22,0.724,0.451
USR-4079,43.44,96.16,"[""Thriller"", ""Action""]",29,0.805,0.538
USR-4520,7.5,20.66,"[""Comedy""]",24,0.68,0.335
USR-2786,47.65,102.74,"[""Thriller"", ""Action""]",28,0.907,0.555
USR-5890,14.47,20.52,"[""Animation"", ""Comedy""]",19,0.584,0.462
USR-1907,41.32,81.49,,18,0.859,0.459
USR-5526,8.71,33.25,"[""Animation"", ""Comedy""]",23,0.572,0.415
USR-7383,19.48,52.73,"[""Crime"", ""Sci-Fi"", ""Romance""]",24,0.877,0.479
USR-6810,9.27,24.28,"[""Comedy"", ""Animation""]",12,0.822,0.314
USR-10665,1.6,36.07,"[""Family""]",9,0.244,0.743
USR-8542,31.98,58.74,"[""Sci-Fi"", ""Adventure"", ""Drama"", ""Romance""]",27,0.661,0.247
USR-8111,30.34,56.21,"[""Sci-Fi"", ""Romance"", ""Documentary"", ""Drama"", ""Crime""]",20,0.7,0.488
USR-9001,23.21,48.98,"[""Drama"", ""Documentary"", ""Sci-Fi""]",19,0.847,0.635
USR-4474,9.07,24.43,"[""Animation"", ""Comedy""]",25,0.632,0.225
USR-9890,3.27,22.63,"[""Comedy"", ""Drama""]",5,0.24,0.624
USR-5336,8.1,17.39,"[""Animation"", ""Comedy""]",20,0.544,0.243
USR-5830,10.04,24.38,"[""Animation""]",23,0.783,0.399
USR-7622,35.17,,"[""Mystery"", ""Romance"", ""Documentary""]",14,0.763,0.691
USR-2524,37.57,87.05,"[""Action"", ""Thriller"", ""Sci-Fi""]",23,0.922,0.343
USR-1853,36.25,99.67,"[""Action"", ""Thriller""]",26,0.718,0.477
USR-4232,5.11,21.12,"[""Comedy"", ""Animation""]",19,0.601,0.252
USR-2892,29.46,,"[""Thriller"", ""Action"", ""Adventure""]",12,0.79,0.481
USR-8736,26.7,68.45,"[""Documentary"", ""Drama"", ""Mystery"", ""Crime""]",30,0.818,0.36
USR-4834,9.22,16.99,"[""Animation"", ""Comedy""]",17,0.511,0.488
USR-10819,4.52,30.85,"[""Comedy"", ""Drama""]",9,0.322,0.85
USR-6047,7.28,24.33,"[""Animation"", ""Comedy""]",22,0.724,0.329
USR-6279,8.19,23.72,"[""Animation"", ""Esports Highlights""]",19,0.76,0.309
USR-3587,40.72,84.65,"[""Sci-Fi"", ""Thriller""]",30,0.976,0.453
USR-6008,6.36,29.06,"[""Comedy"", ""Animation""]",15,0.541,0.236
USR-6218,13.15,30.12,"[""Animation""]",18,0.703,0.582
USR-5316,9.83,19.74,"[""Comedy""]",30,0.533,0.366
USR-1748,44.49,87.85,"[""Thriller"", ""Action""]",16,0.957,0.478
USR-10074,1.44,27.83,"[""Comedy"", ""Family""]",7,0.313,1.0
USR-1348,49.3,85.16,"[""Sci-Fi"", ""Action"", ""Thriller""]",20,0.749,0.619
USR-4768,12.14,16.88,"[""Animation"", ""Romance""]",11,0.783,0.249
USR-9175,36.82,63.95,"[""Documentary"", ""Mystery"", ""Sci-Fi"", ""Adventure""]",33,0.832,0.588
USR-9107,25.32,61.63,"[""Mystery"", ""Documentary"", ""Sci-Fi""]",17,0.735,0.5
USR-9561,1.25,42.22,[],6,0.516,0.664
USR-10809,1.4,49.12,"[""Family""]",5,0.391,0.901
USR-7985,14.61,50.43,"[""Adventure"", ""Crime"", ""Sci-Fi"", ""Documentary"", ""Mystery""]",40,0.789,0.657
USR-4379,8.69,20.2,"[""Animation"", ""Comedy""]",21,0.582,0.445
USR-2569,28.75,101.36,"[""Thriller"", ""Sci-Fi"", ""Action""]",23,0.912,0.537
USR-5373,5.81,23.31,"[""Animation""]",28,0.476,0.414
USR-10633,2.02,35.17,"[""Family"", ""Drama""]",7,0.497,0.726
USR-9612,2.56,22.11,"[""Drama"", ""Family""]",5,0.299,0.741
USR-5329,10.45,27.67,"[""Animation"", ""Comedy""]",25,0.571,0.293
USR-8946,17.45,69.42,"[""Sci-Fi"", ""Drama"", ""Adventure"", ""Crime"", ""Mystery""]",28,0.704,0.519
USR-5123,10.35,21.18,"[""Comedy""]",29,0.619,0.217
USR-6479,7.25,24.58,"[""Comedy"", ""Animation"", ""Romance""]",23,0.699,0.284
USR-6191,9.18,29.53,"[""Animation"", ""Comedy""]",26,0.612,0.31
USR-1764,38.59,73.95,"[""Sci-Fi"", ""Thriller"", ""Adventure""]",32,0.736,0.51
USR-6459,6.21,26.3,"[""Animation""]",21,0.816,0.306
USR-9664,2.19,27.44,"[""Drama""]",5,0.21,0.623
USR-9941,1.72,30.13,"[""Family""]",5,0.291,0.688
USR-10159,4.38,28.82,"[""Comedy""]",8,0.441,0.679
USR-2223,42.73,81.28,"[""Action"", ""Sci-Fi""]",30,0.802,0.452
USR-7713,-19.680249621106654,35.0,"[""Drama"", ""Sci-Fi"", ""Crime"", ""Adventure""]",29,0.829,0.27
USR-7430,28.43,42.8,"[""Romance"", ""Adventure"", ""Mystery"", ""Crime"", ""Silent Cinema""]",34,0.741,0.422
USR-5455,6.050176974510033,17.67,"[""Comedy"", ""Animation""]",21,0.612,0.213
USR-5573,12.07,34.28,"[""Animation"", ""Comedy""]",11,0.611,0.238
USR-7502,30.7,54.85,"[""Adventure"", ""Romance"", ""Drama"", ""Documentary""]",30,0.739,0.368
USR-6876,10.5,28.48,"[""Comedy""]",24,0.699,0.302
USR-10023,2.59,41.17,"[""Comedy""]",9,0.35,0.731
USR-1709,32.21,85.03,"[""Action"", ""Sci-Fi"", ""Adventure""]",21,0.786,0.385
USR-1510,43.19,90.19,"[""Thriller"", ""Sci-Fi"", ""Adventure""]",16,0.666,0.368
USR-11000,2.65,32.18,"[""Drama"", ""Family""]",4,0.348,0.707
USR-8708,16.95,46.37,"[""Drama"", ""Mystery"", ""Crime"", ""Documentary""]",25,0.87,0.625
USR-7488,22.46,61.81,"[""Crime"", ""Drama"", ""Mystery""]",34,0.799,0.447
USR-5342,6.05,29.1,"[""Animation""]",24,0.543,0.468
USR-4384,9.09,25.56,"[""Animation"", ""Comedy""]",26,0.737,0.36
USR-3338,,102.7,"[""Thriller"", ""Sci-Fi""]",28,0.833,0.496
USR-5339,4.3,22.42,"[""Animation""]",20,0.661,0.332
USR-10276,3.72,36.19,"[""Family"", ""Comedy""]",7,0.384,0.492
USR-4795,5.36,23.98,"[""Comedy""]",25,0.481,0.411
USR-3128,45.95080842141991,66.81,"[""Action"", ""Sci-Fi"", ""Thriller""]",26,0.746,0.335
USR-5053,13.63,17.86,"[""Animation"", ""Comedy""]",17,0.65,0.24
USR-5574,6.87,27.34,"[""Comedy"", ""Animation""]",17,0.53,0.457
USR-1712,31.01,79.73,"[""Thriller"", ""Sci-Fi""]",19,0.999,0.536
USR-7633,25.27,91.01,"[""Adventure"", ""Mystery"", ""Sci-Fi"", ""Romance""]",34,0.698,0.631
USR-10225,5.1,50.73,"[""Family""]",1,0.16,0.708
USR-2618,30.88,105.15,"[""Action"", ""Thriller""]",26,0.963,0.291
USR-5741,8.52,19.76,[],29,0.61,0.197
USR-2373,41.41,94.72,"[""Sci-Fi"", ""Action""]",27,0.784,0.42
USR-5194,11.04,31.19,"[""Comedy"", ""Animation""]",26,0.548,0.206
USR-1713,39.89,109.65,"[""Action"", ""Sci-Fi""]",25,0.816,0.424
USR-4035,40.83,82.05,"[""Sci-Fi"", ""Action""]",28,0.837,0.331
USR-2246,43.53,107.02,"[""Thriller"", ""Action""]",32,0.777,0.426
USR-9884,3.73,11.66,"[""Family""]",1,0.355,0.875
USR-6776,9.84,28.94,"[""Animation"", ""Comedy""]",19,0.777,0.497
USR-8804,20.24,68.38,"[""Crime"", ""Mystery"", ""Documentary"", ""Adventure""]",32,0.642,0.494
USR-1716,38.17,76.9,"[""Sci-Fi"", ""Thriller"", ""Adventure""]",27,0.822,0.29
USR-7755,37.86,69.55,"[""Drama"", ""Mystery"", ""Adventure""]",28,0.818,0.508
USR-8594,28.61,55.25,"[""Documentary"", ""Sci-Fi"", ""Romance"", ""Mystery""]",21,0.779,0.494
USR-9249,22.07,35.0,"[""Sci-Fi"", ""Documentary"", ""Drama"", ""Mystery"", ""Romance""]",22,0.816,0.49
USR-6932,27.58,56.72,"[""Sci-Fi"", ""Documentary"", ""Mystery"", ""Romance"", ""Adventure""]",12,0.717,0.423
USR-9897,4.45,10.0,,6,0.442,0.617
USR-9553,1.42,45.55,,2,0.426,0.732
USR-7602,926.9274238560233,627.7437678574245,"[""Drama"", ""Crime"", ""Documentary""]",35,0.63,0.414
USR-4300,6.0,23.73,"[""Animation"", ""Comedy""]",23,0.644,0.411
USR-1213,33.15,91.18,"[""Action"", ""Sci-Fi""]",21,0.898,0.349
USR-10586,4.53,37.88,"[""Comedy"", ""Drama""]",4,0.261,0.685
USR-6875,2.09,26.78,"[""Comedy"", ""Animation"", ""Romance""]",11,0.432,0.378
USR-2011,31.98,84.94,"[""Action"", ""Thriller"", ""Sci-Fi""]",20,0.791,0.692
USR-1324,46.79,95.65,"[""Thriller"", ""Sci-Fi"", ""Action""]",26,0.624,0.478
USR-4471,9.0,24.14,"[""Animation"", ""Comedy"", ""Romance""]",23,0.702,0.207
USR-10114,4.11,21.88,"[""Drama""]",7,0.329,0.484
USR-4329,5.87,24.6,"[""Animation"", ""Comedy""]",24,0.713,0.308
USR-1335,34.18,62.96,"[""Action"", ""Sci-Fi""]",23,0.847,0.383
USR-8501,23.46,54.81,"[""Drama"", ""Mystery"", ""Romance"", ""Documentary""]",23,0.7,0.549
USR-7619,23.91,60.5,"[""Crime"", ""Mystery"", ""Drama""]",27,0.711,0.471
USR-7171,31.81,71.83,"[""Crime"", ""Mystery"", ""Romance""]",15,0.701,0.298
USR-10830,2.44,30.45,"[""Family""]",4,0.363,0.952
USR-4124,39.04,96.19,"[""Action"", ""Thriller""]",26,0.847,0.494
USR-1234,35.36,114.57,"[""Action"", ""Thriller"", ""Adventure""]",32,0.981,0.494
USR-5387,8.96,20.46,"[""Animation"", ""Comedy""]",26,0.775,0.281
USR-10482,2.91,30.2,"[""Comedy""]",7,0.337,0.745
USR-6817,9.39,25.29,"[""Animation""]",26,0.554,0.38
USR-10646,2.31,32.27,[],6,0.42,0.313
USR-8307,30.58,69.74,"[""Drama"", ""Crime"", ""Mystery"", ""Adventure""]",37,0.906,0.351
USR-7368,25.79,,"[""Documentary"", ""Crime"", ""Romance""]",32,0.91,0.536
USR-9452,3.99,41.21,"[""Drama""]",8,0.293,0.581
USR-3166,43.79,88.07,"[""Thriller"", ""Sci-Fi""]",33,0.925,0.427
USR-2692,37.35,100.91,"[""Sci-Fi"", ""Thriller""]",25,0.922,0.571
USR-4459,7.21,23.03,"[""Comedy""]",24,0.745,0.525
USR-4964,12.74,22.02,"[""Animation""]",25,0.69,0.25
USR-5722,5.48,31.41,"[""Animation""]",21,0.729,0.394
USR-5296,3.79,25.15,"[""Comedy"", ""Animation""]",23,0.83,0.173
USR-1775,23.71,112.22,"[""Thriller"", ""Action""]",17,0.803,0.456
USR-2495,46.9,85.44,"[""Sci-Fi"", ""Thriller""]",24,0.884,0.427
USR-4618,7.76,30.45,"[""Animation"", ""Comedy""]",31,0.697,0.441
USR-1872,41.87,122.0,"[""Sci-Fi"", ""Action""]",22,0.863,0.536
USR-9302,2.02,34.02,"[""Family""]",10,0.557,0.909
USR-2264,32.12,58.52,"[""Action"", ""Sci-Fi"", ""Adventure""]",18,0.928,0.395
USR-10080,2.85,29.46,"[""Comedy"", ""Family""]",3,0.488,0.86
USR-6403,6.41,28.55,"[""Comedy"", ""Animation""]",26,0.778,0.456
USR-8494,19.31,74.62,"[""Romance"", ""Drama"", ""Adventure""]",25,0.753,0.243
USR-8874,25.67,41.34,"[""Crime"", ""Adventure"", ""Drama"", ""Mystery"", ""Documentary""]",25,0.825,0.56
USR-5185,9.6,20.64,"[""Comedy"", ""Romance""]",15,0.562,0.371
USR-2221,43.79,85.93,"[""Thriller"", ""Action"", ""Sci-Fi"", ""Crime""]",28,0.902,0.517
USR-9869,3.43,40.21,"[""Comedy""]",4,0.498,0.738
USR-4685,12.56,23.07,"[""Comedy"", ""Romance""]",16,0.586,0.358
USR-1409,49.14,88.62,"[""Thriller"", ""Sci-Fi""]",10,0.741,0.324
USR-6251,6.94,21.76,"[""Animation"", ""Romance""]",21,0.642,0.496
USR-6273,11.18,17.83,[],22,0.869,0.27
USR-2514,37.38,88.75,"[""Action"", ""Thriller""]",22,0.758,0.383
USR-6961,20.84,48.17,"[""Sci-Fi"", ""Documentary"", ""Mystery""]",32,0.645,0.547
USR-4571,7.29,24.62,"[""Animation""]",21,0.374,0.344
USR-5049,10.06,25.54,"[""Animation""]",26,0.487,0.228
USR-9093,19.73,,"[""Adventure"", ""Romance"", ""Crime"", ""Sci-Fi"", ""Documentary""]",29,0.811,0.422
USR-10004,3.05,37.96,"[""Drama""]",5,0.271,0.767
USR-8123,16.37,47.39,"[""Mystery"", ""Sci-Fi"", ""Documentary"", ""Crime"", ""Drama""]",26,0.798,0.397
USR-8117,33.75,47.72,"[""Sci-Fi"", ""Documentary"", ""Adventure""]",31,0.731,0.254
USR-3479,32.56,77.79,"[""Thriller"", ""Sci-Fi"", ""Action""]",26,0.79,0.363
USR-4028,23.75,87.45,"[""Thriller"", ""Sci-Fi"", ""Action""]",15,0.878,0.581
USR-9223,18.5,47.85,"[""Drama"", ""Romance"", ""Crime"", ""Documentary""]",19,0.812,0.467
USR-7195,24.04,67.86,"[""Mystery"", ""Adventure"", ""Crime"", ""Sci-Fi""]",25,0.875,0.426
USR-4111,31.42,85.21,"[""Thriller"", ""Action"", ""Crime""]",29,0.893,0.307
USR-5871,8.47,31.9,"[""Comedy""]",7,0.708,0.411
USR-6345,8.61,31.69,"[""Comedy""]",19,0.548,0.531
USR-3109,38.94,,"[""Action"", ""Sci-Fi""]",22,0.857,0.443
USR-10719,2.44,39.72,"[""Drama""]",7,0.402,0.785
USR-6738,6.72,21.38,"[""Comedy"", ""Animation""]",20,0.681,0.31
USR-3311,28.97,94.94,"[""Sci-Fi"", ""Action"", ""Adventure""]",23,0.745,0.251
USR-9729,3.33,11.2,"[""Family"", ""Comedy""]",7,0.268,0.679
USR-10431,1.6,34.77,"[""Comedy""]",8,0.233,0.839
USR-3146,36.02,85.16,"[""Thriller"", ""Action""]",27,0.903,0.475
USR-10462,1.98,17.94,"[""Drama"", ""Comedy""]",7,0.186,0.603
USR-2747,47.17,93.22,"[""Thriller"", ""Action"", ""Sci-Fi""]",26,0.83,0.469
USR-3465,53.24,77.0,"[""Sci-Fi"", ""Action"", ""Thriller"", ""Adventure""]",24,0.78,0.46
USR-10027,4.77,46.91,"[""Comedy""]",7,0.552,0.6
USR-2499,41.98,70.2,"[""Thriller"", ""Action"", ""Sci-Fi""]",22,0.846,0.473
USR-2480,35.07,86.85,"[""Action"", ""Thriller""]",29,0.79,0.435
USR-4083,40.25,92.18,"[""Thriller"", ""Action""]",28,0.85,0.361
USR-6293,7.36,23.33,"[""Animation"", ""Comedy"", ""Romance""]",23,0.641,0.162
USR-4990,8.13,27.29,"[""Comedy"", ""Animation"", ""Romance""]",17,0.804,0.362
USR-2727,48.05,94.01,"[""Action"", ""Thriller"", ""Sci-Fi"", ""Adventure""]",29,0.917,0.513
USR-5891,,23.7,"[""Comedy"", ""Animation""]",24,0.521,0.114
USR-2806,28.22,125.07,"[""Action"", ""Sci-Fi""]",25,0.911,0.326
USR-5803,4.17,32.93,"[""Animation"", ""Comedy"", ""Romance""]",15,0.604,0.517
USR-9162,31.23,59.66,"[""Crime"", ""Adventure"", ""Drama"", ""Mystery"", ""Documentary""]",32,0.882,0.373
USR-6742,9.34,21.97,"[""Animation"", ""Comedy""]",17,0.631,0.435
USR-5223,9.86,20.61,,29,0.718,0.222
USR-10988,3.81,28.64,"[""Family"", ""Comedy""]",4,0.229,0.771
USR-7498,21.09,58.26,"[""Romance"", ""Documentary"", ""Crime"", ""Adventure"", ""Mystery""]",25,0.743,0.368
USR-1746,45.28,99.44,"[""Action"", ""Thriller"", ""Crime""]",20,0.859,0.506
USR-6480,7.71,24.07,"[""Animation"", ""Comedy""]",28,0.649,0.204
USR-1711,,70.49,"[""Thriller"", ""Sci-Fi""]",26,0.937,0.246
USR-1380,42.55,112.46,"[""Thriller"", ""Action"", ""Sci-Fi""]",19,1.0,0.392
USR-7274,25.23,53.63,"[""Mystery"", ""Crime"", ""Drama""]",36,0.707,0.43
USR-9333,2.47,48.09,"[""Family""]",1,0.531,0.713
USR-9952,2.55,31.02,"[""Drama"", ""Comedy""]",11,0.164,0.617
USR-8319,24.63,56.68,"[""Sci-Fi"", ""Crime"", ""Drama"", ""Documentary"", ""Mystery""]",34,0.814,0.599
USR-7415,20.39,58.36,"[""Documentary"", ""Crime"", ""Romance""]",31,0.739,0.368
USR-8645,35.85,52.91,"[""Crime"", ""Mystery"", ""Romance""]",35,0.68,0.476
USR-5081,9.47,19.43,"[""Animation"", ""Comedy""]",20,0.648,0.245
USR-5589,6.11,19.2,"[""Animation"", ""Comedy""]",20,0.655,0.4
USR-10387,3.66,24.39,"[""Comedy""]",8,0.264,0.681
USR-4567,9.43,22.69,"[""Animation""]",25,0.541,0.202
USR-7826,21.8,45.78,[],21,0.716,0.199
USR-5943,6.28,22.5,"[""Animation""]",33,0.713,0.34
USR-4596,2.83,25.34,"[""Animation"", ""Comedy""]",27,0.757,0.419
USR-2314,27.37,83.15,"[""Action"", ""Sci-Fi"", ""Thriller""]",33,0.988,0.331
USR-9722,4.5,32.54,"[""Comedy""]",6,0.273,0.643
USR-6838,10.15,20.79,"[""Comedy""]",25,0.714,0.291
USR-3908,34.41,105.3,"[""Sci-Fi"", ""Action"", ""Thriller""]",16,0.84,0.521
USR-5203,14.41,22.2,"[""Animation"", ""Comedy""]",24,0.766,0.206
USR-10571,3.76,45.69,"[""Comedy""]",6,0.542,0.708
USR-2286,27.62,65.64,"[""Sci-Fi"", ""Action""]",15,0.849,0.449
USR-5484,10.75,20.29,"[""Comedy"", ""Animation""]",11,0.66,0.334
USR-6842,7.37,19.97,"[""Comedy"", ""Animation""]",21,0.634,0.279
USR-2350,37.24,80.29,"[""Sci-Fi"", ""Action"", ""Thriller""]",23,0.936,0.418
USR-4778,8.26,18.26,"[""Animation"", ""Comedy""]",14,0.675,0.363
USR-5843,8.85,15.51,"[""Comedy"", ""Animation""]",15,0.732,0.204
USR-4678,8.43,18.84,"[""Comedy"", ""Animation"", ""Romance""]",20,0.548,0.264
USR-8840,22.18,49.66,"[""Adventure"", ""Sci-Fi"", ""Drama""]",21,0.673,0.491
USR-1428,22.2,77.05,"[""Sci-Fi"", ""Thriller""]",23,0.77,0.524
USR-1654,31.26,101.14,"[""Action"", ""Thriller"", ""Adventure""]",30,0.844,0.334
USR-9184,25.13,45.64,"[""Sci-Fi"", ""Documentary"", ""Romance""]",21,0.831,0.4
USR-2776,39.95,95.83,"[""Action"", ""Sci-Fi"", ""Adventure""]",21,0.777,0.519
USR-8910,33.39,74.43,"[""Sci-Fi"", ""Mystery"", ""Crime"", ""Documentary""]",17,0.719,0.63
USR-5249,8.2,21.3,"[""Animation""]",22,0.612,0.378
USR-5639,6.11,12.34,"[""Comedy""]",36,0.564,0.372
USR-5849,5.7,19.28,"[""Animation""]",16,0.622,0.463
USR-8952,18.92,59.08,"[""Documentary"", ""Drama"", ""Mystery"", ""Sci-Fi"", ""Adventure""]",27,0.726,0.363
USR-9122,26.82,58.8,"[""Mystery"", ""Documentary"", ""Adventure""]",26,0.774,0.548
USR-4903,8.03,16.67,"[""Animation""]",27,0.693,0.223
USR-8329,33.92,47.03,"[""Adventure"", ""Sci-Fi"", ""Documentary"", ""Drama"", ""Romance""]",23,0.744,0.373
USR-1612,33.32,76.79,"[""Sci-Fi"", ""Thriller""]",25,0.715,0.49
USR-10990,3.68,34.81,"[""Family"", ""Comedy""]",4,0.1,0.594
USR-10186,2.08,40.93,"[""Drama"", ""Family""]",5,0.589,0.784
USR-9044,30.73,51.39,"[""Crime"", ""Adventure"", ""Documentary""]",24,0.848,0.382
USR-4182,34.8,78.42,"[""Thriller"", ""Action"", ""Sci-Fi""]",16,0.76,0.458
USR-7714,23.77,60.62,[],20,0.835,0.488
USR-2741,31.93,77.69,"[""Action"", ""Sci-Fi"", ""Adventure""]",32,1.0,0.602
USR-5044,5.6,22.96,"[""Comedy"", ""Animation""]",15,0.541,0.191
USR-1555,32.21,74.11,"[""Thriller"", ""Sci-Fi"", ""Adventure""]",26,1.0,0.548
USR-6077,7.35,18.16,"[""Comedy"", ""Animation""]",18,0.753,0.178
USR-1512,36.53,,"[""Thriller"", ""Sci-Fi""]",31,0.908,0.361
USR-3099,-7.271703696889542,82.97,"[""Action"", ""Sci-Fi"", ""Thriller""]",25,0.782,0.353
USR-5464,10.88,26.57,"[""Animation"", ""Comedy""]",17,0.532,0.172
USR-1968,47.37,104.09,"[""Thriller"", ""Sci-Fi"", ""Adventure""]",24,0.614,0.356
USR-9037,21.39,56.52,"[""Sci-Fi"", ""Adventure"", ""Drama""]",23,0.789,0.653
USR-4058,26.11,85.13,"[""Action"", ""Sci-Fi"", ""Crime""]",18,0.886,0.486
USR-7933,26.76,72.69,"[""Sci-Fi"", ""Romance"", ""Drama""]",24,0.696,0.4
USR-2898,35.44,115.89,"[""Sci-Fi"", ""Action"", ""Thriller""]",21,0.904,0.531
USR-5036,11.61,29.17,"[""Animation"", ""Comedy""]",18,0.652,0.347
USR-4442,9.74,13.72,"[""Comedy"", ""Romance""]",24,0.58,0.38
USR-7232,21.82,77.92,"[""Drama"", ""Adventure"", ""Documentary"", ""Romance"", ""Crime""]",15,0.752,0.218
USR-9024,26.69,56.06,"[""Mystery"", ""Drama"", ""Crime"", ""Adventure"", ""Romance""]",30,0.756,0.378
USR-10216,3.72,31.82,"[""Comedy""]",6,0.289,0.463
USR-5903,5.56,17.8,"[""Comedy"", ""Animation""]",26,0.779,0.301
USR-6647,9.06,23.15,"[""Comedy""]",22,0.806,0.417
USR-4371,11.24,23.39,"[""Comedy"", ""Animation""]",20,0.55,0.263
USR-4845,7.98,21.06,"[""Comedy"", ""Animation""]",16,0.674,0.307
USR-4950,9.26,26.91,"[""Animation"", ""Comedy""]",22,0.779,0.393
USR-2110,45.91,86.66,"[""Action"", ""Sci-Fi"", ""Thriller""]",24,0.768,0.366
USR-6862,7.37,28.54,"[""Comedy"", ""Animation""]",19,0.697,0.508
USR-8774,15.79,63.86,"[""Sci-Fi"", ""Drama"", ""Documentary""]",24,0.842,0.441
USR-2039,41.28,71.38,"[""Action"", ""Thriller""]",33,0.935,0.349
USR-2195,25.94,102.18,"[""Thriller"", ""Sci-Fi"", ""Action""]",30,0.787,0.384
USR-5768,8.48,19.84,"[""Comedy"", ""Animation""]",27,0.753,0.281
USR-4681,11.07,20.22,"[""Comedy""]",26,0.824,0.381
USR-3216,35.07,73.96,"[""Action"", ""Sci-Fi""]",16,1.0,0.279
USR-5292,5.66,25.43,"[""Animation"", ""Comedy""]",16,0.542,0.38
USR-10068,1.56,43.97,"[""Drama""]",3,0.213,0.805
USR-3621,36.62,79.32,"[""Sci-Fi"", ""Thriller"", ""Action""]",24,0.824,0.513
USR-1935,33.46,,"[""Sci-Fi"", ""Action"", ""Adventure""]",28,0.81,0.423
USR-8772,25.45,47.65,"[""Sci-Fi"", ""Mystery"", ""Documentary""]",36,0.767,0.285
USR-5798,8.73,33.98,"[""Comedy"", ""Romance""]",24,0.704,0.361
USR-1395,37.08,93.31,"[""Sci-Fi"", ""Action""]",18,1.0,0.572
USR-9052,30.72,53.09,"[""Adventure"", ""Documentary"", ""Sci-Fi"", ""Silent Cinema""]",17,0.861,0.563
USR-3649,34.25,101.84,"[""Sci-Fi"", ""Action""]",30,0.756,0.353
USR-10261,3.37,45.13,"[""Comedy"", ""Family""]",3,0.274,0.491
USR-4818,8.15,20.7,"[""Comedy"", ""Animation""]",14,0.688,0.508
USR-9116,28.12584426065573,78.21,"[""Romance"", ""Drama"", ""Adventure"", ""Documentary"", ""Crime""]",27,0.706,0.51
USR-3288,46.35,107.6,"[""Thriller"", ""Action"", ""Sci-Fi""]",21,0.728,0.473
USR-2298,29.51,85.59,"[""Action"", ""Sci-Fi""]",31,0.761,0.452
USR-10575,2.45,35.17,"[""Drama""]",2,0.242,0.841
USR-2163,37.06,98.07,"[""Action"", ""Sci-Fi"", ""Thriller""]",23,0.858,0.45
USR-5354,9.32,15.33,"[""Comedy"", ""Animation""]",20,0.808,0.357
USR-4044,30.23,87.9,"[""Sci-Fi"", ""Thriller""]",29,0.703,0.398
USR-2528,50.03,105.6,"[""Action"", ""Sci-Fi"", ""Thriller""]",33,0.975,0.439
USR-7246,34.7,59.83,"[""Drama"", ""Sci-Fi"", ""Documentary""]",29,0.854,0.59
USR-8090,32.37,55.22,"[""Adventure"", ""Documentary"", ""Mystery""]",22,0.773,0.513
USR-4210,6.23,24.04,"[""Animation"", ""Comedy"", ""Romance""]",27,0.669,0.316
USR-10788,3.34,12.03,"[""Family"", ""Drama""]",7,0.495,0.676
USR-1059,39.52,92.69,"[""Sci-Fi"", ""Thriller"", ""Action""]",34,0.952,0.333
USR-6377,8.42,26.02,"[""Comedy""]",26,0.741,0.433
USR-5583,9.63,27.79,"[""Comedy"", ""Animation""]",24,0.596,0.247
USR-4060,33.78,99.67,"[""Thriller"", ""Sci-Fi""]",18,0.905,0.423
USR-5635,11.24,25.54,"[""Comedy"", ""Animation"", ""Romance""]",29,0.51,0.206
USR-5382,7.27,29.3,"[""Animation"", ""Comedy""]",22,0.556,0.278
USR-3426,33.16,112.58,"[""Thriller"", ""Action"", ""Sci-Fi""]",17,0.835,0.42
USR-10098,1.07,13.16,"[""Comedy"", ""Drama""]",6,0.574,0.709
USR-9778,3.38,38.49,"[""Family"", ""Comedy""]",4,0.275,0.772
USR-6574,11.32,20.41,"[""Comedy""]",18,0.62,0.313
USR-5542,3.27,23.23,"[""Animation"", ""Comedy""]",19,0.622,0.391
USR-4652,8.06,14.87,"[""Animation""]",29,0.629,0.621
USR-7467,26.45,54.84,"[""Documentary"", ""Sci-Fi"", ""Mystery"", ""Crime"", ""Romance""]",31,0.707,0.568
USR-4411,2.86,20.39,"[""Comedy""]",15,0.766,0.23
USR-1677,52.22,90.26,"[""Sci-Fi"", ""Action""]",22,0.928,0.331
USR-5886,13.24,19.85,"[""Animation""]",19,0.648,0.428
USR-5873,4.87,23.97,"[""Animation""]",16,0.614,0.145
USR-4835,5.36,28.62,"[""Animation""]",28,0.479,0.351
USR-10317,2.44,,"[""Family""]",5,0.567,0.583
USR-10597,1.24,27.27,"[""Family""]",6,0.504,0.749
USR-10593,3.62,47.15,"[""Comedy""]",6,0.384,0.631
USR-4510,7.23,19.0,"[""Animation"", ""Comedy""]",21,0.68,0.488
USR-3639,48.15,112.65,"[""Sci-Fi"", ""Thriller"", ""Adventure""]",23,0.771,0.388
USR-3228,34.24,89.26,"[""Sci-Fi"", ""Action"", ""Thriller""]",29,0.791,0.345
USR-4746,6.07,24.85,"[""Animation""]",23,0.671,0.379
USR-7533,22.97,55.45,"[""Adventure"", ""Documentary"", ""Mystery"", ""Romance""]",24,0.891,0.342
USR-8857,24.19,54.51,"[""Mystery"", ""Adventure"", ""Sci-Fi""]",21,0.713,0.504
USR-9471,4.52,44.97,,3,0.459,0.542
USR-1867,52.41,51.59,"[""Thriller"", ""Action"", ""Sci-Fi""]",22,0.823,0.566
USR-5238,,31.75,"[""Comedy"", ""Animation""]",20,0.758,0.34
USR-6147,5.35,39.49,"[""Animation"", ""Romance""]",16,0.72,0.44
USR-5673,9.08,23.83,"[""Comedy"", ""Animation""]",31,0.573,0.452
USR-7626,26.89,74.73,"[""Sci-Fi"", ""Mystery"", ""Documentary"", ""Romance""]",22,0.765,0.467
USR-10685,3.81,35.96,"[""Comedy"", ""Family""]",8,0.26,0.685
USR-6295,7.66,21.84,"[""Comedy""]",25,0.672,0.367
USR-7932,22.9,59.58,"[""Mystery"", ""Adventure"", ""Drama"", ""Sci-Fi""]",24,0.735,0.601
USR-3211,38.8,100.89,"[""Action"", ""Sci-Fi"", ""Crime""]",24,0.847,0.429
USR-8780,12.0,42.63,"[""Drama"", ""Romance"", ""Adventure"", ""Mystery"", ""Documentary""]",26,0.673,0.519
USR-7490,22.19,59.05,"[""Documentary"", ""Sci-Fi"", ""Mystery"", ""Crime""]",27,0.908,0.364
USR-6630,8.18,19.78,"[""Animation""]",17,0.512,0.378
USR-10799,2.77,24.09,"[""Family""]",11,0.284,0.845
USR-3458,49.01,99.74,"[""Sci-Fi"", ""Action"", ""Thriller""]",37,0.905,0.446
USR-8737,-10.784201416046079,-41.37360940061362,"[""Mystery"", ""Documentary"", ""Romance""]",31,0.76,0.495
USR-10689,1.37,38.02,"[""Drama"", ""Comedy""]",6,0.14,0.644
USR-2211,39.87,86.52,"[""Action"", ""Thriller"", ""Sci-Fi""]",22,0.714,0.395
USR-4298,9.91,23.49,"[""Animation""]",19,0.479,0.321
USR-3389,33.72,78.39,"[""Sci-Fi"", ""Action""]",25,0.825,0.56
USR-9065,24.58,67.07,"[""Documentary"", ""Mystery"", ""Romance"", ""Adventure""]",32,0.798,0.525
USR-9822,3.86,20.82,"[""Family""]",6,0.466,0.617
USR-8794,32.18,63.63,"[""Crime"", ""Sci-Fi"", ""Mystery"", ""Adventure"", ""Romance""]",28,0.829,0.406
USR-4038,29.67,81.38,"[""Action"", ""Sci-Fi"", ""Crime""]",22,0.77,0.267
USR-10970,1.85,39.23,"[""Family""]",8,0.188,0.637
USR-4773,8.23,26.54,"[""Animation""]",26,0.788,0.371
USR-4108,37.62,104.35,"[""Thriller"", ""Action""]",24,0.934,0.338
USR-6900,8.79,19.85,"[""Comedy"", ""Animation""]",14,0.705,0.195
USR-1618,41.96,116.48,"[""Action"", ""Thriller""]",22,0.831,0.684
USR-8162,15.47,53.41,"[""Drama"", ""Romance"", ""Crime""]",25,0.615,0.478
USR-6350,11.22,25.9,"[""Comedy"", ""Animation""]",27,0.656,0.285
USR-6609,3.63,24.02,"[""Comedy"", ""Animation""]",18,0.732,0.21
USR-9049,15.93,58.01,"[""Drama"", ""Romance"", ""Adventure""]",32,0.605,0.476
USR-1767,44.1,109.11,"[""Thriller"", ""Action"", ""Crime""]",23,0.833,0.569
USR-10502,3.35,36.63,"[""Comedy"", ""Family""]",4,0.453,0.711
USR-6404,6.12,28.28,"[""Animation"", ""Comedy""]",24,0.829,0.285
USR-10972,4.68,33.07,"[""Drama""]",5,0.235,0.578
USR-2145,41.29,90.96,"[""Sci-Fi"", ""Thriller""]",25,0.801,0.414
USR-9669,2.81,33.45,"[""Drama"", ""Family""]",8,0.41,0.461
USR-10626,3.8,25.46,"[""Drama""]",4,0.6,0.6
USR-1463,46.85,83.22,"[""Action"", ""Thriller"", ""Adventure""]",25,0.854,0.37
USR-9599,2.41,35.36,"[""Comedy""]",3,0.455,0.729
USR-10606,5.91,27.36,"[""Drama""]",8,0.203,0.765
USR-3541,48.65,63.97,"[""Thriller"", ""Action""]",32,0.803,0.277
USR-7449,29.68,36.31,"[""Crime"", ""Sci-Fi"", ""Drama""]",16,0.793,0.576
USR-10894,2.27,28.91,"[""Family"", ""Comedy""]",4,0.42,0.576
USR-6426,8.13,24.35,"[""Animation"", ""Comedy""]",20,0.838,0.314
USR-5460,8.31,29.44,"[""Comedy"", ""Romance""]",10,0.726,0.515
USR-10800,2.47,30.51,"[""Family""]",5,0.41,0.885
USR-6230,12.72,20.79,"[""Animation""]",15,0.662,0.33
USR-5310,11.21,20.78,"[""Comedy""]",16,0.776,0.388
USR-8252,33.5,51.76,"[""Documentary"", ""Sci-Fi"", ""Crime"", ""Mystery""]",27,0.786,0.626
USR-1829,25.29,106.09,"[""Action"", ""Thriller""]",21,0.821,0.684
USR-9848,1.26,33.58,"[""Comedy""]",7,0.442,0.74
USR-3046,38.24,79.69,"[""Thriller"", ""Sci-Fi""]",30,0.861,0.513
USR-2673,49.41,85.01,"[""Sci-Fi"", ""Action""]",12,0.92,0.455
USR-6804,9.13,17.11,"[""Animation""]",30,0.743,0.28
USR-2689,46.7,111.06,"[""Thriller"", ""Action"", ""Sci-Fi""]",21,0.856,0.438
USR-4299,5.94,22.14,"[""Animation""]",21,0.684,0.409
USR-8502,20.63,80.65,"[""Sci-Fi"", ""Romance"", ""Documentary""]",23,0.703,0.328
USR-6749,6.41,30.26,"[""Animation"", ""Romance""]",21,0.664,0.24
USR-6315,13.19,25.77,"[""Comedy""]",11,0.696,0.328
USR-8112,29.14,37.05,"[""Crime"", ""Adventure"", ""Mystery""]",36,0.617,0.52
USR-6492,7.17,21.97,"[""Animation""]",31,0.461,0.349
USR-10557,2.91,19.01,"[""Drama""]",5,0.459,0.825
USR-2714,36.8,121.65,"[""Sci-Fi"", ""Thriller"", ""Action""]",17,0.932,0.321
USR-1021,33.31,84.69,"[""Thriller"", ""Action"", ""Sci-Fi""]",25,0.88,0.426
USR-7093,28.11,50.61,"[""Sci-Fi"", ""Romance"", ""Crime"", ""Adventure"", ""Drama""]",17,0.77,0.472
USR-5157,10.71,30.94,"[""Animation"", ""Comedy"", ""Romance""]",15,0.674,0.209
USR-5771,12.02,20.58,"[""Animation"", ""Comedy""]",21,0.759,0.241
USR-8566,25.53,63.8,"[""Documentary"", ""Crime"", ""Mystery"", ""Sci-Fi"", ""Adventure""]",27,0.718,0.626
USR-4617,8.85,23.97,"[""Comedy""]",17,0.616,0.384
USR-8236,35.89,54.95,"[""Adventure"", ""Documentary"", ""Romance"", ""Sci-Fi"", ""Mystery""]",22,0.859,0.521
USR-2296,36.12,105.06,"[""Action"", ""Sci-Fi""]",25,0.906,0.243
USR-9752,2.47,39.82,"[""Family""]",5,0.459,0.828
USR-1592,47.77,103.61,"[""Thriller"", ""Action""]",30,0.831,0.449
USR-2407,700.1444624481182,409.9015156550438,"[""Action"", ""Sci-Fi""]",23,0.655,0.52
USR-1222,,69.26,"[""Thriller"", ""Action"", ""Sci-Fi"", ""Crime""]",25,0.802,0.584
USR-6750,5.97,18.71,"[""Comedy"", ""Animation""]",25,0.532,0.484
USR-8264,31.305645212859925,50.69,"[""Sci-Fi"", ""Romance"", ""Adventure""]",21,0.802,0.4
USR-5522,7.16,20.16,"[""Animation"", ""Comedy""]",21,0.465,0.473
USR-1859,35.55,87.2,"[""Sci-Fi"", ""Thriller""]",12,0.929,0.706
USR-5514,7.79,25.77,"[""Animation"", ""Comedy""]",21,0.483,0.29
USR-6112,11.08,18.17,"[""Animation"", ""Comedy""]",25,0.655,0.397
USR-5767,8.98,24.47,"[""Animation"", ""Comedy""]",17,0.579,0.326
USR-1842,36.76,76.55,"[""Sci-Fi"", ""Action"", ""Thriller"", ""Crime""]",22,0.74,0.534
USR-2732,27.12,90.24,"[""Action"", ""Thriller""]",16,0.844,0.519
USR-8387,32.0,40.2,"[""Documentary"", ""Drama"", ""Adventure"", ""Mystery"", ""Crime""]",28,0.806,0.407
USR-8792,32.61,64.32,"[""Documentary"", ""Romance"", ""Mystery"", ""Adventure""]",24,0.566,0.473
USR-5792,7.64,23.91,"[""Animation""]",13,0.575,0.214
USR-8440,22.2,67.04,"[""Sci-Fi"", ""Mystery"", ""Romance"", ""Drama""]",25,0.63,0.365
USR-2656,42.75,87.04,"[""Action"", ""Thriller"", ""Sci-Fi""]",30,0.837,0.414
USR-1995,42.72,92.89,"[""Thriller"", ""Sci-Fi"", ""Action""]",25,0.81,0.377
USR-3620,56.27,93.25,"[""Action"", ""Sci-Fi"", ""Thriller""]",33,0.716,0.367
USR-1731,34.98,76.53,"[""Sci-Fi"", ""Thriller"", ""Action""]",19,0.821,0.43
USR-2555,31.27,91.01,"[""Thriller"", ""Sci-Fi""]",25,0.79,0.313
USR-5685,10.03,22.72,"[""Animation"", ""Comedy""]",21,0.638,0.191
USR-10614,4.33,10.0,"[""Family"", ""Drama""]",8,0.556,0.61
USR-10106,3.53,38.63,"[""Comedy""]",8,0.427,0.789
USR-10495,3.14,35.68,"[""Drama""]",8,0.301,0.818
USR-8517,27.31,35.0,"[""Documentary"", ""Sci-Fi"", ""Drama""]",32,0.812,0.621
USR-8147,31.07,,"[""Sci-Fi"", ""Adventure"", ""Drama"", ""Documentary"", ""Crime""]",33,0.815,0.628
USR-2767,34.09,81.54,"[""Action"", ""Thriller""]",15,0.929,0.403
USR-8132,34.75,61.02,"[""Adventure"", ""Romance"", ""Mystery"", ""Sci-Fi"", ""Drama""]",30,0.787,0.457
USR-5388,9.96,21.8,"[""Animation"", ""Comedy""]",21,0.757,0.59
USR-9632,2.66,27.42,"[""Drama""]",3,0.481,0.65
USR-2826,32.65,87.7,"[""Action"", ""Thriller""]",21,0.855,0.521
USR-1466,46.28,67.78,"[""Action"", ""Thriller""]",36,0.83,0.32
USR-5266,9.59,27.4,"[""Comedy"", ""Romance""]",21,0.715,0.602
USR-7917,32.43,60.53,"[""Crime"", ""Sci-Fi"", ""Mystery"", ""Drama"", ""Adventure""]",22,0.872,0.445
USR-9169,17.81,49.15,"[""Adventure"", ""Romance"", ""Documentary"", ""Drama""]",23,0.86,0.151
USR-4018,32.45,92.63,"[""Thriller"", ""Sci-Fi"", ""Action""]",24,0.788,0.337
USR-1158,,91.53,"[""Action"", ""Thriller""]",19,0.78,0.322
USR-10319,7.5,51.66,"[""Drama""]",5,0.236,0.721
USR-3393,40.41,81.06,"[""Sci-Fi"", ""Action"", ""Thriller""]",29,0.803,0.495
USR-5915,7.33,31.97,"[""Comedy"", ""Animation""]",16,0.625,0.564
USR-1186,32.35,86.89,"[""Thriller"", ""Action""]",26,0.742,0.323
USR-2003,25.18,78.1,"[""Sci-Fi"", ""Thriller"", ""Action""]",20,0.84,0.12
USR-4056,41.11,68.75,"[""Sci-Fi"", ""Action"", ""Thriller""]",26,0.909,0.277
USR-10212,4.49,49.38,"[""Comedy""]",10,0.402,0.725
USR-1401,26.48,107.27,"[""Thriller"", ""Action""]",20,0.789,0.575
USR-10587,3.43,23.13,"[""Comedy"", ""Family""]",2,0.356,0.852
USR-6427,8.96,29.15,"[""Animation"", ""Comedy""]",17,0.649,0.408
USR-6472,5.89,21.87,"[""Comedy"", ""Animation""]",15,0.631,0.447
USR-4288,8.72,14.01,"[""Animation"", ""Comedy""]",20,0.814,0.446
USR-8511,21.55,55.2,"[""Drama"", ""Sci-Fi"", ""Mystery"", ""Adventure""]",25,0.829,0.57
USR-10608,3.37,36.18,"[""Drama""]",8,0.27,0.709
USR-5272,9.33,22.82,"[""Animation""]",21,0.707,0.251
USR-6413,12.15,22.05,"[""Comedy"", ""Animation""]",18,0.737,0.244
USR-7578,23.38,48.89,"[""Drama"", ""Crime"", ""Romance""]",34,0.799,0.439
USR-7438,26.64,74.3,"[""Drama"", ""Documentary"", ""Crime"", ""Mystery""]",35,0.775,0.532
USR-2251,44.58,80.33,"[""Action"", ""Sci-Fi""]",18,0.815,0.391
USR-3115,42.7,85.19,"[""Sci-Fi"", ""Thriller"", ""Action""]",22,0.929,0.524
USR-3871,44.35,87.66,"[""Sci-Fi"", ""Action"", ""Thriller""]",17,0.728,0.598
USR-1060,38.87,88.31,"[""Action"", ""Sci-Fi"", ""Thriller""]",28,1.0,0.443
USR-6194,7.76,20.93,"[""Animation"", ""Comedy""]",19,0.612,0.353
USR-2114,38.75,83.75,"[""Thriller"", ""Action""]",17,0.882,0.408
USR-4207,10.03,24.97,"[""Animation"", ""Comedy""]",24,0.549,0.537
USR-9453,4.12,47.42,"[""Comedy""]",6,0.369,0.787
USR-10239,2.25,31.76,"[""Comedy""]",8,0.244,0.693
USR-2329,30.1,96.86,"[""Sci-Fi"", ""Action"", ""Thriller""]",24,0.76,0.507
USR-3169,23.22,83.5,"[""Thriller"", ""Action""]",10,0.986,0.462
USR-7838,21.43,43.32,"[""Mystery"", ""Adventure"", ""Drama"", ""Documentary"", ""Sci-Fi""]",38,0.713,0.378
USR-9792,5.49,26.56,"[""Comedy""]",5,0.328,0.929
USR-4667,10.01,20.79,"[""Animation""]",21,0.65,0.396
USR-5242,11.41,24.4,"[""Animation""]",18,0.681,0.282
USR-8448,27.75,68.1,"[""Romance"", ""Documentary"", ""Adventure"", ""Crime"", ""Drama""]",22,0.773,0.661
USR-6806,12.07,20.73,"[""Animation"", ""Comedy""]",24,0.772,0.445
USR-8738,34.18,57.85,"[""Romance"", ""Drama"", ""Mystery"", ""Crime"", ""Adventure""]",21,0.754,0.779
USR-5735,10.43,28.38,"[""Comedy""]",20,0.771,0.382
USR-2551,35.08,72.88,"[""Action"", ""Sci-Fi""]",22,0.885,0.261
USR-2010,37.63,87.51,"[""Thriller"", ""Action""]",19,0.938,0.487
USR-9551,5.62,23.23,"[""Comedy""]",8,0.434,0.841
USR-5383,9.74,21.14,"[""Comedy"", ""Animation""]",15,0.653,0.588
USR-7130,27.1,,"[""Documentary"", ""Drama"", ""Sci-Fi"", ""Romance""]",31,0.778,0.321
USR-2613,27.48,92.06,"[""Action"", ""Thriller"", ""Sci-Fi""]",31,0.844,0.294
USR-9120,27.77,65.36,"[""Drama"", ""Mystery"", ""Sci-Fi"", ""Romance""]",27,0.731,0.544
USR-6144,12.85,30.15,"[""Comedy""]",17,0.729,0.262
USR-4283,3.83,34.15,"[""Comedy""]",25,0.552,0.502
USR-4828,11.21,29.49,"[""Comedy""]",18,0.718,0.347
USR-9999,4.7,27.62,"[""Drama"", ""Family""]",1,0.451,0.743
USR-1649,32.89,105.55,"[""Thriller"", ""Sci-Fi"", ""Adventure""]",30,0.96,0.335
USR-2196,25.77,115.8,"[""Thriller"", ""Sci-Fi"", ""Crime""]",29,0.784,0.21
USR-10145,5.49,40.88,"[""Drama""]",5,0.385,0.798
USR-1880,20.74,82.1,"[""Thriller"", ""Sci-Fi""]",30,0.848,0.246
USR-6031,6.97,33.1,"[""Animation"", ""Comedy""]",23,0.658,0.334
USR-3699,51.42,85.67,"[""Action"", ""Thriller""]",30,0.813,0.488
USR-3603,48.27,78.32,"[""Sci-Fi"", ""Thriller""]",23,0.854,0.41
USR-3974,-13.222930593695814,131.86,"[""Action"", ""Thriller"", ""Adventure""]",27,0.848,0.614
USR-5561,8.57,30.41,"[""Animation"", ""Comedy""]",28,0.573,0.385
USR-7779,26.99,53.04,,12,0.801,0.46
USR-1551,42.64,114.94,"[""Action"", ""Thriller""]",27,0.875,0.268
USR-4465,12.85,23.25,"[""Comedy"", ""Animation""]",14,0.681,0.321
USR-5825,7.43,28.35,"[""Comedy"", ""Animation""]",18,0.646,0.607
USR-1884,43.87,87.76,"[""Action"", ""Sci-Fi""]",21,0.884,0.43
USR-5141,7.73,20.0,"[""Comedy""]",23,0.556,0.304
USR-5605,9.2,27.17,"[""Comedy"", ""Animation""]",17,0.948,0.175
USR-5355,5.9,26.24,"[""Animation""]",14,0.645,0.187
USR-1212,34.74,89.19,"[""Action"", ""Thriller"", ""Sci-Fi"", ""Crime""]",24,0.84,0.532
USR-7315,19.2,57.78,"[""Romance"", ""Crime"", ""Documentary"", ""Sci-Fi"", ""Adventure""]",36,0.76,0.587
USR-8678,34.27,58.06,"[""Drama"", ""Crime"", ""Sci-Fi""]",26,0.706,0.432
USR-10351,,33.39,"[""Family"", ""Comedy""]",5,0.385,0.812
USR-9030,35.35,78.07,"[""Documentary"", ""Crime"", ""Adventure"", ""Drama""]",17,0.923,0.481
USR-3076,35.38,78.56,"[""Thriller"", ""Sci-Fi"", ""Action""]",26,0.727,0.59
USR-10933,3.64,31.74,"[""Drama""]",10,0.281,0.694
USR-2955,41.88,87.66,"[""Thriller"", ""Sci-Fi""]",27,0.84,0.38
USR-2439,36.46,86.59,"[""Thriller"", ""Sci-Fi"", ""Crime""]",20,0.788,0.452
USR-1468,28.84,89.43,"[""Thriller"", ""Sci-Fi""]",14,0.854,0.409
USR-6594,8.89,24.28,"[""Comedy""]",23,0.542,0.415
USR-6435,6.69,34.35,"[""Comedy""]",22,0.685,0.429
USR-10206,4.355994410159789,28.49,"[""Family""]",4,0.418,0.689
USR-9700,3.01,30.49,"[""Family""]",6,0.406,0.754
USR-1697,35.9,72.93,"[""Action"", ""Sci-Fi""]",16,0.697,0.483
USR-10676,3.27,27.32,"[""Comedy"", ""Drama""]",4,0.461,0.779
USR-5247,12.9,19.87,"[""Animation"", ""Comedy""]",22,0.559,0.31
USR-10240,0.1,17.64,"[""Drama""]",5,0.365,0.437
USR-9450,4.57,47.41,"[""Drama""]",7,0.42,0.82
USR-8033,33.48,69.39,"[""Sci-Fi"", ""Crime"", ""Drama"", ""Romance"", ""Mystery""]",26,0.817,0.395
USR-2315,42.08,87.92,"[""Thriller"", ""Action""]",27,0.781,0.386
USR-10353,3.75,44.74,"[""Comedy""]",9,0.213,0.687
USR-3677,26.32,101.71,"[""Sci-Fi"", ""Action"", ""Adventure""]",20,0.899,0.353
USR-8375,21.22,53.28,"[""Adventure"", ""Sci-Fi"", ""Mystery"", ""Documentary"", ""Drama""]",19,0.855,0.667
USR-7773,22.67,68.51,"[""Drama"", ""Sci-Fi"", ""Documentary""]",26,0.828,0.402
USR-1915,45.58,103.87,"[""Action"", ""Sci-Fi""]",28,0.798,0.376
USR-1013,49.08,84.74,"[""Action"", ""Sci-Fi"", ""Thriller""]",20,0.81,0.512
USR-3128,45.74,66.81,"[""Action"", ""Sci-Fi"", ""Thriller""]",26,0.746,0.335
USR-7832,24.94,50.49,"[""Adventure"", ""Drama"", ""Sci-Fi"", ""Mystery""]",19,0.772,0.601
USR-2537,33.92,76.91,"[""Sci-Fi"", ""Thriller"", ""Action""]",20,0.868,0.292
USR-1737,,101.01,"[""Sci-Fi"", ""Action"", ""Thriller"", ""Crime""]",25,1.0,0.443
USR-9598,3.96,20.7,"[""Drama""]",8,0.291,0.778
USR-9745,2.82,36.11,[],5,0.51,1.0
USR-1454,43.5,90.45,"[""Sci-Fi"", ""Action""]",25,0.831,0.416
USR-5448,9.61,26.76,"[""Comedy"", ""Animation""]",17,0.627,0.412
USR-1928,41.81,118.16,"[""Sci-Fi"", ""Action""]",22,0.96,0.508
USR-9289,14.91,50.6,"[""Romance"", ""Drama"", ""Mystery"", ""Crime""]",26,0.869,0.297
USR-10862,4.54,20.14,"[""Drama""]",6,0.435,0.509
USR-5171,9.87,22.92,"[""Animation"", ""Comedy""]",23,0.67,0.415
USR-7628,27.34,59.95,"[""Drama"", ""Romance"", ""Mystery""]",31,0.84,0.464
USR-1038,27.23,89.17,"[""Sci-Fi"", ""Action""]",25,0.902,0.433
USR-7828,26.33,54.83,"[""Documentary"", ""Romance"", ""Sci-Fi""]",32,0.647,0.553
USR-4690,6.81,,"[""Comedy"", ""Animation""]",24,0.557,0.348
USR-8803,31.66,57.27,"[""Mystery"", ""Drama"", ""Sci-Fi"", ""Crime""]",28,0.943,0.656
USR-9593,3.6877483988588495,41.51,"[""Drama""]",5,0.526,0.774
USR-5599,6.24,25.79,"[""Animation"", ""Romance""]",20,0.562,0.331
USR-1941,28.52,92.79,"[""Thriller"", ""Sci-Fi""]",35,0.866,0.62
USR-5642,7.71,20.28,"[""Comedy"", ""Animation""]",23,0.491,0.314
USR-4849,9.38,13.47,"[""Comedy"", ""Animation""]",23,0.494,0.419
USR-3363,45.4,88.17,"[""Sci-Fi"", ""Thriller"", ""Adventure""]",13,0.82,0.566
USR-6906,25.45,57.7,"[""Documentary"", ""Mystery"", ""Romance"", ""Adventure""]",34,0.775,0.565
USR-3856,35.42,69.59,"[""Action"", ""Thriller""]",25,0.927,0.571
USR-4208,8.7,26.53,"[""Animation"", ""Comedy""]",16,0.505,0.242
USR-4095,31.61,74.33,"[""Thriller"", ""Action""]",25,0.736,0.43
USR-1739,40.99,88.47,"[""Action"", ""Thriller"", ""Sci-Fi""]",37,0.868,0.375
USR-1539,35.94,90.73,"[""Thriller"", ""Sci-Fi"", ""Adventure""]",29,0.9,0.434
USR-7038,24.8,65.15,"[""Documentary"", ""Mystery"", ""Drama""]",16,0.769,0.394
USR-9817,5.55,33.4,"[""Comedy"", ""Family""]",8,0.312,0.613
USR-2401,25.74,62.94,"[""Sci-Fi"", ""Action""]",30,0.723,0.467
USR-9983,1.38,22.39,"[""Family""]",3,0.235,0.663
USR-9818,3.09,39.07,"[""Drama"", ""Comedy""]",8,0.402,0.798
USR-10363,5.741489448482808,20.48,"[""Drama""]",5,0.188,0.745
USR-10258,3.18,26.39,"[""Drama"", ""Family""]",7,0.393,0.826
USR-4488,9.24,13.59,"[""Animation"", ""Comedy""]",23,0.562,0.314
USR-6740,5.95,24.31,"[""Comedy"", ""Animation""]",25,0.7,0.278
USR-10244,3.29,31.36,"[""Family""]",7,0.495,0.952
USR-6467,7.93,29.97,"[""Animation"", ""Comedy"", ""Romance""]",20,0.626,0.364
USR-7312,29.17,59.6,"[""Documentary"", ""Sci-Fi"", ""Drama"", ""Mystery"", ""Crime""]",31,0.665,0.334
USR-10715,2.35,30.33,"[""Family""]",9,0.258,0.588
USR-7532,31.57,61.62,"[""Drama"", ""Romance"", ""Sci-Fi"", ""Documentary""]",25,0.689,0.452
USR-5721,6.2,17.56,"[""Comedy""]",14,0.56,0.255
USR-9753,3.8,32.92,"[""Drama""]",6,0.493,0.56
USR-5503,8.71,23.76,"[""Comedy"", ""Animation""]",18,0.873,0.267
USR-5686,5.0,26.0,"[""Animation"", ""Comedy""]",21,0.393,0.2
USR-3233,45.95,88.59,"[""Action"", ""Sci-Fi""]",27,0.831,0.632
USR-10611,4.52,50.29,"[""Drama""]",9,0.382,0.786
USR-7293,29.02,57.71,"[""Adventure"", ""Romance"", ""Crime"", ""Drama""]",16,0.853,0.368
USR-7393,23.38,46.64,"[""Documentary"", ""Drama"", ""Sci-Fi"", ""Mystery""]",28,0.847,0.572
USR-8460,31.2,48.87,"[""Adventure"", ""Crime"", ""Documentary""]",17,0.846,0.594
USR-7719,,58.74,"[""Crime"", ""Mystery"", ""Sci-Fi"", ""Romance"", ""Drama""]",27,0.902,0.544
USR-3931,32.56,98.2,"[""Thriller"", ""Sci-Fi""]",35,0.891,0.367
USR-6453,4.41,14.52,"[""Animation"", ""Comedy""]",28,0.703,0.448
USR-8913,21.4,62.36,"[""Crime"", ""Drama"", ""Mystery""]",26,0.724,0.378
USR-6736,9.2,-28.224435950598384,"[""Comedy"", ""Animation""]",27,0.578,0.394
USR-5801,5.57,25.65,"[""Animation"", ""Comedy""]",19,0.573,0.339
USR-2740,49.22,82.4,"[""Action"", ""Thriller"", ""Sci-Fi"", ""Crime""]",28,0.866,0.546
USR-4112,30.86,67.08,"[""Sci-Fi"", ""Action""]",26,0.791,0.586
USR-5696,3.59,22.72,"[""Comedy"", ""Animation""]",18,0.583,0.206
USR-5005,6.03,15.42,"[""Animation"", ""Comedy"", ""Romance""]",12,0.647,0.323
USR-3253,28.16,98.89,"[""Thriller"", ""Action"", ""Sci-Fi""]",31,0.844,0.374
USR-5726,7.05,29.7,"[""Animation"", ""Comedy""]",25,0.659,0.291
USR-6744,6.79,32.92,"[""Comedy""]",27,0.704,0.196
USR-7163,18.94,60.05,"[""Romance"", ""Mystery"", ""Crime"", ""Sci-Fi""]",19,0.771,0.307
USR-3778,45.96,,"[""Action"", ""Sci-Fi"", ""Crime""]",21,0.818,0.575
USR-3752,46.07,79.22,"[""Thriller"", ""Sci-Fi"", ""Action""]",25,0.974,0.522
USR-3304,43.93,118.14,"[""Sci-Fi"", ""Thriller""]",15,0.673,0.347
USR-2564,44.57,88.02,"[""Thriller"", ""Sci-Fi"", ""Action""]",34,0.902,0.49
USR-3031,46.47,84.66,"[""Thriller"", ""Sci-Fi""]",23,0.858,0.554
USR-4236,8.51,23.09,"[""Comedy""]",15,0.693,0.314
USR-7537,24.85,55.3,"[""Adventure"", ""Romance"", ""Mystery"", ""Documentary"", ""Drama""]",33,0.777,0.578
USR-6771,9.0,22.71,"[""Animation"", ""Comedy"", ""Romance""]",26,0.667,0.463
USR-4306,10.207980632141453,18.56,"[""Animation"", ""Comedy""]",18,0.58,0.193
USR-9417,2.54,27.64,"[""Family"", ""Comedy""]",5,0.331,0.524
USR-8437,26.56,73.34,"[""Drama"", ""Documentary"", ""Sci-Fi"", ""Crime"", ""Adventure""]",25,0.678,0.155
USR-5607,2.39,24.56,"[""Comedy""]",22,0.697,0.468
USR-9392,5.77,18.13,"[""Comedy""]",5,0.506,0.614
USR-4616,10.56,29.55,"[""Animation""]",15,0.568,0.157
USR-10370,4.99,35.82,"[""Comedy""]",6,0.249,0.91
USR-6229,5.44,23.58,"[""Animation""]",13,0.509,0.463
USR-9002,25.22,68.37,"[""Crime"", ""Drama"", ""Sci-Fi"", ""Documentary"", ""Romance""]",35,0.767,0.537
USR-4509,9.39,20.21,"[""Animation"", ""Comedy""]",21,0.818,0.474
USR-8171,25.43,56.73,[],24,0.729,0.461
USR-2938,42.51,117.21,"[""Action"", ""Sci-Fi"", ""Thriller"", ""Adventure""]",27,0.865,0.41
USR-9889,5.03,39.15,"[""Family""]",9,0.457,0.753
USR-8537,19.745633861178447,45.32,"[""Mystery"", ""Adventure"", ""Documentary""]",29,0.916,0.554
USR-2347,49.43,82.72,"[""Sci-Fi"", ""Thriller""]",32,0.86,0.352
USR-8251,16.78,63.87,"[""Romance"", ""Crime"", ""Sci-Fi""]",26,0.702,0.502
USR-10042,4.05,21.2,"[""Family""]",4,0.17,0.643
USR-9787,1.71,14.63,"[""Family""]",2,0.156,0.634
USR-1793,45.6,108.97,"[""Thriller"", ""Action"", ""Sci-Fi"", ""Adventure""]",25,0.767,0.337
USR-2792,40.76,109.18,"[""Action"", ""Thriller"", ""Sci-Fi""]",21,0.672,0.573
USR-8682,28.92,39.51,"[""Mystery"", ""Documentary"", ""Romance""]",31,0.956,0.566
USR-3237,29.91,80.87,"[""Action"", ""Thriller""]",33,0.876,0.5
USR-9773,0.46,18.83,"[""Family""]",5,0.163,0.926
USR-9880,1.59,21.8,"[""Family""]",6,0.541,0.525
USR-2818,38.68,89.28,,18,0.831,0.387
USR-4101,33.37,102.2,"[""Sci-Fi"", ""Thriller"", ""Action""]",20,0.897,0.581
USR-10310,2.0,25.62,"[""Drama""]",5,0.343,0.73
USR-6585,13.14,13.16,"[""Comedy""]",17,0.789,0.325
USR-5868,9.24,19.05,"[""Comedy"", ""Animation""]",21,0.53,0.348
USR-1834,44.76,77.44,"[""Thriller"", ""Action"", ""Sci-Fi""]",29,0.966,0.388
USR-7831,30.51,46.25,"[""Mystery"", ""Drama"", ""Crime"", ""Sci-Fi""]",16,0.812,0.434
USR-5646,6.41,20.04,"[""Comedy""]",19,0.675,0.457
USR-9211,20.73,64.91,"[""Drama"", ""Crime"", ""Romance""]",30,0.709,0.374
USR-3246,43.08,105.26,"[""Thriller"", ""Sci-Fi""]",23,0.846,0.39
USR-1064,36.56,82.2,"[""Thriller"", ""Sci-Fi"", ""Action"", ""Crime""]",26,0.841,0.398
USR-6152,10.99,21.67,"[""Animation"", ""Comedy"", ""Romance""]",28,0.662,0.241
USR-5303,11.02,27.22,"[""Comedy"", ""Animation""]",23,0.918,0.256
USR-3702,46.74,88.15,"[""Action"", ""Thriller""]",32,0.861,0.526
USR-4146,38.61,101.4,"[""Action"", ""Sci-Fi""]",23,0.849,0.491
USR-10135,3.01,41.77,"[""Drama""]",4,0.442,0.638
USR-9370,6.99,28.21,"[""Drama"", ""Family""]",6,0.382,0.683
USR-5994,7.45,29.71,"[""Animation"", ""Comedy""]",25,0.781,0.174
USR-6318,10.78,25.49,"[""Comedy"", ""Animation""]",30,0.643,0.239
USR-10138,2.61,23.87,"[""Family"", ""Drama""]",2,0.444,0.767
USR-4929,12.44,17.3,"[""Comedy"", ""Animation""]",27,0.695,0.356
USR-7196,29.96,57.66,"[""Crime"", ""Romance"", ""Drama"", ""Mystery""]",21,0.807,0.362
USR-4401,7.73,27.83,"[""Comedy"", ""Animation"", ""Romance""]",14,0.919,0.278
USR-10368,3.14,21.1,"[""Comedy""]",7,0.223,0.927
USR-4423,6.56,16.71,"[""Animation"", ""Comedy""]",25,0.604,0.484
USR-2198,40.22,80.88,"[""Sci-Fi"", ""Thriller"", ""Action""]",8,0.827,0.415
USR-7879,30.45,51.82,"[""Adventure"", ""Documentary"", ""Sci-Fi""]",28,0.825,0.48
USR-9909,3.57,38.22,"[""Family"", ""Drama""]",7,0.46,0.83
USR-4078,40.74,73.36,"[""Thriller"", ""Sci-Fi"", ""Action""]",18,0.777,0.614
USR-10095,3.53,35.38,"[""Drama"", ""Family""]",5,0.404,0.628
USR-2430,41.26,83.5,"[""Thriller"", ""Sci-Fi""]",21,1.0,0.556
USR-9785,3.21,30.65,"[""Comedy""]",6,0.335,0.957
USR-8332,26.73,67.76,"[""Mystery"", ""Documentary"", ""Drama"", ""Romance"", ""Crime""]",21,0.722,0.552
USR-5576,11.4,33.69,"[""Comedy"", ""Animation""]",24,0.537,0.281
USR-4065,35.31,67.89,"[""Thriller"", ""Action"", ""Crime""]",25,0.834,0.617
USR-7243,21.37,53.07,"[""Drama"", ""Romance"", ""Sci-Fi"", ""Crime""]",32,0.845,0.587
USR-7544,24.99,45.53,"[""Adventure"", ""Documentary"", ""Mystery"", ""Romance""]",15,0.724,0.466
USR-2154,35.09,90.55,"[""Action"", ""Sci-Fi"", ""Thriller""]",17,0.977,0.361
USR-10629,3.26,24.28,"[""Family""]",5,0.291,0.667
USR-3860,41.76,120.12,"[""Thriller"", ""Action""]",23,0.922,0.372
USR-9026,24.45,48.72,"[""Adventure"", ""Drama"", ""Documentary"", ""Crime"", ""Sci-Fi""]",31,0.732,0.668
USR-9719,4.41,39.36,"[""Comedy""]",5,0.333,0.763
USR-5437,16.29,13.85,"[""Comedy"", ""Animation"", ""Romance""]",24,0.75,0.306
USR-3819,34.82,88.31,"[""Action"", ""Thriller"", ""Sci-Fi""]",23,0.895,0.309
USR-5535,11.37,22.68,"[""Animation"", ""Comedy""]",15,0.633,0.459
USR-3524,37.61,81.55,"[""Action"", ""Thriller""]",25,0.768,0.4
USR-4541,12.44,16.33,"[""Animation"", ""Comedy"", ""Romance""]",10,0.824,0.428
USR-1965,43.78,82.58,"[""Thriller"", ""Action"", ""Sci-Fi""]",28,1.0,0.265
USR-8909,19.16,57.42,"[""Adventure"", ""Mystery"", ""Romance""]",32,0.682,0.58
USR-7395,29.6,60.15,"[""Mystery"", ""Sci-Fi"", ""Adventure"", ""Drama"", ""Documentary""]",34,0.794,0.304
USR-3565,35.53,106.08,"[""Thriller"", ""Sci-Fi"", ""Crime""]",30,0.946,0.451
USR-3108,40.91,111.11,"[""Thriller"", ""Action"", ""Sci-Fi"", ""Adventure""]",23,0.945,0.405
USR-2484,45.18,94.25,"[""Sci-Fi"", ""Action"", ""Thriller""]",31,0.942,0.39
USR-9526,5.92,42.99,"[""Comedy""]",7,0.5,0.729
USR-4025,37.03,81.46,"[""Sci-Fi"", ""Thriller""]",24,0.796,0.319
USR-5895,8.08,27.3,"[""Animation"", ""Comedy""]",22,0.697,0.541
USR-2427,38.74,104.78,"[""Thriller"", ""Sci-Fi"", ""Action""]",35,0.901,0.334
USR-10575,3.078448568639118,35.17,"[""Drama""]",2,0.242,0.841
USR-8454,30.88,48.26,"[""Romance"", ""Adventure"", ""Sci-Fi""]",12,0.869,0.521
USR-6711,8.31,18.41,"[""Animation"", ""Comedy""]",29,0.575,0.273
USR-2058,40.34,82.83,"[""Sci-Fi"", ""Thriller"", ""Action""]",21,0.856,0.452
USR-5305,7.9,19.66,"[""Comedy""]",22,0.533,0.438
USR-7183,26.09,48.85,"[""Adventure"", ""Mystery"", ""Romance""]",18,0.898,0.377
USR-3923,42.55,86.58,"[""Sci-Fi"", ""Action"", ""Thriller""]",23,0.917,0.441
USR-8966,32.22,39.55,"[""Drama"", ""Documentary"", ""Romance"", ""Mystery""]",35,0.729,0.344
USR-3895,27.47,76.7,"[""Sci-Fi"", ""Action"", ""Crime""]",26,1.0,0.545
USR-4796,13.53,34.27,"[""Comedy"", ""Animation"", ""Romance""]",18,0.776,0.289
USR-2545,24.8,98.78,"[""Thriller"", ""Sci-Fi""]",28,0.928,0.453
USR-9467,1.74,21.1,"[""Comedy"", ""Drama""]",6,0.446,0.484
USR-7434,20.94,48.57,"[""Documentary"", ""Romance"", ""Mystery"", ""Crime"", ""Sci-Fi""]",23,0.734,0.299
USR-7858,17.82,42.47,"[""Sci-Fi"", ""Mystery"", ""Adventure""]",21,0.796,0.637
USR-1725,34.69,93.55,"[""Thriller"", ""Sci-Fi""]",35,0.761,0.518
USR-7204,28.0,49.32,"[""Adventure"", ""Sci-Fi"", ""Romance""]",26,0.796,0.563
USR-6621,9.82,25.75,"[""Comedy"", ""Animation""]",25,0.746,0.403
USR-2128,37.51,107.86,"[""Thriller"", ""Sci-Fi"", ""Action""]",33,0.877,0.397
USR-4102,48.04,101.32,"[""Sci-Fi"", ""Thriller"", ""Action""]",24,0.733,0.431
USR-6275,11.05,29.24,"[""Animation"", ""Romance""]",20,0.616,0.483
USR-10053,3.67,31.84,"[""Comedy"", ""Family""]",10,0.642,0.695
USR-9964,4.86,34.46,"[""Family""]",6,0.37,0.735
USR-7089,25.26,60.72,"[""Romance"", ""Crime"", ""Sci-Fi"", ""Adventure""]",27,0.698,0.493
USR-3250,,92.43,"[""Action"", ""Thriller"", ""Sci-Fi""]",26,0.886,0.279
USR-6399,5.2,37.41,"[""Comedy"", ""Animation""]",21,0.732,0.398
USR-2562,38.14,65.87,"[""Thriller"", ""Action"", ""Sci-Fi""]",20,0.988,0.271
USR-6014,3.23,21.06,"[""Comedy"", ""Animation""]",22,0.558,0.209
USR-3255,43.01,83.05,"[""Action"", ""Sci-Fi"", ""Thriller""]",27,0.812,0.339
USR-7540,25.32,70.94,"[""Sci-Fi"", ""Mystery"", ""Documentary""]",24,0.729,0.403
USR-8770,15.61,45.78,"[""Drama"", ""Adventure"", ""Mystery"", ""Documentary"", ""Romance""]",30,0.695,0.517
USR-9535,1.94,49.42,"[""Family""]",7,0.391,0.727
USR-8366,30.76,63.24,"[""Crime"", ""Sci-Fi"", ""Mystery""]",33,0.691,0.396
USR-4551,9.43,10.78,"[""Comedy""]",21,0.538,0.364
USR-9627,2.81,38.42,"[""Family"", ""Comedy""]",5,0.484,0.858
USR-7946,27.29,70.48,"[""Sci-Fi"", ""Documentary"", ""Mystery""]",31,0.98,0.535
USR-7348,20.05,61.67,"[""Adventure"", ""Drama"", ""Sci-Fi"", ""Romance""]",19,0.653,0.338
USR-4722,11.92,23.44,"[""Comedy""]",24,0.648,0.475
USR-9374,1.94,35.38,"[""Drama""]",3,0.423,0.679
USR-3612,28.6,97.72,"[""Sci-Fi"", ""Thriller"", ""Action""]",22,0.854,0.203
USR-2393,30.78,92.0,"[""Thriller"", ""Sci-Fi"", ""Action""]",24,0.737,0.437
USR-7978,36.11,58.56,"[""Adventure"", ""Crime"", ""Drama"", ""Sci-Fi"", ""Documentary""]",21,0.744,0.456
USR-5961,13.57,19.55,"[""Animation"", ""Comedy""]",17,0.538,0.437
USR-9205,23.46,54.62,"[""Adventure"", ""Romance"", ""Documentary"", ""Mystery""]",32,0.916,0.425
USR-8190,25.54,69.15,"[""Drama"", ""Sci-Fi"", ""Mystery"", ""Romance"", ""Documentary""]",25,0.815,0.542
USR-4772,14.69,24.88,"[""Comedy"", ""Animation""]",18,0.564,0.447
USR-1018,43.64,111.67,"[""Action"", ""Thriller"", ""Sci-Fi""]",33,0.78,0.428
USR-2771,,119.2,"[""Action"", ""Sci-Fi"", ""Thriller""]",29,0.782,0.234
USR-2889,50.27,83.18,"[""Sci-Fi"", ""Thriller""]",27,0.834,0.418
USR-2643,45.4,,"[""Thriller"", ""Action""]",26,0.832,0.277
USR-1133,37.97,75.78,"[""Sci-Fi"", ""Action"", ""Crime""]",34,0.92,0.398
USR-5978,7.09,27.6,"[""Animation"", ""Comedy""]",16,0.419,0.524
USR-8136,26.87,73.38,"[""Mystery"", ""Drama"", ""Romance"", ""Sci-Fi""]",31,0.77,0.553
USR-9029,28.41,61.73,"[""Drama"", ""Crime"", ""Mystery""]",22,0.777,0.452
USR-2096,31.06,139.28,"[""Sci-Fi"", ""Thriller""]",29,0.817,0.314
USR-7940,25.76,55.04,"[""Mystery"", ""Crime"", ""Romance""]",27,0.69,0.418
USR-5013,7.7,22.47,"[""Animation"", ""Comedy""]",14,0.597,0.291
USR-1528,44.67,99.95,"[""Sci-Fi"", ""Action"", ""Adventure""]",18,0.959,0.584
USR-5202,3.13,25.92,"[""Comedy""]",26,0.72,0.228
USR-3003,45.2,90.86,"[""Thriller"", ""Sci-Fi"", ""Action""]",16,0.715,0.562
USR-6937,19.67,79.52,"[""Romance"", ""Crime"", ""Documentary""]",25,0.618,0.748
USR-1169,32.93,99.32,"[""Action"", ""Thriller"", ""Adventure""]",15,0.704,0.186
USR-7042,22.65,-28.69053938927178,"[""Adventure"", ""Documentary"", ""Mystery"", ""Crime""]",27,0.722,0.558
USR-2920,35.88,75.96,"[""Sci-Fi"", ""Action"", ""Thriller""]",17,0.885,0.52
USR-10282,3.45,31.17,"[""Family"", ""Drama""]",9,0.441,0.506
USR-8016,29.86,74.02,[],33,0.718,0.458
USR-4388,12.64,23.14,"[""Comedy"", ""Animation""]",19,0.574,0.273
USR-4128,28.02,82.38,"[""Sci-Fi"", ""Thriller""]",27,0.978,0.554
USR-3488,21.08,107.8,"[""Sci-Fi"", ""Action"", ""Adventure""]",10,0.867,0.394
USR-6719,7.07,19.3,"[""Animation""]",16,0.464,0.313
USR-9010,25.38,41.18,"[""Crime"", ""Documentary"", ""Adventure"", ""Mystery""]",21,0.733,0.452
USR-2299,19.46,102.94,"[""Thriller"", ""Sci-Fi""]",23,0.879,0.563
USR-3454,40.79,103.12,"[""Action"", ""Thriller"", ""Sci-Fi""]",32,0.905,0.475
USR-5076,5.35,37.47,"[""Animation"", ""Comedy""]",24,0.59,0.282
USR-4127,28.74,69.97,"[""Thriller"", ""Action""]",27,0.789,0.487
USR-9733,1.88,25.8,"[""Family"", ""Drama""]",6,0.411,0.746
USR-2288,45.58,100.22,"[""Sci-Fi"", ""Action"", ""Thriller""]",25,0.893,0.339
USR-3192,41.94,,"[""Sci-Fi"", ""Thriller"", ""Action"", ""Adventure""]",23,0.82,0.451
USR-8524,23.22,50.82,"[""Sci-Fi"", ""Mystery"", ""Adventure""]",29,0.754,0.665
USR-9414,3.02,32.46,"[""Family""]",4,0.335,0.72
USR-5152,6.14,24.77,"[""Animation"", ""Comedy""]",17,0.596,0.2
USR-3014,22.38,96.0,"[""Thriller"", ""Action"", ""Sci-Fi""]",17,0.776,0.237
USR-9297,15.34,65.65,"[""Documentary"", ""Mystery"", ""Sci-Fi"", ""Drama"", ""Adventure""]",25,0.808,0.417
USR-10465,1.19,43.87,"[""Comedy"", ""Family""]",3,0.462,0.77
USR-5618,6.02,21.65,"[""Animation""]",21,0.944,0.481
USR-6703,4.28,15.84,"[""Animation"", ""Romance""]",16,0.677,0.278
USR-7250,27.49,62.63,"[""Romance"", ""Documentary"", ""Mystery""]",34,0.665,0.553
USR-10333,5.6,29.49,"[""Comedy"", ""Drama""]",2,0.337,0.927
USR-7855,19.88,49.2,"[""Documentary"", ""Drama"", ""Romance""]",13,0.748,0.409
USR-7127,16.42,46.4,"[""Adventure"", ""Documentary"", ""Romance""]",33,0.573,0.49
USR-1450,33.42,78.24,"[""Sci-Fi"", ""Action""]",15,0.952,0.463
USR-8359,22.35,58.83,"[""Documentary"", ""Sci-Fi"", ""Drama"", ""Mystery""]",22,0.808,0.284
USR-6310,4.4,17.87,"[""Comedy""]",27,0.515,0.42
USR-1811,58.31,103.31,"[""Thriller"", ""Sci-Fi""]",26,0.857,0.54
USR-3767,45.29,80.88,"[""Sci-Fi"", ""Thriller"", ""Action""]",17,0.843,0.337
USR-9638,4.56,34.16,"[""Family"", ""Comedy""]",1,0.361,0.643
USR-8839,28.28,51.74,"[""Documentary"", ""Romance"", ""Adventure"", ""Crime"", ""Drama""]",25,0.713,0.467
USR-8179,24.87,52.56,"[""Mystery"", ""Romance"", ""Documentary"", ""Adventure""]",23,0.707,0.457
USR-8430,26.83,75.02,"[""Crime"", ""Romance"", ""Adventure"", ""Mystery"", ""Sci-Fi""]",38,0.749,0.466
USR-7521,16.57,,"[""Drama"", ""Adventure"", ""Romance"", ""Documentary""]",19,0.793,0.461
USR-8765,32.62,66.67,"[""Romance"", ""Documentary"", ""Sci-Fi"", ""Drama"", ""Mystery""]",38,0.638,0.422
USR-2478,38.99,88.6,"[""Thriller"", ""Action"", ""Sci-Fi""]",31,0.891,0.353
USR-2791,40.18,84.93,,21,0.843,0.43
USR-3009,46.23,86.66,"[""Sci-Fi"", ""Action""]",29,0.903,0.484
USR-1683,42.74,83.28,"[""Sci-Fi"", ""Action"", ""Thriller""]",22,0.935,0.439
USR-3949,38.54,105.91,"[""Thriller"", ""Action"", ""Sci-Fi""]",28,0.862,0.635
USR-5280,4.24,29.63,"[""Comedy""]",22,0.752,0.139
USR-8466,31.37,53.03,"[""Sci-Fi"", ""Documentary"", ""Adventure""]",35,0.897,0.408
USR-1058,37.31,84.11,"[""Thriller"", ""Action"", ""Sci-Fi""]",40,0.962,0.381
USR-8919,27.64,54.26,"[""Sci-Fi"", ""Documentary"", ""Drama"", ""Adventure"", ""Crime""]",32,0.708,0.442
USR-5824,6.15,30.64,"[""Comedy"", ""Animation""]",19,0.707,0.309
USR-10355,3.11,43.71,"[""Drama""]",5,0.155,0.444
USR-4456,9.29,30.59,"[""Comedy""]",22,0.715,0.488
USR-1047,27.14,72.3,"[""Sci-Fi"", ""Action"", ""Crime""]",20,0.833,0.451
USR-1031,33.83,90.21,"[""Sci-Fi"", ""Action""]",15,1.0,0.3
USR-7394,30.19,63.96,"[""Adventure"", ""Sci-Fi"", ""Romance""]",22,0.64,0.604
USR-5931,9.62,19.53,"[""Animation""]",16,0.481,0.531
USR-2469,50.18,89.66,"[""Sci-Fi"", ""Action""]",31,0.801,0.443
USR-2666,35.58,98.61,"[""Sci-Fi"", ""Action""]",16,0.818,0.41
USR-2417,34.17,104.2,"[""Thriller"", ""Action""]",31,0.843,0.488
USR-6805,11.29,22.64,"[""Comedy"", ""Animation""]",23,0.356,0.285
USR-10712,2.9,23.18,"[""Drama"", ""Family""]",7,0.577,0.596
USR-5088,10.8,20.99,"[""Comedy""]",16,0.61,0.249
USR-10971,3.88,13.63,"[""Drama"", ""Comedy""]",3,0.373,0.495
USR-3847,46.42,91.7,"[""Thriller"", ""Action""]",22,0.785,0.346
USR-1430,31.93,89.72,"[""Action"", ""Thriller"", ""Sci-Fi"", ""Adventure""]",18,0.857,0.399
USR-6369,11.1,32.58,"[""Comedy"", ""Animation""]",16,0.567,0.508
USR-4856,6.88,21.17,"[""Animation""]",23,0.693,0.41
USR-1386,39.61,96.64,"[""Action"", ""Sci-Fi"", ""Thriller""]",28,0.773,0.322
USR-2946,41.28,,"[""Sci-Fi"", ""Action"", ""Thriller""]",23,0.7,0.462
USR-8821,23.83,67.69,"[""Sci-Fi"", ""Crime"", ""Documentary"", ""Drama"", ""Mystery""]",25,0.731,0.617
USR-1474,33.74,82.36,"[""Action"", ""Sci-Fi"", ""Thriller""]",25,0.819,0.46
USR-7576,22.37,58.32,"[""Romance"", ""Adventure"", ""Sci-Fi"", ""Mystery""]",23,0.786,0.195
USR-10014,2.98,39.92,"[""Comedy""]",4,0.57,0.707
USR-8473,38.51,49.72,"[""Documentary"", ""Drama"", ""Mystery"", ""Adventure""]",24,0.703,0.636
USR-8160,31.64,58.96,"[""Romance"", ""Mystery"", ""Documentary"", ""Adventure"", ""Crime""]",30,0.786,0.532
USR-2056,29.85,,"[""Sci-Fi"", ""Thriller"", ""Adventure""]",19,0.813,0.565
USR-7667,32.91,43.26,"[""Drama"", ""Documentary"", ""Mystery""]",19,0.657,0.573
USR-3890,38.11,113.73,"[""Action"", ""Sci-Fi""]",19,0.95,0.456
USR-6737,5.49,24.96,"[""Comedy""]",22,0.883,0.363
USR-7059,28.86,66.06,"[""Romance"", ""Drama"", ""Crime""]",25,0.767,0.457
USR-1812,53.57,112.62,"[""Sci-Fi"", ""Action""]",25,0.885,0.52
USR-7583,32.56,62.66,"[""Crime"", ""Romance"", ""Sci-Fi"", ""Mystery""]",30,0.774,0.441
USR-3514,34.87,98.07,"[""Action"", ""Thriller"", ""Sci-Fi""]",22,0.814,0.397
USR-10266,3.69,31.39,"[""Family""]",7,0.505,0.708
USR-9527,3.11,20.57,"[""Family""]",8,0.49,0.876
USR-7374,25.85,79.8,"[""Documentary"", ""Adventure"", ""Mystery"", ""Sci-Fi"", ""Romance""]",19,0.746,0.546
USR-1112,42.77,77.01,"[""Action"", ""Sci-Fi"", ""Thriller""]",29,0.837,0.337
USR-10003,1.94,43.53,"[""Family""]",7,0.364,0.946
USR-2746,40.76,93.99,"[""Action"", ""Thriller"", ""Sci-Fi""]",32,0.923,0.424
USR-7815,29.5,58.79,"[""Romance"", ""Adventure"", ""Sci-Fi""]",32,0.682,0.372
USR-2453,39.79,100.23,"[""Action"", ""Sci-Fi"", ""Thriller""]",31,0.91,0.37
USR-3150,37.82,115.28,"[""Thriller"", ""Action"", ""Sci-Fi""]",19,0.964,0.44
USR-1320,48.05,106.11,"[""Action"", ""Thriller""]",12,1.0,0.364
USR-5101,9.77,20.33,"[""Comedy"", ""Animation""]",15,0.827,0.217
USR-6508,9.62,18.7,"[""Animation"", ""Comedy""]",14,0.579,0.465
USR-2923,40.45,111.05,"[""Action"", ""Thriller""]",25,0.867,0.538
USR-7002,,51.52,"[""Mystery"", ""Sci-Fi"", ""Adventure"", ""Documentary"", ""Drama""]",23,0.711,0.314
USR-8714,25.5,39.53,"[""Crime"", ""Adventure"", ""Sci-Fi"", ""Mystery""]",20,0.722,0.553
USR-4466,5.14,28.8,"[""Comedy"", ""Animation""]",26,0.691,0.368
USR-5375,7.93,14.37,"[""Animation"", ""Comedy""]",12,0.599,0.354
USR-6419,6.47,25.14,"[""Animation""]",20,0.503,0.201
USR-3130,37.43,79.18,"[""Sci-Fi"", ""Action"", ""Thriller""]",17,0.822,0.335
USR-9795,3.92,45.48,"[""Drama""]",3,0.481,1.0
USR-10592,2.38,25.69,"[""Drama""]",5,0.417,0.706
USR-10301,,33.2,"[""Comedy"", ""Family""]",4,0.307,0.628
USR-5920,4.73,14.92,"[""Comedy"", ""Animation""]",20,0.53,0.353
USR-2053,-20.12144638777232,101.39,"[""Action"", ""Sci-Fi""]",31,0.606,0.381
USR-5254,6.1,,"[""Animation"", ""Comedy""]",19,0.724,0.381
USR-5054,8.62,27.66,"[""Comedy""]",25,0.513,0.48
USR-1100,34.28,88.85,"[""Action"", ""Sci-Fi"", ""Thriller""]",32,0.868,0.463
USR-7625,34.96,40.31,"[""Sci-Fi"", ""Drama"", ""Documentary"", ""Adventure""]",30,0.98,0.392
USR-2457,39.37,76.26,"[""Action"", ""Thriller""]",14,0.94,0.425
USR-9118,30.07,57.14,"[""Drama"", ""Crime"", ""Romance"", ""Adventure""]",25,0.791,0.521
USR-1813,41.42,88.97,"[""Action"", ""Sci-Fi""]",29,0.785,0.554
USR-5059,6.65,25.59,"[""Animation"", ""Comedy""]",25,0.605,0.43
USR-10506,0.44,43.62,"[""Family""]",4,0.275,0.721
USR-4464,,17.03,"[""Animation""]",29,0.507,0.418
USR-10529,1.71,38.39,"[""Comedy""]",6,0.267,0.812
USR-10085,4.6,46.72,"[""Drama""]",6,0.369,0.593
USR-7886,17.71,57.19,"[""Crime"", ""Documentary"", ""Drama"", ""Sci-Fi""]",22,0.854,0.569
USR-10744,2.38,34.41,"[""Drama""]",8,0.348,0.741
USR-6158,9.39,34.02,"[""Comedy""]",24,0.623,0.461
USR-2415,34.62,86.3,"[""Action"", ""Thriller""]",25,0.733,0.542
USR-1541,26.47,89.97,"[""Thriller"", ""Action""]",22,0.859,0.384
USR-7311,32.75,43.88,"[""Sci-Fi"", ""Adventure"", ""Mystery"", ""Romance""]",23,0.898,0.493
USR-5066,8.68,15.44,"[""Animation""]",20,0.643,0.402
USR-5229,8.78,21.67,"[""Animation"", ""Comedy""]",20,0.864,0.386
USR-1755,42.76,90.4,"[""Thriller"", ""Sci-Fi"", ""Action""]",23,0.865,0.423
USR-4310,-18.19800196483738,19.96,"[""Comedy"", ""Animation""]",19,0.524,0.321
USR-8969,27.13,80.6,"[""Drama"", ""Crime"", ""Mystery"", ""Romance"", ""Adventure""]",32,0.948,0.49
USR-5627,8.14,29.51,"[""Animation""]",19,0.575,0.364
USR-10617,5.32,51.91,"[""Drama""]",6,0.151,0.825
USR-9216,25.38,60.98,"[""Drama"", ""Mystery"", ""Adventure"", ""Romance"", ""Sci-Fi""]",36,0.685,0.465
USR-3302,37.37,87.91,"[""Sci-Fi"", ""Action"", ""Thriller""]",30,0.86,0.347
USR-5078,8.07,20.34,"[""Comedy"", ""Animation""]",28,0.738,0.414
USR-6852,7.07,19.42,"[""Animation""]",11,0.561,0.342
USR-4543,9.19,37.05,"[""Animation"", ""Comedy""]",16,0.759,0.545
USR-10100,3.19,40.65,"[""Drama"", ""Comedy""]",6,0.412,0.89
USR-9574,2.61,42.84,"[""Drama"", ""Family""]",4,0.535,0.994
USR-6519,11.67,20.4,"[""Animation""]",27,0.596,0.43
USR-7454,21.43,56.86,"[""Drama"", ""Documentary"", ""Mystery""]",26,0.928,0.413
USR-8114,21.2,54.38,"[""Crime"", ""Mystery"", ""Documentary"", ""Adventure""]",32,0.872,0.301
USR-5713,6.97,24.94,"[""Comedy""]",24,0.666,0.334
USR-1602,31.05,80.04,"[""Action"", ""Sci-Fi""]",25,0.8,0.371
USR-9252,28.47,74.29,"[""Documentary"", ""Adventure"", ""Mystery"", ""Romance"", ""Drama""]",29,0.809,0.499
USR-10013,4.7,14.65,"[""Comedy""]",4,0.481,0.802
USR-4132,42.51,71.22,"[""Action"", ""Thriller""]",24,0.793,0.529
USR-3485,42.02,117.6,"[""Sci-Fi"", ""Thriller""]",34,0.706,0.371
USR-5012,12.34,24.62,"[""Comedy""]",24,0.491,0.312
USR-9953,4.61,33.06,"[""Family"", ""Drama""]",7,0.222,0.697
USR-2045,20.41,83.09,"[""Sci-Fi"", ""Action"", ""Thriller""]",34,0.733,0.441
USR-8503,25.48,39.87,"[""Drama"", ""Documentary"", ""Crime""]",31,0.735,0.755
USR-2558,22.71,87.51,"[""Action"", ""Thriller""]",25,0.785,0.345
USR-5008,2.52,20.52,"[""Animation""]",19,0.726,0.555
USR-7225,34.12,79.5,"[""Mystery"", ""Crime"", ""Drama"", ""Romance""]",21,0.791,0.521
USR-1181,33.75,86.55,"[""Thriller"", ""Sci-Fi""]",33,0.819,0.595
USR-3116,32.53,104.77,"[""Thriller"", ""Action""]",20,0.737,0.478
USR-2700,40.69,92.08,"[""Thriller"", ""Action"", ""Sci-Fi"", ""Crime""]",30,0.772,0.599
USR-2380,37.41,83.2,"[""Action"", ""Thriller"", ""Sci-Fi"", ""Crime""]",23,0.986,0.619
USR-7689,26.13,49.8,"[""Documentary"", ""Drama"", ""Romance"", ""Crime""]",27,0.697,0.383
USR-9022,34.87,63.72,"[""Mystery"", ""Crime"", ""Documentary"", ""Drama"", ""Romance""]",32,0.767,0.523
USR-7182,31.86,69.86,"[""Documentary"", ""Romance"", ""Sci-Fi""]",28,0.86,0.497
USR-1619,36.14,100.77,"[""Action"", ""Thriller"", ""Crime""]",25,0.9,0.49
USR-8376,32.88,47.44,"[""Sci-Fi"", ""Romance"", ""Documentary"", ""Crime"", ""Silent Cinema""]",22,0.775,0.415
USR-10950,2.34,26.04,"[""Drama"", ""Family""]",7,0.195,0.629
USR-2601,35.31,107.96,"[""Action"", ""Sci-Fi"", ""Thriller""]",16,0.878,0.642
USR-7102,19.07,,"[""Sci-Fi"", ""Romance"", ""Crime""]",33,0.827,0.279
USR-2616,44.06,89.04,"[""Thriller"", ""Action"", ""Sci-Fi""]",20,0.886,0.219
USR-7594,29.21,67.99,"[""Drama"", ""Sci-Fi"", ""Adventure"", ""Romance"", ""Crime""]",28,0.669,0.474
USR-1439,24.83,94.5,"[""Action"", ""Thriller"", ""Sci-Fi""]",34,0.721,0.323
USR-7110,27.7,60.63,"[""Sci-Fi"", ""Crime"", ""Romance""]",30,0.781,0.405
USR-3084,43.69,96.99,"[""Sci-Fi"", ""Thriller""]",25,0.83,0.547
USR-5520,8.4,17.07,"[""Comedy"", ""Animation"", ""Romance""]",16,0.628,0.267
USR-10227,3.54,33.19,"[""Family""]",3,0.395,0.65
USR-6240,1.66,25.42,"[""Animation"", ""Comedy""]",20,0.422,0.55
USR-5695,7.22,19.11,"[""Comedy""]",22,0.673,0.242
USR-9966,2.78,28.02,"[""Drama""]",6,0.425,0.759
USR-7966,22.99,48.65,"[""Documentary"", ""Mystery"", ""Sci-Fi""]",33,0.811,0.352
USR-6073,7.56,25.54,"[""Animation"", ""Comedy""]",25,0.81,0.44
USR-10969,4.24,36.27,"[""Drama""]",9,0.224,0.53
USR-9423,3.91,27.56,"[""Comedy"", ""Family""]",5,0.192,0.728
USR-2919,39.29,83.76,"[""Thriller"", ""Sci-Fi""]",25,0.757,0.341
USR-9419,3.32,34.89,"[""Family""]",8,0.418,0.688
USR-6841,7.91,28.7,"[""Comedy"", ""Animation""]",15,0.645,0.429
USR-9017,28.57,67.76,"[""Adventure"", ""Sci-Fi"", ""Drama""]",28,0.669,0.398
USR-4705,12.09,24.92,"[""Comedy"", ""Romance""]",21,0.63,0.338
USR-10674,2.88,,"[""Comedy""]",8,0.562,0.72
USR-3055,46.84,109.48,"[""Sci-Fi"", ""Thriller""]",17,0.884,0.596
USR-8967,26.84,51.6,"[""Romance"", ""Drama"", ""Sci-Fi"", ""Adventure""]",29,0.757,0.43
USR-10305,3.72,36.2,"[""Family""]",6,0.211,0.654
USR-3226,41.48,106.62,"[""Sci-Fi"", ""Action""]",25,0.962,0.482
USR-6215,3.48,27.48,"[""Comedy""]",21,0.347,0.407
USR-2127,45.88,100.06,"[""Thriller"", ""Sci-Fi""]",23,0.752,0.222
USR-7477,22.66,49.75,"[""Crime"", ""Adventure"", ""Sci-Fi"", ""Mystery""]",24,0.747,0.345
USR-5709,12.5,14.97,"[""Animation"", ""Comedy"", ""Silent Cinema""]",21,0.72,0.389
USR-7761,18.24,61.77,"[""Adventure"", ""Sci-Fi"", ""Drama"", ""Romance"", ""Mystery""]",36,0.797,0.289
USR-8681,28.79,48.89,"[""Documentary"", ""Romance"", ""Adventure""]",30,0.747,0.537
USR-2323,46.34,102.52,"[""Thriller"", ""Sci-Fi"", ""Action""]",17,0.825,0.484
USR-2604,40.99,75.46,"[""Thriller"", ""Action""]",34,0.91,0.407
USR-10607,2.87,32.92,"[""Family"", ""Drama""]",8,0.45,0.733
USR-8595,26.62,76.59,"[""Drama"", ""Sci-Fi"", ""Mystery"", ""Crime""]",25,0.849,0.288
USR-5439,7.56,23.44,"[""Animation"", ""Comedy""]",22,0.542,0.475
USR-6187,10.14,23.42,"[""Animation"", ""Comedy"", ""Romance""]",21,0.54,0.406
USR-5515,5.53,28.8,"[""Animation""]",12,0.738,0.355
USR-6160,7.09,24.31,"[""Animation"", ""Comedy""]",20,0.743,0.245
USR-8533,23.39,47.18,"[""Romance"", ""Mystery"", ""Adventure"", ""Sci-Fi""]",22,0.767,0.712
USR-10439,5.47,44.08,"[""Family""]",6,0.367,0.664
USR-4040,42.89,108.39,"[""Thriller"", ""Sci-Fi""]",17,0.807,0.205
USR-6260,7.54,26.47,"[""Animation"", ""Comedy""]",18,0.763,0.463
USR-2560,48.3,124.41,"[""Thriller"", ""Action""]",26,0.713,0.249
USR-7873,28.18,,"[""Adventure"", ""Sci-Fi"", ""Romance"", ""Documentary"", ""Drama""]",13,0.823,0.456
USR-8728,34.07,51.28,"[""Romance"", ""Mystery"", ""Adventure"", ""Sci-Fi"", ""Drama""]",29,0.595,0.33
USR-8606,25.75,72.71,"[""Crime"", ""Sci-Fi"", ""Romance"", ""Documentary""]",39,0.706,0.485
USR-4048,34.62,110.77,"[""Sci-Fi"", ""Thriller""]",18,0.877,0.368
USR-9179,37.96,54.89,"[""Adventure"", ""Sci-Fi"", ""Mystery"", ""Drama""]",37,0.85,0.584
USR-9472,3.59,38.4,"[""Comedy"", ""Family""]",3,0.422,0.764
USR-2355,30.51,78.19,"[""Sci-Fi"", ""Thriller"", ""Adventure""]",20,0.921,0.448
USR-1046,35.59,85.93,"[""Sci-Fi"", ""Thriller""]",26,0.895,0.507
USR-5047,9.14,30.77,"[""Animation""]",20,0.361,0.403
USR-1749,43.9,84.17,"[""Action"", ""Sci-Fi"", ""Thriller""]",8,0.959,0.496
USR-5951,6.39,20.04,"[""Comedy"", ""Animation""]",18,0.691,0.464
USR-3674,34.13,96.85,"[""Thriller"", ""Action"", ""Crime""]",20,0.91,0.447
USR-6617,6.31,23.65,"[""Animation""]",14,0.675,0.24
USR-8059,32.02,66.83,"[""Drama"", ""Mystery"", ""Documentary"", ""Romance""]",20,0.598,0.451
USR-9991,3.58,28.86,"[""Comedy"", ""Drama""]",5,0.4,0.838
USR-8987,28.18,73.97,"[""Romance"", ""Drama"", ""Crime"", ""Documentary"", ""Mystery""]",38,0.706,0.335
USR-6297,8.91,31.82,"[""Animation""]",24,0.625,0.227
USR-7066,25.54,53.16,"[""Crime"", ""Sci-Fi"", ""Drama"", ""Adventure"", ""Documentary""]",22,0.798,0.609
USR-3252,27.61,78.61,"[""Action"", ""Thriller""]",29,0.872,0.408
USR-5971,11.036293746606942,27.63,"[""Comedy""]",17,0.593,0.394
USR-4012,27.79,99.37,"[""Action"", ""Thriller"", ""Adventure""]",36,0.919,0.288
USR-4669,11.83,10.0,"[""Comedy""]",26,0.765,0.137
USR-9958,4.05,32.56,"[""Drama""]",6,0.515,0.651
USR-3484,33.16,112.17,"[""Sci-Fi"", ""Action"", ""Adventure""]",21,0.84,0.448
USR-8537,19.32,45.32,"[""Mystery"", ""Adventure"", ""Documentary""]",29,0.916,0.554
USR-3474,34.08,95.19,"[""Sci-Fi"", ""Action"", ""Thriller""]",27,0.867,0.321
USR-7492,32.12,66.52,"[""Documentary"", ""Romance"", ""Adventure"", ""Mystery"", ""Sci-Fi""]",27,0.777,0.545
USR-8950,18.1,50.1,"[""Romance"", ""Drama"", ""Adventure"", ""Documentary"", ""Sci-Fi""]",26,0.684,0.549
USR-10737,944.947826773461,700.9807162084276,"[""Family""]",8,0.362,0.754
USR-6724,10.56,24.56,"[""Animation"", ""Comedy""]",26,0.553,0.374
USR-1665,38.07,88.67,"[""Thriller"", ""Action"", ""Sci-Fi"", ""Adventure""]",25,0.809,0.21
USR-3508,39.05,92.2,"[""Sci-Fi"", ""Action"", ""Thriller""]",25,0.952,0.338
USR-7426,31.91,87.36,"[""Mystery"", ""Adventure"", ""Sci-Fi""]",27,0.69,0.315
USR-4860,7.0,18.66,"[""Animation""]",14,0.705,0.338
USR-10698,1.98,43.01,"[""Comedy"", ""Family""]",1,0.457,0.659
USR-3751,40.63,96.42,"[""Thriller"", ""Action"", ""Sci-Fi""]",28,0.737,0.392
USR-1676,39.37,72.51,"[""Sci-Fi"", ""Action""]",35,0.841,0.385
USR-3956,41.21,82.88,"[""Action"", ""Thriller"", ""Sci-Fi""]",20,0.816,0.381
USR-3998,41.53,106.03,"[""Action"", ""Thriller"", ""Adventure""]",23,0.9,0.239
USR-9367,1.29,33.2,"[""Comedy"", ""Family""]",7,0.418,0.657
USR-2963,36.88,77.49,"[""Action"", ""Thriller""]",28,0.901,0.362
USR-2841,35.12,,"[""Action"", ""Sci-Fi"", ""Thriller""]",31,0.88,0.345
USR-8548,30.43,50.19,"[""Crime"", ""Mystery"", ""Adventure"", ""Sci-Fi"", ""Documentary""]",26,0.748,0.533
USR-5909,10.25,27.96,"[""Comedy""]",16,0.515,0.229
USR-6216,8.47,19.11,"[""Comedy"", ""Animation""]",20,0.784,0.23
USR-6769,9.9,23.03,"[""Animation""]",28,0.714,0.409
USR-5979,11.15,24.34,"[""Comedy"", ""Animation""]",22,0.576,0.407
USR-3499,36.73,86.5,"[""Thriller"", ""Sci-Fi"", ""Action""]",25,0.76,0.685
USR-5901,9.84,,"[""Comedy""]",25,0.599,0.346
USR-4782,8.18,23.17,"[""Comedy"", ""Romance""]",29,0.629,0.514
USR-10160,2.28,30.9,"[""Drama"", ""Comedy""]",10,0.504,0.625
USR-6747,9.82,23.87,"[""Animation""]",18,0.535,0.336
USR-1412,36.31,76.9,"[""Action"", ""Sci-Fi""]",19,0.772,0.324
USR-1614,38.61,77.61,"[""Action"", ""Thriller"", ""Sci-Fi""]",22,0.922,0.449
USR-3933,28.73,87.01,"[""Action"", ""Sci-Fi""]",16,0.897,0.415
USR-6333,,20.84,"[""Animation""]",24,0.539,0.556
USR-2431,41.62,109.46,"[""Action"", ""Thriller""]",26,0.775,0.612
USR-8685,25.27,70.74,"[""Adventure"", ""Romance"", ""Sci-Fi"", ""Crime""]",24,0.761,0.539
USR-10394,4.64,27.71,"[""Comedy"", ""Family""]",6,0.474,0.692
USR-5023,10.15,23.35,"[""Comedy""]",17,0.738,0.455
USR-6358,4.22,22.97,"[""Animation"", ""Comedy""]",27,0.792,0.573
USR-4051,38.24,88.74,"[""Sci-Fi"", ""Action"", ""Thriller""]",27,0.812,0.504
USR-2418,29.92,88.01,"[""Thriller"", ""Sci-Fi""]",20,0.958,0.437
USR-5234,10.8,25.88,"[""Comedy"", ""Animation"", ""Romance""]",28,0.735,0.478
USR-1605,39.01,81.13,"[""Sci-Fi"", ""Action""]",24,0.777,0.484
USR-2273,29.88,87.26,"[""Sci-Fi"", ""Thriller""]",33,0.737,0.267
USR-5128,10.87,25.84,"[""Comedy"", ""Animation""]",24,0.731,0.312
USR-7519,21.97,57.55,"[""Crime"", ""Drama"", ""Documentary"", ""Sci-Fi"", ""Romance""]",38,0.854,0.586
USR-7716,28.34,57.22,"[""Crime"", ""Sci-Fi"", ""Documentary""]",12,0.782,0.463
USR-4998,6.84,26.22,"[""Comedy""]",20,0.629,0.35
USR-1248,36.79,79.88,"[""Sci-Fi"", ""Action"", ""Thriller"", ""Crime""]",26,0.859,0.54
USR-6786,4.45,26.24,"[""Animation"", ""Comedy""]",12,0.54,0.296
USR-2983,48.13,104.79,"[""Thriller"", ""Sci-Fi"", ""Action""]",26,0.869,0.39
USR-3936,40.77,80.21,"[""Sci-Fi"", ""Thriller"", ""Action"", ""Crime""]",22,0.909,0.305
USR-6720,13.05,26.58,"[""Animation"", ""Comedy""]",15,0.661,0.365
USR-1200,39.38,114.83,"[""Thriller"", ""Sci-Fi"", ""Action"", ""Adventure""]",30,0.8,0.503
USR-1486,47.99,91.14,"[""Sci-Fi"", ""Thriller"", ""Action""]",24,0.89,0.372
USR-7227,24.4,,"[""Adventure"", ""Romance"", ""Mystery"", ""Crime"", ""Sci-Fi""]",30,0.818,0.373
USR-7976,24.06,61.86,"[""Romance"", ""Crime"", ""Mystery"", ""Documentary""]",33,0.752,0.636
USR-1456,43.56,85.31,"[""Thriller"", ""Action""]",17,0.84,0.364
USR-10897,3.68,25.43,"[""Family""]",4,0.481,0.626
USR-9920,1.73,30.36,"[""Family""]",5,0.26,0.427
USR-7670,20.41,51.42,"[""Drama"", ""Documentary"", ""Adventure"", ""Crime"", ""Mystery""]",36,0.736,0.473
USR-2722,43.72,89.49,[],39,0.861,0.526
USR-6274,6.23,27.77,"[""Comedy"", ""Animation""]",23,0.654,0.44
USR-9431,5.51,33.77,"[""Drama"", ""Comedy""]",3,0.331,0.533
USR-9267,28.29,64.44,"[""Adventure"", ""Drama"", ""Crime""]",39,0.752,0.583
USR-6901,34.71,73.29,"[""Crime"", ""Sci-Fi"", ""Drama""]",36,0.817,0.5
USR-6946,17.05,61.63,"[""Mystery"", ""Documentary"", ""Sci-Fi"", ""Adventure""]",18,0.796,0.409
USR-7833,27.28,42.71,"[""Adventure"", ""Crime"", ""Drama"", ""Romance"", ""Mystery""]",28,0.713,0.406
USR-1863,45.99,88.39,"[""Action"", ""Thriller"", ""Sci-Fi""]",32,0.889,0.298
USR-3095,30.57,83.51,"[""Sci-Fi"", ""Thriller"", ""Action""]",30,0.853,0.24
USR-1948,25.36,97.94,"[""Action"", ""Thriller""]",22,0.875,0.404
USR-3546,32.33,100.26,"[""Thriller"", ""Action"", ""Sci-Fi""]",33,0.908,0.399
USR-2445,39.64,88.23,"[""Sci-Fi"", ""Thriller"", ""Adventure""]",26,0.753,0.334
USR-2281,50.04,111.84,"[""Thriller"", ""Sci-Fi""]",34,0.864,0.448
USR-5881,3.65,22.97,"[""Comedy"", ""Animation""]",23,0.58,0.268
USR-5314,8.94,28.81,"[""Animation"", ""Comedy""]",18,0.566,0.269
USR-3987,35.06,77.89,"[""Sci-Fi"", ""Thriller""]",22,0.887,0.505
USR-3516,38.8,71.34,"[""Action"", ""Thriller""]",20,0.929,0.445
USR-7214,25.57,61.28,"[""Drama"", ""Documentary"", ""Sci-Fi"", ""Adventure"", ""Crime""]",28,0.699,0.429
USR-3303,36.59,89.21,"[""Sci-Fi"", ""Thriller""]",23,0.725,0.436
USR-3005,30.7,87.25,"[""Sci-Fi"", ""Action""]",24,0.896,0.577
USR-6262,7.68,25.31,"[""Comedy""]",22,0.782,0.38
USR-9797,4.31,32.9,"[""Family"", ""Drama""]",9,0.271,0.598
USR-2006,35.22,-35.713011742238095,"[""Thriller"", ""Action"", ""Sci-Fi""]",20,0.767,0.502
USR-9590,4.01,35.94,"[""Family"", ""Drama""]",6,0.393,0.885
USR-4814,6.1,19.57,"[""Animation""]",23,0.777,0.377
USR-3885,33.45,83.7,"[""Thriller"", ""Action"", ""Sci-Fi"", ""Adventure""]",30,0.892,0.51
USR-4949,9.9,35.53,"[""Comedy"", ""Animation"", ""Romance""]",27,0.594,0.369
USR-3133,30.54,89.67,"[""Thriller"", ""Sci-Fi""]",31,0.827,0.561
USR-10457,2.35,44.14,"[""Drama"", ""Family""]",6,0.29,0.615
USR-3058,45.98,63.25,"[""Action"", ""Sci-Fi""]",22,0.869,0.426
USR-3985,31.08,83.65,"[""Thriller"", ""Sci-Fi""]",25,0.79,0.506
USR-1230,36.03,65.61,"[""Sci-Fi"", ""Action"", ""Adventure""]",23,0.721,0.498
USR-4026,25.85,89.78,"[""Thriller"", ""Action"", ""Sci-Fi"", ""Crime""]",16,0.893,0.628
USR-9351,5.67,37.13,"[""Family"", ""Comedy""]",6,0.611,0.75
USR-9962,3.86,12.67,"[""Comedy""]",9,0.345,0.683
USR-7088,35.42,78.65,"[""Documentary"", ""Drama"", ""Sci-Fi""]",36,0.737,0.497
USR-5030,12.34,22.3,"[""Animation""]",12,0.645,0.414
USR-9470,2.35,35.16,"[""Comedy""]",9,0.457,0.966
USR-1210,40.61,80.48,"[""Sci-Fi"", ""Thriller"", ""Action""]",24,0.888,0.611
USR-3887,42.88,96.14,"[""Sci-Fi"", ""Action""]",23,0.845,0.45
USR-10108,3.18,10.0,"[""Family"", ""Drama""]",5,0.463,0.809
USR-10306,3.61,31.35,"[""Family"", ""Drama""]",5,0.459,0.637
USR-8283,30.58,59.37,"[""Sci-Fi"", ""Documentary"", ""Mystery""]",18,0.807,0.401
USR-4839,12.11,20.25,"[""Comedy""]",25,0.614,0.358
USR-2729,38.05,83.09,"[""Action"", ""Thriller"", ""Crime""]",27,0.998,0.522
USR-5274,10.93,19.77,"[""Animation"", ""Comedy"", ""Romance""]",21,0.766,0.467
USR-1338,32.76,99.51,"[""Sci-Fi"", ""Thriller"", ""Action""]",27,0.782,0.592
USR-7848,25.56,54.33,"[""Mystery"", ""Romance"", ""Crime"", ""Sci-Fi"", ""Drama""]",33,0.736,0.593
USR-5050,7.21,13.04,"[""Animation""]",21,0.634,0.326
USR-8415,20.63,49.9,"[""Romance"", ""Documentary"", ""Mystery""]",29,0.861,0.301
USR-5253,9.57,18.36,"[""Animation"", ""Comedy""]",21,0.662,0.324
USR-2227,31.73,76.66,"[""Thriller"", ""Action"", ""Adventure""]",41,0.83,0.227
USR-7841,23.67,65.39,"[""Documentary"", ""Crime"", ""Mystery"", ""Adventure"", ""Sci-Fi""]",19,0.719,0.505
USR-5419,9.42,21.13,"[""Comedy"", ""Animation""]",19,0.722,0.519
USR-9840,2.03,24.68,"[""Family"", ""Comedy""]",5,0.51,0.613
USR-10418,3.21,26.03,"[""Comedy""]",5,0.349,0.639
USR-5271,9.54,30.85,"[""Animation""]",20,0.775,0.54
USR-3112,27.38,88.06,"[""Thriller"", ""Action"", ""Sci-Fi""]",10,0.924,0.349
USR-9761,5.51,45.93,"[""Drama"", ""Comedy""]",9,0.347,0.876
USR-3920,34.21,104.12,"[""Action"", ""Thriller"", ""Sci-Fi""]",25,0.747,0.366
USR-5415,8.37,25.92,"[""Animation""]",22,0.677,0.324
USR-2018,37.69,78.28,"[""Action"", ""Thriller"", ""Crime""]",36,0.844,0.303
USR-5819,8.13,31.47,"[""Animation"", ""Comedy"", ""Romance""]",26,0.664,0.13
USR-9230,24.73,53.97,"[""Adventure"", ""Crime"", ""Documentary"", ""Drama""]",13,0.857,0.524
USR-6131,11.93,30.08,"[""Comedy""]",23,0.702,0.18
USR-2929,29.84,91.98,"[""Sci-Fi"", ""Action"", ""Thriller"", ""Crime""]",27,0.947,0.387
USR-1351,42.24,91.15,"[""Thriller"", ""Sci-Fi"", ""Action""]",34,0.677,0.639
USR-5793,5.79,23.73,"[""Comedy"", ""Animation""]",14,0.652,0.336
USR-5666,8.5,28.8,"[""Comedy""]",23,0.725,0.294
USR-2935,27.6,84.4,"[""Sci-Fi"", ""Thriller"", ""Action""]",21,0.833,0.373
USR-8062,34.1,48.58,"[""Adventure"", ""Romance"", ""Documentary""]",25,0.769,0.459
USR-5935,9.95,20.17,"[""Comedy""]",11,0.514,0.438
USR-1565,38.41,73.19,"[""Action"", ""Thriller""]",30,0.954,0.384
USR-2583,35.77,105.61,"[""Action"", ""Thriller"", ""Sci-Fi""]",33,0.844,0.398
USR-5285,6.77,26.62,"[""Comedy"", ""Animation""]",17,0.756,0.51
USR-3176,54.31,97.87,"[""Action"", ""Sci-Fi"", ""Crime""]",20,0.697,0.4
USR-7052,23.64,38.46,"[""Documentary"", ""Adventure"", ""Drama""]",31,0.723,0.539
USR-9383,2.16,41.46,"[""Drama""]",5,0.401,0.843
USR-3229,38.37,82.67,"[""Action"", ""Sci-Fi"", ""Adventure""]",27,0.757,0.636
USR-2116,39.37,100.75,"[""Action"", ""Sci-Fi""]",23,0.958,0.184
USR-7988,34.3,66.16,"[""Sci-Fi"", ""Romance"", ""Adventure""]",25,0.751,0.621
USR-3698,34.81,83.9,"[""Action"", ""Sci-Fi""]",21,0.911,0.637
USR-6166,8.63,25.59,"[""Animation"", ""Comedy""]",17,0.726,0.301
USR-7359,28.68,44.7,"[""Drama"", ""Sci-Fi"", ""Crime""]",17,0.813,0.473
USR-8646,,42.32,"[""Crime"", ""Documentary"", ""Drama"", ""Romance""]",35,0.847,0.667
USR-1822,36.03,124.09,"[""Action"", ""Sci-Fi"", ""Thriller""]",36,0.757,0.578
USR-6385,808.987183146601,648.0802244290056,"[""Comedy"", ""Animation""]",22,0.399,0.226
USR-3273,37.58,,"[""Action"", ""Thriller""]",27,0.698,0.437
USR-8634,28.65,79.29,"[""Sci-Fi"", ""Crime"", ""Romance""]",21,0.647,0.474
USR-1082,52.99,90.43,"[""Action"", ""Thriller""]",26,0.817,0.275
USR-2324,30.61,66.79,"[""Sci-Fi"", ""Action""]",22,0.912,0.333
USR-7638,34.58,64.83,"[""Adventure"", ""Mystery"", ""Drama""]",31,0.811,0.494
USR-2615,39.64,83.49,"[""Thriller"", ""Sci-Fi""]",16,0.859,0.387
USR-1832,39.98,90.71,"[""Sci-Fi"", ""Action""]",18,0.818,0.428
USR-5075,9.0,24.7,"[""Comedy""]",12,0.61,0.484
USR-6269,9.11,26.28,"[""Comedy"", ""Romance""]",16,0.407,0.49
USR-3421,40.46,62.24,"[""Thriller"", ""Action""]",22,0.862,0.388
USR-5569,5.84,34.32,"[""Animation""]",24,0.578,0.196
USR-8845,22.28,65.58,"[""Crime"", ""Romance"", ""Sci-Fi""]",24,0.703,0.467
USR-5485,7.49,19.87,"[""Animation"", ""Comedy"", ""Romance""]",17,0.518,0.392
USR-2650,25.93,86.14,"[""Thriller"", ""Sci-Fi"", ""Action""]",23,0.861,0.364
USR-9373,2.74,34.54,"[""Family"", ""Comedy""]",5,0.328,0.894
USR-6539,6.76,24.19,"[""Animation"", ""Comedy""]",7,0.606,0.383
USR-10230,3.47,46.92,"[""Drama""]",1,0.233,0.776
USR-3685,33.16,110.61,"[""Thriller"", ""Action""]",27,0.852,0.309
USR-7878,31.55,35.0,"[""Mystery"", ""Drama"", ""Adventure""]",26,0.769,0.63
USR-8310,16.68,60.57,"[""Adventure"", ""Documentary"", ""Romance"", ""Drama""]",42,0.828,0.422
USR-8050,23.75,90.14,"[""Romance"", ""Crime"", ""Adventure""]",23,0.783,0.4
USR-3616,39.18,84.07,"[""Thriller"", ""Action"", ""Adventure""]",32,0.884,0.439
USR-4906,13.56,24.21,"[""Comedy"", ""Animation""]",22,0.641,0.308
USR-3535,32.35,107.46,"[""Action"", ""Thriller""]",25,0.885,0.248
USR-1750,24.93,107.01,"[""Thriller"", ""Sci-Fi""]",31,0.715,0.39
USR-6396,9.0,23.54,"[""Animation"", ""Comedy"", ""Romance""]",20,0.568,0.313
USR-3374,48.72,90.08,"[""Thriller"", ""Action""]",23,0.818,0.396
USR-9108,25.65,86.08,"[""Adventure"", ""Crime"", ""Sci-Fi"", ""Drama"", ""Romance""]",23,0.753,0.4
USR-5802,7.43,27.94,"[""Comedy"", ""Animation"", ""Slow TV""]",17,0.615,0.302
USR-7078,37.37,35.0,"[""Adventure"", ""Romance"", ""Crime"", ""Drama"", ""Documentary""]",20,0.8,0.4
USR-6458,13.31,25.68,"[""Animation"", ""Romance""]",10,0.595,0.278
USR-4339,1.87,20.32,"[""Animation"", ""Comedy""]",19,0.649,0.521
USR-9459,2.71,19.81,"[""Drama""]",3,0.364,0.824
USR-9713,2.12,47.2,"[""Comedy""]",7,0.528,0.848
USR-9212,28.26,53.36,"[""Sci-Fi"", ""Documentary"", ""Adventure""]",34,0.88,0.564
USR-10412,3.82,47.85,"[""Family"", ""Drama""]",6,0.316,0.874
USR-6423,9.49,18.41,"[""Comedy""]",14,0.76,0.303
USR-8403,33.22,79.33,"[""Mystery"", ""Drama"", ""Romance""]",27,0.737,0.628
USR-8279,32.28,56.6,"[""Crime"", ""Sci-Fi"", ""Romance"", ""Adventure"", ""Documentary""]",27,0.71,0.197
USR-6958,23.21,63.56,"[""Mystery"", ""Romance"", ""Documentary""]",35,0.736,0.571
USR-2140,47.51,99.55,"[""Thriller"", ""Sci-Fi""]",19,0.845,0.542
USR-8802,14.43,50.77,"[""Crime"", ""Sci-Fi"", ""Mystery""]",18,0.87,0.453
USR-3232,45.79,63.86,"[""Thriller"", ""Sci-Fi"", ""Action""]",21,0.971,0.446
USR-3165,44.97,74.55,"[""Action"", ""Sci-Fi"", ""Crime""]",25,0.862,0.385
USR-5278,9.93,18.43,"[""Comedy"", ""Animation""]",26,0.639,0.442
USR-7554,27.88,47.38,"[""Romance"", ""Sci-Fi"", ""Mystery"", ""Adventure"", ""Crime""]",21,0.657,0.457
USR-8662,27.04,61.9,"[""Sci-Fi"", ""Documentary"", ""Crime"", ""Adventure""]",34,0.8,0.591
USR-5268,13.04,35.78,"[""Animation"", ""Comedy""]",20,0.668,0.319
USR-2571,54.03,81.39,"[""Thriller"", ""Action""]",21,0.855,0.347
USR-1173,38.61,90.62,"[""Sci-Fi"", ""Action"", ""Thriller""]",30,0.827,0.447
USR-8418,20.45,66.92,"[""Sci-Fi"", ""Documentary"", ""Drama""]",36,0.783,0.358
USR-3088,35.96,106.19,"[""Action"", ""Sci-Fi"", ""Thriller""]",20,0.947,0.509
USR-9066,27.27,65.16,"[""Romance"", ""Drama"", ""Sci-Fi"", ""Documentary"", ""Crime""]",20,0.742,0.484
USR-5690,12.25,13.56,"[""Comedy""]",21,0.605,0.319
USR-8253,18.03,35.0,"[""Documentary"", ""Crime"", ""Romance"", ""Drama""]",21,0.624,0.593
USR-7486,24.59,48.41,"[""Sci-Fi"", ""Drama"", ""Romance"", ""Adventure""]",15,0.647,0.372
USR-9887,4.22,41.93,"[""Drama"", ""Comedy""]",4,0.371,0.912
USR-7772,17.99,46.5,"[""Romance"", ""Sci-Fi"", ""Documentary"", ""Drama""]",30,0.791,0.22
USR-2833,40.25,60.69,"[""Thriller"", ""Sci-Fi"", ""Action""]",26,0.967,0.418
USR-6227,4.51,31.25,"[""Comedy""]",18,0.729,0.31
USR-4996,8.26,21.92,"[""Animation"", ""Romance""]",20,0.776,0.13
USR-10226,1.7,34.67,"[""Comedy"", ""Drama""]",5,0.516,0.698
USR-4429,7.36,25.03,"[""Comedy"", ""Animation""]",23,0.57,0.256
USR-7108,24.71,63.48,"[""Adventure"", ""Romance"", ""Sci-Fi""]",28,0.9,0.481
USR-4756,,,"[""Comedy""]",9,0.612,0.435
USR-6174,10.09,21.85,"[""Comedy"", ""Animation""]",21,0.68,0.253
USR-1835,41.39,105.83,"[""Action"", ""Thriller""]",20,0.778,0.348
USR-3487,28.93,89.6,"[""Thriller"", ""Sci-Fi"", ""Action""]",18,0.798,0.403
USR-8984,27.09,73.23,"[""Documentary"", ""Adventure"", ""Mystery""]",30,0.831,0.621
USR-9639,2.09,36.35,"[""Comedy"", ""Drama""]",4,0.271,0.93
USR-3883,38.73,115.92,"[""Thriller"", ""Sci-Fi""]",24,0.79,0.393
USR-6834,14.03,18.47,"[""Comedy"", ""Animation""]",9,0.711,0.47
USR-10221,3.65,11.2,"[""Drama"", ""Comedy""]",8,0.397,0.706
USR-10364,2.74,19.49,"[""Family"", ""Drama""]",5,0.366,0.621
USR-1066,39.89,92.4,"[""Thriller"", ""Action""]",30,0.772,0.428
USR-10861,2.54,39.95,"[""Drama""]",7,0.548,0.914
USR-5276,6.71,24.43,"[""Animation"", ""Comedy"", ""Romance""]",26,0.711,0.362
USR-9409,4.95,18.06,"[""Comedy""]",10,0.415,0.49
USR-1355,32.98,95.85,"[""Thriller"", ""Sci-Fi""]",29,0.897,0.665
USR-8745,32.53,42.7,"[""Mystery"", ""Drama"", ""Documentary""]",33,0.764,0.486
USR-10451,3.34,,"[""Family""]",6,0.513,0.744
USR-6904,18.4,44.87,"[""Adventure"", ""Crime"", ""Sci-Fi"", ""Drama""]",30,0.796,0.631
USR-7131,27.86,84.1,"[""Documentary"", ""Adventure"", ""Sci-Fi"", ""Drama"", ""Mystery""]",24,0.777,0.552
USR-7897,31.15,52.61,"[""Adventure"", ""Romance"", ""Drama""]",24,0.736,0.42
USR-6010,7.19,24.21,"[""Comedy"", ""Animation"", ""Romance""]",19,0.583,0.13
USR-5225,14.23,20.05,"[""Animation"", ""Comedy""]",20,0.682,0.164
USR-9210,32.24,74.64,"[""Romance"", ""Documentary"", ""Drama"", ""Mystery"", ""Sci-Fi""]",21,0.98,0.671
USR-6971,27.96,65.24,"[""Romance"", ""Documentary"", ""Drama"", ""Adventure""]",24,0.732,0.535
USR-5529,8.91,19.67,"[""Animation"", ""Comedy"", ""Romance""]",20,0.649,0.263
USR-1473,30.27,79.93,"[""Thriller"", ""Sci-Fi""]",19,0.811,0.472
USR-6392,8.87,16.5,"[""Comedy"", ""Animation""]",18,0.627,0.32
USR-7085,32.46,60.89,"[""Adventure"", ""Documentary"", ""Crime""]",36,0.823,0.584
USR-7056,20.55,67.84,"[""Drama"", ""Crime"", ""Romance"", ""Mystery""]",28,0.884,0.644
USR-4185,37.16,75.59,"[""Action"", ""Sci-Fi""]",25,0.834,0.4
USR-1869,42.62,97.95,"[""Sci-Fi"", ""Action""]",18,0.849,0.322
USR-5763,8.8,20.62,,21,0.614,0.339
USR-10774,3.8,23.25,"[""Family""]",8,0.199,0.716
USR-2507,39.78,88.44,"[""Sci-Fi"", ""Action""]",18,0.715,0.419
USR-6278,7.34,23.76,"[""Comedy""]",32,0.687,0.408
USR-4406,6.75,26.72,"[""Comedy"", ""Romance""]",27,0.467,0.215
USR-7146,18.1,62.55,"[""Sci-Fi"", ""Adventure"", ""Crime"", ""Drama""]",18,0.812,0.631
USR-6466,8.78,21.45,"[""Comedy""]",18,0.697,0.3
USR-10426,0.32,46.98,"[""Family"", ""Drama""]",8,0.536,0.896
USR-9219,24.18,67.06,"[""Documentary"", ""Adventure"", ""Drama"", ""Romance""]",19,0.859,0.635
USR-6373,13.6,33.97,"[""Animation"", ""Comedy""]",17,0.656,0.362
USR-7168,19.59,,"[""Adventure"", ""Drama"", ""Sci-Fi"", ""Mystery""]",19,0.929,0.381
USR-2076,33.72,58.45,"[""Sci-Fi"", ""Action""]",20,0.812,0.233
USR-5864,9.24,19.56,"[""Animation"", ""Comedy""]",19,0.657,0.333
USR-7910,,77.45,"[""Sci-Fi"", ""Crime"", ""Drama"", ""Mystery""]",32,0.756,0.277
USR-5412,5.03,24.87,"[""Animation"", ""Comedy""]",22,0.581,0.314
USR-4873,9.18,14.13,"[""Comedy"", ""Animation"", ""Romance""]",14,0.634,0.307
USR-5869,7.24,27.22,"[""Comedy"", ""Animation""]",23,0.663,0.485
USR-10350,2.13,34.76,"[""Drama""]",12,0.42,1.0
USR-10061,3.45,26.55,"[""Family""]",3,0.356,0.756
USR-8325,27.13,43.35,"[""Sci-Fi"", ""Romance"", ""Mystery"", ""Drama""]",34,0.853,0.524
USR-9325,3.64,36.92,"[""Family""]",5,0.327,0.763
USR-1074,35.12,125.46,"[""Action"", ""Sci-Fi"", ""Thriller""]",21,0.833,0.436
USR-7018,19.46,74.19,"[""Mystery"", ""Sci-Fi"", ""Crime"", ""Adventure""]",32,0.904,0.502
USR-5975,11.37,34.37,"[""Animation"", ""Comedy""]",23,0.458,0.234
USR-6122,11.97,21.64,"[""Comedy"", ""Animation""]",25,0.651,0.287
USR-7854,27.82,49.63,"[""Mystery"", ""Sci-Fi"", ""Adventure"", ""Drama"", ""Romance""]",29,0.81,0.37
USR-8088,31.96,63.48,"[""Sci-Fi"", ""Adventure"", ""Mystery""]",18,0.801,0.603
USR-2102,29.27,93.94,"[""Action"", ""Sci-Fi"", ""Thriller""]",28,0.859,0.407
USR-4147,46.04,120.41,"[""Thriller"", ""Sci-Fi""]",19,0.843,0.367
USR-10635,3.26,26.93,"[""Drama""]",1,0.454,0.811
USR-8827,25.61,68.84,"[""Mystery"", ""Drama"", ""Crime""]",26,0.797,0.645
USR-8665,20.35,58.67,"[""Crime"", ""Drama"", ""Adventure"", ""Sci-Fi"", ""Documentary""]",27,0.85,0.773
USR-5844,10.15,17.97,"[""Animation"", ""Comedy""]",22,0.613,0.476
USR-1119,47.93,76.15,"[""Thriller"", ""Sci-Fi"", ""Action""]",15,0.887,0.444
USR-3023,33.29,98.32,"[""Thriller"", ""Sci-Fi""]",26,0.96,0.429
USR-10985,3.15,45.85,"[""Family"", ""Comedy""]",6,0.58,0.66
USR-10151,1.82,21.09,"[""Comedy""]",8,0.418,0.762
USR-3035,25.9,92.97,"[""Action"", ""Sci-Fi"", ""Thriller""]",21,0.927,0.275
USR-7170,29.23,77.87,"[""Adventure"", ""Crime"", ""Documentary""]",28,0.813,0.333
USR-9758,2.76,27.37,"[""Family"", ""Comedy""]",6,0.481,0.762
USR-7420,22.75,60.88,"[""Romance"", ""Crime"", ""Sci-Fi"", ""Adventure"", ""Documentary""]",37,0.901,0.559
USR-2220,44.95,106.74,"[""Sci-Fi"", ""Action"", ""Thriller""]",13,0.87,0.509
USR-7664,33.56,52.89,"[""Drama"", ""Adventure"", ""Mystery"", ""Crime"", ""Romance""]",22,0.799,0.554
USR-7822,23.86,45.16,"[""Sci-Fi"", ""Documentary"", ""Romance""]",28,0.836,0.302
USR-9603,3.85,23.06,"[""Comedy"", ""Drama""]",4,0.322,0.863
USR-10458,4.77,36.07,"[""Drama"", ""Comedy""]",4,0.334,0.654
USR-3511,52.76,75.28,"[""Sci-Fi"", ""Action"", ""Thriller""]",13,0.807,0.412
USR-4405,8.28,28.39,"[""Animation""]",19,0.667,0.349
USR-8948,21.42,60.06,"[""Mystery"", ""Drama"", ""Documentary"", ""Crime"", ""Sci-Fi""]",24,0.954,0.542
USR-5594,2.55,29.63,"[""Animation"", ""Comedy""]",19,0.702,0.255
USR-4483,9.89,24.9,"[""Animation"", ""Comedy""]",21,0.687,0.41
USR-9710,2.48,38.5,"[""Drama""]",8,0.492,0.796
USR-1178,26.9,74.77,"[""Sci-Fi"", ""Thriller"", ""Action""]",23,0.788,0.364
USR-2644,35.13,105.8,"[""Sci-Fi"", ""Thriller"", ""Action""]",24,0.767,0.553
USR-10388,4.72,30.27,"[""Drama""]",2,0.641,0.787
USR-9251,26.35,62.68,"[""Mystery"", ""Sci-Fi"", ""Adventure""]",23,0.783,0.422
USR-2375,32.03,71.38,"[""Thriller"", ""Action"", ""Sci-Fi"", ""Crime""]",25,0.854,0.571
USR-2721,32.61,91.09,"[""Sci-Fi"", ""Thriller""]",25,0.922,0.433
USR-7086,29.48,59.02,"[""Adventure"", ""Mystery"", ""Documentary"", ""Romance""]",20,0.851,0.421
USR-4871,7.38,,"[""Comedy"", ""Animation""]",19,0.66,0.357
USR-3265,38.68,66.07,"[""Sci-Fi"", ""Thriller""]",27,0.766,0.454
USR-1088,41.22,83.9,"[""Action"", ""Thriller""]",19,0.78,0.259
USR-3983,27.07,75.88,"[""Thriller"", ""Action"", ""Sci-Fi""]",24,0.93,0.577
USR-9780,3.28,,"[""Family"", ""Comedy""]",3,0.57,0.806
USR-1404,30.93,70.8,"[""Sci-Fi"", ""Thriller"", ""Action""]",26,0.99,0.422
USR-6457,1.84,20.66,"[""Animation"", ""Comedy"", ""Romance""]",19,0.782,0.328
USR-10860,,28.22,"[""Comedy"", ""Drama""]",6,0.346,0.682
USR-8049,29.89,57.41,"[""Documentary"", ""Sci-Fi"", ""Romance""]",26,0.635,0.641
USR-7692,26.01,73.41,"[""Sci-Fi"", ""Crime"", ""Adventure""]",28,0.751,0.401
USR-3457,42.47,88.43,"[""Thriller"", ""Action"", ""Sci-Fi""]",21,0.965,0.336
USR-4729,6.05,23.32,"[""Comedy""]",23,0.796,0.242
USR-3215,40.01,,"[""Sci-Fi"", ""Thriller""]",20,0.893,0.412
USR-2028,31.93,77.98,"[""Sci-Fi"", ""Action"", ""Thriller""]",25,0.807,0.49
USR-10802,2.61,25.44,"[""Drama"", ""Family""]",5,0.357,0.632
USR-2422,28.9,91.01,"[""Thriller"", ""Action""]",26,0.917,0.401
USR-3437,28.55,94.28,"[""Sci-Fi"", ""Thriller""]",29,0.894,0.554
USR-10878,2.86,18.3,"[""Drama"", ""Comedy""]",7,0.213,0.853
USR-6681,8.52,21.91,"[""Animation"", ""Romance""]",14,0.744,0.255
USR-10182,1.59,30.74,"[""Drama"", ""Family""]",6,0.42,0.737
USR-2279,29.86,91.66,"[""Thriller"", ""Action""]",13,0.896,0.407
USR-4657,6.58,29.26,"[""Animation""]",19,0.496,0.254
USR-6287,6.07,28.43,"[""Animation"", ""Comedy""]",12,0.48,0.45
USR-6182,6.6,24.63,"[""Animation"", ""Comedy""]",19,0.762,0.259
USR-7754,38.29,55.11,"[""Documentary"", ""Mystery"", ""Crime""]",19,0.815,0.15
USR-2979,44.08,92.17,"[""Action"", ""Sci-Fi"", ""Crime""]",28,0.757,0.319
USR-2062,46.22,82.1,"[""Action"", ""Thriller""]",38,0.876,0.336
USR-2426,37.64,96.56,"[""Action"", ""Thriller"", ""Crime""]",31,0.67,0.307
USR-5640,8.93,21.54,"[""Animation"", ""Comedy""]",19,0.729,0.306
USR-9199,26.66,56.53,"[""Sci-Fi"", ""Mystery"", ""Drama"", ""Romance""]",36,0.847,0.395
USR-5693,3.99,30.91,"[""Animation"", ""Comedy"", ""Romance""]",21,0.495,0.292
USR-2503,32.82,90.45,"[""Action"", ""Thriller"", ""Crime""]",25,0.967,0.543
USR-9661,2.39,22.39,"[""Family"", ""Drama""]",1,0.193,0.723
USR-3849,39.76,100.42,"[""Action"", ""Thriller"", ""Sci-Fi""]",31,0.798,0.304
USR-4398,9.23,20.07,"[""Animation"", ""Comedy""]",16,0.586,0.231
USR-5924,9.27,21.78,"[""Comedy"", ""Animation""]",18,0.621,0.5
USR-6033,6.52,32.02,"[""Animation"", ""Comedy""]",23,0.688,0.319
USR-1679,37.7,72.34,"[""Sci-Fi"", ""Action"", ""Thriller""]",24,0.892,0.587
USR-6551,13.37,22.37,"[""Animation"", ""Comedy""]",18,0.715,0.243
USR-3971,36.17,112.25,"[""Sci-Fi"", ""Thriller""]",31,0.906,0.405
USR-7023,32.82,71.63,"[""Romance"", ""Crime"", ""Drama"", ""Adventure"", ""Documentary""]",32,0.674,0.529
USR-8739,17.92,64.45,"[""Mystery"", ""Romance"", ""Sci-Fi"", ""Crime"", ""Adventure""]",33,0.68,0.36
USR-1103,41.75,99.46,"[""Thriller"", ""Action"", ""Adventure""]",18,0.924,0.244
USR-1958,53.45,91.2,"[""Sci-Fi"", ""Thriller"", ""Action""]",24,0.863,0.486
USR-5964,10.44,23.17,"[""Animation"", ""Romance""]",14,0.614,0.278
USR-9765,2.96,32.97,"[""Family"", ""Comedy""]",4,0.429,0.7
USR-6825,7.37,32.87,"[""Comedy"", ""Animation""]",18,0.534,0.213
USR-10804,2.98,34.07,"[""Comedy""]",2,0.317,0.563
USR-3836,29.47,108.19,"[""Action"", ""Sci-Fi""]",32,0.902,0.518
USR-3689,22.5,83.74,"[""Action"", ""Thriller""]",30,0.725,0.48
USR-3771,47.57,78.34,"[""Action"", ""Thriller""]",31,0.862,0.295
USR-9144,30.08,60.0,"[""Romance"", ""Adventure"", ""Sci-Fi"", ""Crime"", ""Drama""]",28,0.98,0.53
USR-8914,22.15,63.75,"[""Documentary"", ""Crime"", ""Sci-Fi"", ""Drama""]",42,0.8,0.616
USR-6400,12.26,31.89,"[""Animation"", ""Comedy""]",24,0.658,0.473
USR-4974,12.11,29.36,"[""Comedy""]",26,0.484,0.28
USR-1419,24.68,104.98,"[""Thriller"", ""Action""]",21,0.91,0.294
USR-10925,2.82,33.69,"[""Family""]",4,0.494,0.759
USR-9300,35.29,61.3,"[""Crime"", ""Mystery"", ""Adventure""]",28,0.592,0.474
USR-4140,30.36,115.33,"[""Thriller"", ""Sci-Fi""]",31,0.851,0.576
USR-2948,45.43,110.17,"[""Action"", ""Thriller"", ""Sci-Fi""]",24,0.871,0.445
USR-10373,3.27,27.03,"[""Family"", ""Comedy""]",5,0.321,0.459
USR-3300,35.02,104.98,"[""Thriller"", ""Action"", ""Sci-Fi"", ""Crime""]",19,0.813,0.155
USR-5636,6.79,14.43,"[""Animation""]",22,0.725,0.412
USR-5845,7.03,22.32,"[""Animation"", ""Comedy""]",20,0.65,0.429
USR-4995,6.17,23.2,"[""Animation""]",24,0.584,0.116
USR-6698,5.98,31.15,"[""Animation""]",13,0.625,0.245
USR-4434,3.89,20.14,"[""Comedy"", ""Animation""]",29,0.717,0.451
USR-9893,5.67,34.71,"[""Drama"", ""Family""]",5,0.46,0.729
USR-1529,42.15,84.33,"[""Action"", ""Sci-Fi""]",36,0.788,0.251
USR-2234,45.74,108.77,"[""Action"", ""Thriller"", ""Sci-Fi""]",30,0.749,0.639
USR-1780,42.63,68.88,"[""Thriller"", ""Action"", ""Sci-Fi""]",22,0.929,0.447
USR-1723,37.57,108.58,"[""Action"", ""Thriller""]",27,0.845,0.36
USR-7522,23.79,56.75,"[""Crime"", ""Sci-Fi"", ""Mystery""]",27,0.825,0.596
USR-7411,27.92,70.74,"[""Sci-Fi"", ""Crime"", ""Romance"", ""Drama""]",23,0.808,0.246
USR-2861,31.47,81.57,"[""Action"", ""Sci-Fi""]",24,0.896,0.487
USR-10661,1.14,34.22,"[""Family""]",8,0.4,0.732
USR-8573,34.3,64.09,"[""Drama"", ""Mystery"", ""Documentary""]",28,0.975,0.225
USR-9879,2.42,45.33,"[""Family"", ""Comedy""]",5,0.43,0.78
USR-5170,3.72,29.74,"[""Comedy"", ""Animation""]",28,0.597,0.237
USR-2993,49.9,92.53,"[""Action"", ""Sci-Fi""]",28,0.811,0.441
USR-4922,7.23,26.62,"[""Animation""]",19,0.696,0.314
USR-8406,19.9,61.66,"[""Sci-Fi"", ""Romance"", ""Crime"", ""Drama""]",30,0.711,0.483
USR-6429,10.98,23.57,"[""Comedy""]",20,0.516,0.475
USR-8465,33.52,37.92,"[""Crime"", ""Documentary"", ""Drama""]",26,0.903,0.455
USR-6442,11.02,21.79,"[""Animation""]",25,0.605,0.403
USR-3472,39.76,85.42,"[""Sci-Fi"", ""Action"", ""Thriller""]",26,0.704,0.397
USR-6154,6.98,24.23,"[""Comedy"", ""Animation""]",9,0.722,0.249
USR-6525,7.02,21.49,"[""Animation""]",24,0.783,0.311
USR-5808,6.7,23.85,"[""Animation""]",16,0.684,0.235
USR-2397,27.55,94.58,"[""Thriller"", ""Sci-Fi"", ""Action"", ""Adventure""]",25,0.625,0.393
USR-2490,35.5,74.9,"[""Thriller"", ""Action""]",23,0.759,0.368
USR-5787,10.25,27.38,"[""Animation"", ""Comedy""]",16,0.719,0.17
USR-4397,11.35,17.79,"[""Animation""]",22,0.582,0.332
USR-2043,41.59,71.77,"[""Sci-Fi"", ""Thriller"", ""Crime""]",21,1.0,0.371
USR-9454,2.48,25.79,"[""Drama""]",10,0.351,0.539
USR-10672,3.21,43.67,"[""Comedy""]",3,0.427,0.526
USR-9671,1.78,41.35,"[""Family"", ""Drama""]",5,0.4,0.757
USR-1258,23.57,102.39,"[""Action"", ""Thriller"", ""Sci-Fi""]",26,0.959,0.337
USR-8455,23.72,40.75,"[""Sci-Fi"", ""Romance"", ""Crime"", ""Adventure""]",23,0.795,0.326
USR-9709,3.02,16.32,"[""Comedy""]",2,0.255,0.682
USR-8992,31.14,59.67,"[""Mystery"", ""Sci-Fi"", ""Drama"", ""Documentary"", ""Romance""]",21,0.779,0.311
USR-9310,1.85,31.62,"[""Family"", ""Comedy""]",6,0.312,0.622
USR-3090,38.24,88.46,"[""Action"", ""Thriller"", ""Sci-Fi""]",23,0.974,0.429
USR-8875,31.69,54.23,"[""Crime"", ""Sci-Fi"", ""Drama""]",19,0.944,0.263
USR-1504,21.25,109.56,"[""Thriller"", ""Action"", ""Sci-Fi""]",23,0.769,0.596
USR-5150,10.47,31.88,"[""Animation"", ""Comedy"", ""Romance""]",28,0.3,0.363
USR-9908,2.94,36.42,"[""Family""]",4,0.364,0.777
USR-2346,36.25,99.04,"[""Thriller"", ""Sci-Fi""]",32,0.731,0.403
USR-6764,7.36,17.52,"[""Comedy""]",26,0.874,0.403
USR-7481,20.25,70.19,"[""Documentary"", ""Sci-Fi"", ""Drama"", ""Mystery""]",23,0.857,0.566
USR-3249,40.38,95.53,"[""Thriller"", ""Sci-Fi""]",9,1.0,0.563
USR-10133,1.26,32.68,"[""Drama""]",6,0.237,0.744
USR-1373,53.79,86.5,"[""Thriller"", ""Action"", ""Sci-Fi""]",36,0.897,0.34
USR-9544,2.56,35.59,"[""Family"", ""Comedy""]",5,0.259,0.695
USR-4536,8.63,19.04,"[""Comedy"", ""Animation""]",22,0.692,0.295
USR-3007,29.79,92.3,"[""Sci-Fi"", ""Action""]",22,0.921,0.314
USR-4838,7.75,25.36,"[""Animation"", ""Comedy""]",26,0.54,0.306
USR-9025,26.41,63.54,"[""Crime"", ""Drama"", ""Documentary"", ""Romance""]",32,0.9,0.448
USR-5138,,23.24,"[""Animation"", ""Comedy""]",28,0.66,0.405
USR-10993,3.57,36.23,"[""Family"", ""Comedy""]",4,0.2,0.915
USR-4313,9.78,20.64,"[""Animation""]",18,0.608,0.346
USR-7216,34.18,55.47,"[""Drama"", ""Romance"", ""Mystery""]",27,0.683,0.449
USR-3103,18.39,91.59,"[""Thriller"", ""Sci-Fi"", ""Action""]",23,0.92,0.542
USR-1998,30.03,88.21,"[""Action"", ""Thriller"", ""Sci-Fi""]",31,1.0,0.331
USR-9274,23.44,60.68,"[""Mystery"", ""Adventure"", ""Romance"", ""Documentary"", ""Sci-Fi""]",27,0.693,0.52
USR-4913,,31.35,"[""Comedy"", ""Animation""]",25,0.428,0.331
USR-2177,37.42,93.23,"[""Action"", ""Sci-Fi""]",17,0.825,0.406
USR-1552,18.27,78.69,"[""Thriller"", ""Action""]",23,0.825,0.462
USR-1745,44.43,94.12,"[""Sci-Fi"", ""Action""]",25,0.766,0.397
USR-7192,19.01,61.61,"[""Sci-Fi"", ""Drama"", ""Documentary"", ""Mystery"", ""Romance""]",36,0.769,0.368
USR-8608,35.91,46.4,"[""Adventure"", ""Drama"", ""Documentary"", ""Mystery""]",18,0.621,0.481
USR-7350,30.83,54.2,"[""Documentary"", ""Drama"", ""Adventure""]",24,0.779,0.333
USR-5394,5.3,19.01,"[""Animation"", ""Comedy"", ""Romance""]",17,0.574,0.381
USR-9072,23.46,50.95,"[""Drama"", ""Sci-Fi"", ""Documentary"", ""Adventure""]",27,0.639,0.599
USR-6380,9.93,22.69,"[""Animation"", ""Comedy""]",21,0.661,0.348
USR-9556,1.8,27.39,"[""Comedy""]",8,0.449,0.639
USR-8786,28.76,62.38,"[""Drama"", ""Crime"", ""Romance""]",27,0.822,0.343
USR-8718,29.91,51.0,"[""Romance"", ""Mystery"", ""Documentary""]",29,0.922,0.495
USR-10019,2.43,31.55,"[""Family"", ""Drama""]",3,0.202,0.676
USR-10097,4.05,41.45,"[""Drama"", ""Family""]",1,0.59,0.683
USR-6485,753.7307845667243,622.826679594938,"[""Animation"", ""Romance""]",25,0.757,0.37
USR-6581,10.65,31.33,"[""Comedy""]",17,0.757,0.474
USR-6096,10.68,28.52,"[""Comedy"", ""Animation""]",16,0.682,0.426
USR-6054,12.42,,"[""Comedy"", ""Animation""]",23,0.822,0.37
USR-1694,31.03,98.21,"[""Action"", ""Thriller"", ""Sci-Fi"", ""Crime""]",22,0.893,0.603
USR-3534,,75.95,"[""Sci-Fi"", ""Action""]",30,0.757,0.385
USR-5631,7.12,23.02,"[""Animation"", ""Comedy""]",24,0.802,0.465
USR-1983,23.94,108.52,"[""Thriller"", ""Action""]",31,0.858,0.397
USR-8671,25.53,41.85,"[""Drama"", ""Adventure"", ""Sci-Fi""]",20,0.912,0.502
USR-1080,913.072854978427,664.8601866552111,"[""Sci-Fi"", ""Thriller""]",27,0.933,0.369
USR-6407,6.12,30.57,"[""Comedy"", ""Animation""]",24,0.558,0.415
USR-8065,16.25,50.53,"[""Mystery"", ""Adventure"", ""Drama"", ""Documentary""]",21,0.841,0.516
USR-9630,2.98,48.56,"[""Drama""]",7,0.33,0.893
USR-10499,1.27,22.78,"[""Comedy""]",8,0.356,0.748
USR-9734,1.53,28.35,"[""Family""]",4,0.327,0.681
USR-8007,28.91,64.79,"[""Romance"", ""Drama"", ""Adventure""]",36,0.567,0.682
USR-6072,12.37,-17.408317156246458,"[""Animation"", ""Comedy""]",16,0.578,0.311
USR-1262,,105.34,"[""Thriller"", ""Sci-Fi"", ""Action""]",28,0.908,0.472
USR-3143,42.8,101.17,"[""Sci-Fi"", ""Thriller"", ""Action"", ""Adventure""]",27,0.782,0.512
USR-7459,26.11,79.24,"[""Romance"", ""Documentary"", ""Crime"", ""Drama"", ""Adventure""]",29,0.802,0.411
USR-3269,23.12,99.38,"[""Sci-Fi"", ""Thriller"", ""Action"", ""Adventure""]",28,0.799,0.435
USR-1446,49.18,99.08,"[""Action"", ""Thriller"", ""Sci-Fi""]",20,1.0,0.539
USR-5996,7.14,21.64,"[""Animation"", ""Comedy""]",19,0.532,0.275
USR-8915,18.35,44.81,"[""Mystery"", ""Drama"", ""Crime"", ""Sci-Fi"", ""Romance""]",34,0.911,0.214
USR-4650,12.68,32.73,"[""Comedy"", ""Animation""]",33,0.69,0.241
USR-9372,4.5,35.58,"[""Family""]",5,0.524,0.884
USR-4315,6.19,32.54,"[""Animation""]",32,0.769,0.264
USR-2702,29.05,92.15,"[""Action"", ""Thriller""]",16,0.981,0.37
USR-3527,31.42,94.39,"[""Sci-Fi"", ""Thriller"", ""Action""]",23,0.891,0.334
USR-7561,27.9,76.64,"[""Mystery"", ""Documentary"", ""Crime"", ""Adventure"", ""Romance""]",29,0.881,0.572
USR-1069,27.39,100.34,"[""Sci-Fi"", ""Action"", ""Adventure""]",12,0.848,0.358
USR-2169,27.33,80.44,"[""Action"", ""Thriller"", ""Sci-Fi""]",20,0.806,0.316
USR-1049,29.72,102.66,"[""Action"", ""Sci-Fi""]",21,0.653,0.426
USR-2054,31.38,116.31,"[""Thriller"", ""Sci-Fi"", ""Action""]",26,0.872,0.326
USR-1085,30.41,68.83,"[""Sci-Fi"", ""Thriller"", ""Action""]",29,0.856,0.291
USR-1881,44.74,108.92,"[""Sci-Fi"", ""Action""]",25,0.835,0.426
USR-3652,44.01,105.34,"[""Action"", ""Sci-Fi""]",27,0.96,0.458
USR-9363,3.75,38.44,"[""Comedy""]",3,0.444,0.969
USR-3440,28.46,78.0,"[""Sci-Fi"", ""Thriller""]",27,0.833,0.409
USR-7081,31.7,45.74,"[""Adventure"", ""Romance"", ""Crime"", ""Sci-Fi""]",26,0.776,0.544
USR-5818,555.9350549683824,667.2164375362963,"[""Animation"", ""Comedy""]",17,0.699,0.435
USR-2468,30.18,110.53,"[""Action"", ""Sci-Fi"", ""Thriller""]",24,0.868,0.416
USR-8164,23.1,58.64,"[""Drama"", ""Adventure"", ""Crime""]",39,0.787,0.182
USR-5602,9.45,25.2,"[""Comedy"", ""Animation""]",20,0.684,0.28
USR-3442,35.51,80.45,"[""Sci-Fi"", ""Action""]",11,0.846,0.315
USR-5783,9.26,12.34,[],17,0.752,0.217
USR-1231,29.01,74.18,"[""Action"", ""Sci-Fi""]",32,0.859,0.364
USR-2321,33.61,114.76,"[""Sci-Fi"", ""Thriller""]",39,0.808,0.398
USR-1042,28.85,102.7,"[""Sci-Fi"", ""Thriller"", ""Esports Highlights""]",18,0.781,0.499
USR-1778,39.5,83.61,"[""Thriller"", ""Action"", ""Sci-Fi""]",21,0.953,0.392
USR-10045,2.31,32.6,"[""Comedy"", ""Family""]",8,0.282,0.634
USR-10487,3.74,38.9,"[""Comedy""]",4,0.341,0.601
USR-2730,42.01,97.05,"[""Thriller"", ""Action"", ""Sci-Fi""]",31,0.886,0.434
USR-4061,30.13,85.82,"[""Sci-Fi"", ""Action""]",22,0.937,0.381
USR-1580,35.75,118.03,"[""Action"", ""Sci-Fi"", ""Adventure""]",30,0.987,0.171
USR-6016,10.16,26.54,"[""Animation""]",33,0.57,0.338
USR-10523,4.78,23.17,"[""Comedy"", ""Family""]",7,0.32,0.723
USR-7757,38.11,54.96,"[""Drama"", ""Mystery"", ""Romance"", ""Documentary""]",15,0.764,0.709
USR-6366,7.34,12.87,"[""Animation"", ""Silent Cinema""]",18,0.621,0.381
USR-2492,47.27,83.18,"[""Action"", ""Sci-Fi"", ""Thriller"", ""Crime""]",17,0.865,0.267
USR-8748,,48.37,"[""Documentary"", ""Sci-Fi"", ""Drama"", ""Crime""]",25,0.772,0.464
USR-10178,4.04,44.73,"[""Family"", ""Drama""]",5,0.341,0.706
USR-1062,44.86,114.57,"[""Thriller"", ""Action""]",20,0.895,0.329
USR-5504,4.36,19.8,"[""Animation"", ""Comedy""]",18,0.572,0.286
USR-8079,31.06,37.8,"[""Documentary"", ""Sci-Fi"", ""Drama""]",26,0.791,0.613
USR-7686,31.9,73.27,"[""Adventure"", ""Romance"", ""Crime""]",26,0.782,0.573
USR-1403,39.56,114.99,"[""Action"", ""Sci-Fi""]",14,0.874,0.349
USR-1333,44.43,79.87,"[""Sci-Fi"", ""Thriller"", ""Action""]",22,0.896,0.476
USR-3085,34.23,97.21,"[""Sci-Fi"", ""Thriller"", ""Action""]",35,0.808,0.447
USR-7992,22.76,57.07,"[""Drama"", ""Adventure"", ""Mystery"", ""Sci-Fi"", ""Crime""]",25,0.656,0.515
USR-1165,31.97,114.95,"[""Action"", ""Sci-Fi"", ""Crime""]",35,0.806,0.477
USR-5353,3.72,11.39,"[""Animation"", ""Comedy""]",14,0.681,0.186
USR-3716,27.14,59.77,"[""Sci-Fi"", ""Action"", ""Adventure""]",24,0.961,0.376
USR-10017,3.12,33.76,"[""Drama""]",4,0.284,0.67
USR-6309,8.62,23.81,,21,0.764,0.278
USR-3756,34.62,81.97,"[""Thriller"", ""Action""]",33,0.859,0.404
USR-6580,8.23,22.66,"[""Animation""]",16,0.609,0.23
USR-3202,42.60063284485898,90.6,"[""Sci-Fi"", ""Thriller""]",31,0.949,0.54
USR-2335,45.41,98.43,"[""Thriller"", ""Action""]",30,0.825,0.354
USR-9119,37.38,53.51,"[""Mystery"", ""Adventure"", ""Romance"", ""Sci-Fi""]",41,0.829,0.521
USR-3865,43.5,100.33,"[""Thriller"", ""Action""]",31,0.731,0.442
USR-2660,36.0,102.66,"[""Sci-Fi"", ""Thriller""]",29,0.727,0.361
USR-8881,27.11,58.79,"[""Adventure"", ""Crime"", ""Documentary"", ""Mystery""]",34,0.722,0.411
USR-1754,42.0,103.0,"[""Thriller"", ""Action""]",33,0.83,0.469
USR-10288,1.74,30.58,"[""Family""]",7,0.296,0.71
USR-1707,42.31,108.76,"[""Thriller"", ""Action"", ""Sci-Fi""]",27,0.903,0.403
USR-4161,41.21,81.08,"[""Thriller"", ""Sci-Fi"", ""Action""]",31,0.802,0.562
USR-9651,1.81,22.49,"[""Family""]",4,0.317,0.746
USR-10975,3.33,28.32,"[""Drama""]",3,0.435,0.739
USR-10680,3.45,13.58,"[""Drama"", ""Family""]",7,0.399,0.677
USR-7907,27.9,55.12,"[""Adventure"", ""Documentary"", ""Mystery""]",28,0.716,0.414
USR-10654,2.39,27.62,"[""Family"", ""Comedy""]",6,0.32,0.685
USR-10078,4.03,23.79,"[""Comedy"", ""Drama""]",7,0.271,0.714
USR-2835,32.38,74.0,"[""Sci-Fi"", ""Thriller"", ""Action"", ""Adventure""]",27,0.782,0.431
USR-5093,11.0,42.0,"[""Animation"", ""Comedy""]",21,0.719,0.351
USR-8394,26.04,72.56,"[""Romance"", ""Documentary"", ""Crime"", ""Sci-Fi"", ""Drama""]",24,0.851,0.521
USR-10690,2.69,43.31,"[""Drama"", ""Comedy""]",1,0.366,0.734
USR-5603,12.35,23.5,"[""Animation""]",23,0.663,0.438
USR-6199,10.21,18.1,"[""Comedy"", ""Animation""]",22,0.709,0.39
USR-9931,1.5,19.62,"[""Drama""]",5,0.218,0.792
USR-8411,23.77,65.49,"[""Mystery"", ""Adventure"", ""Sci-Fi""]",34,0.937,0.479
USR-4644,5.27,27.93,"[""Animation"", ""Comedy""]",21,0.653,0.499
USR-6522,8.91,22.39,"[""Animation"", ""Comedy""]",20,0.547,0.315
USR-7455,33.8,44.15,"[""Documentary"", ""Adventure"", ""Romance"", ""Drama"", ""Mystery""]",31,0.875,0.652
USR-3247,37.89,77.86,"[""Action"", ""Thriller"", ""Sci-Fi""]",18,0.842,0.367
USR-1836,35.38,106.47,"[""Thriller"", ""Sci-Fi"", ""Action""]",30,0.768,0.289
USR-9484,3.21,16.62,"[""Family"", ""Comedy"", ""Experimental Indie Noir""]",4,0.672,0.757
USR-4707,7.68,21.17,"[""Animation"", ""Comedy""]",21,0.725,0.247
USR-1433,48.64,69.76,"[""Thriller"", ""Action""]",16,0.802,0.392
USR-4545,6.67,21.87,"[""Comedy""]",18,0.571,0.262
USR-8515,24.77,61.33,"[""Mystery"", ""Sci-Fi"", ""Documentary""]",31,0.823,0.524
USR-7158,30.62,59.53,"[""Adventure"", ""Sci-Fi"", ""Romance""]",32,0.706,0.502
USR-5465,12.59,29.95,"[""Animation""]",19,0.624,0.43
USR-8198,34.11,77.74,"[""Adventure"", ""Documentary"", ""Crime"", ""Drama"", ""Sci-Fi""]",30,0.98,0.556
USR-2194,55.34,89.81,"[""Thriller"", ""Action""]",25,0.892,0.518
USR-8095,14.19,87.34,"[""Adventure"", ""Mystery"", ""Crime""]",20,0.632,0.254
USR-3907,37.99,79.33,"[""Action"", ""Sci-Fi""]",31,0.917,0.403
USR-9157,33.34,72.53,"[""Romance"", ""Crime"", ""Mystery""]",23,0.869,0.494
USR-8183,29.9,54.61,"[""Drama"", ""Adventure"", ""Mystery"", ""Romance"", ""Sci-Fi""]",39,0.751,0.584
USR-10884,2.35,21.73,"[""Family""]",7,0.494,0.458
USR-4291,12.01,20.86,"[""Animation""]",21,0.661,0.315
USR-10161,2.35,44.84,"[""Drama""]",6,0.655,0.687
USR-7948,24.36,59.16,"[""Sci-Fi"", ""Mystery"", ""Documentary"", ""Romance"", ""Drama""]",22,0.779,0.579
USR-3730,34.89,88.63,"[""Sci-Fi"", ""Thriller""]",22,0.825,0.351
USR-4603,7.91,20.58,"[""Comedy""]",25,0.672,0.255
USR-1434,33.36,111.86,"[""Thriller"", ""Action""]",10,0.952,0.454
USR-4435,8.38,22.42,"[""Comedy""]",23,0.638,0.301
USR-8163,26.8,72.77,"[""Romance"", ""Adventure"", ""Drama"", ""Sci-Fi""]",27,0.772,0.518
USR-10188,2.46,28.2,"[""Family"", ""Drama""]",5,0.228,0.755
USR-1105,48.16,106.4,"[""Sci-Fi"", ""Action"", ""Thriller""]",25,0.819,0.43
USR-5246,13.52,31.2,"[""Comedy""]",22,0.477,0.163
USR-2657,23.08,92.43,"[""Sci-Fi"", ""Action""]",28,0.792,0.484
USR-2534,35.51,99.78,"[""Thriller"", ""Action""]",31,0.802,0.326
USR-9950,1.82,30.22,"[""Comedy""]",6,0.476,0.909
USR-2333,33.95,81.76,"[""Action"", ""Thriller"", ""Sci-Fi""]",15,0.835,0.495
USR-6357,3.46,23.29,"[""Comedy"", ""Animation"", ""Romance""]",23,0.702,0.228
USR-9653,1.48,22.76,"[""Family""]",7,0.317,0.496
USR-2444,40.51,91.58,"[""Sci-Fi"", ""Thriller""]",28,0.823,0.447
USR-1215,35.99,82.24,"[""Action"", ""Thriller"", ""Crime""]",20,0.729,0.368
USR-9365,4.27,34.14,"[""Drama"", ""Family""]",12,0.411,0.926
USR-9857,4.97,37.18,"[""Family""]",10,0.308,0.795
USR-3911,48.17,97.27,"[""Action"", ""Thriller""]",29,0.919,0.256
USR-5598,8.3,17.12,"[""Animation"", ""Comedy""]",21,0.705,0.266
USR-4945,,24.4,"[""Animation""]",23,0.744,0.355
USR-2420,33.84,71.51,"[""Action"", ""Sci-Fi"", ""Thriller"", ""Crime""]",22,0.899,0.414
USR-8546,24.81,59.01,,32,0.792,0.402
USR-9567,3.3,38.0,"[""Drama"", ""Comedy""]",6,0.321,0.834
USR-1182,43.96,97.83,"[""Thriller"", ""Action""]",31,0.84,0.376
USR-5105,5.54,15.05,"[""Comedy"", ""Animation""]",20,0.63,0.359
USR-9836,4.078511685675993,41.24,"[""Drama""]",4,0.324,0.323
USR-3447,-9.584091723695146,94.91,"[""Sci-Fi"", ""Action""]",16,0.837,0.448
USR-6447,7.72,23.48,"[""Comedy"", ""Animation"", ""Romance""]",21,0.529,0.324
USR-4015,48.5,95.08,"[""Action"", ""Thriller"", ""Sci-Fi"", ""Crime""]",29,0.91,0.198
USR-6818,9.67,26.67,"[""Comedy""]",29,0.557,0.306
USR-4708,13.29,25.02,"[""Animation"", ""Comedy""]",23,0.786,0.414
USR-4188,32.52,99.29,"[""Action"", ""Sci-Fi""]",26,0.955,0.383
USR-9154,26.66,65.91,"[""Adventure"", ""Crime"", ""Romance"", ""Mystery""]",17,0.777,0.385
USR-4882,7.48,22.68,"[""Comedy"", ""Animation""]",25,0.752,0.232
USR-1071,39.78,95.83,"[""Sci-Fi"", ""Action""]",20,0.807,0.473
USR-1545,42.21,74.45,"[""Action"", ""Thriller"", ""Sci-Fi"", ""Adventure""]",19,0.72,0.346
USR-2205,42.18,99.91,"[""Sci-Fi"", ""Action"", ""Thriller"", ""Experimental Indie Noir""]",24,0.903,0.426
USR-5402,8.24,20.13,"[""Comedy"", ""Animation""]",24,0.576,0.327
USR-7453,27.31,59.87,"[""Documentary"", ""Adventure"", ""Sci-Fi"", ""Romance""]",19,0.798,0.479
USR-10202,2.69,27.83,"[""Family""]",4,0.287,0.713
USR-9092,37.11,51.15,"[""Crime"", ""Romance"", ""Adventure"", ""Drama""]",33,0.862,0.576
USR-10779,2.59,30.77,"[""Drama"", ""Comedy""]",4,0.263,0.597
USR-7875,29.18,55.53,"[""Romance"", ""Crime"", ""Drama"", ""Sci-Fi"", ""Documentary""]",29,0.757,0.585
USR-9418,,31.34,"[""Drama""]",4,0.379,0.525
USR-8927,28.86,,"[""Documentary"", ""Mystery"", ""Romance"", ""Sci-Fi"", ""Drama""]",28,0.736,0.295
USR-6051,11.83,24.87,"[""Animation"", ""Comedy""]",18,0.518,0.392
USR-9806,3.71,34.15,"[""Comedy""]",6,0.539,0.548
USR-1878,30.15,95.74,"[""Thriller"", ""Action""]",26,0.794,0.408
USR-9218,14.21,43.32,"[""Sci-Fi"", ""Drama"", ""Adventure"", ""Documentary""]",28,0.889,0.554
USR-1197,50.29,128.75,"[""Thriller"", ""Action"", ""Sci-Fi""]",26,0.869,0.503
USR-10845,2.44,35.29,"[""Drama""]",7,0.232,0.746
USR-4461,8.42,,"[""Comedy""]",23,0.586,0.357
USR-5082,,21.32,"[""Comedy"", ""Animation""]",19,0.54,0.366
USR-3572,39.8,96.57,"[""Thriller"", ""Action"", ""Crime""]",20,0.76,0.273
USR-9425,1.95,55.01,"[""Comedy"", ""Family""]",8,0.49,0.873
USR-8407,27.9,67.93,"[""Adventure"", ""Documentary"", ""Drama"", ""Mystery"", ""Crime""]",29,0.98,0.593
USR-9721,2.33,10.0,"[""Drama"", ""Family""]",2,0.254,0.91
USR-10464,4.73,35.01,"[""Family""]",6,0.478,0.649
USR-7307,17.99,43.8,"[""Romance"", ""Sci-Fi"", ""Mystery"", ""Documentary""]",34,0.747,0.475
USR-5902,4.75,24.05,"[""Comedy"", ""Animation""]",29,0.783,0.253
USR-10889,3.9,34.51,"[""Family"", ""Comedy""]",4,0.1,0.733
USR-7014,19.39,64.41,"[""Mystery"", ""Romance"", ""Crime"", ""Adventure"", ""Sci-Fi""]",29,0.781,0.221
USR-3869,41.78,87.79,"[""Sci-Fi"", ""Thriller""]",23,0.782,0.512
USR-3719,35.49,98.12,"[""Sci-Fi"", ""Action""]",31,0.818,0.477
USR-9748,2.27,28.42,"[""Family""]",6,0.31,0.58
USR-4874,5.91,22.51,"[""Animation""]",18,0.793,0.323
USR-8067,25.52,44.86,"[""Documentary"", ""Adventure"", ""Drama"", ""Romance""]",22,0.794,0.578
USR-4007,36.53,102.57,"[""Sci-Fi"", ""Thriller""]",29,0.756,0.235
USR-4680,12.2,18.44,"[""Animation"", ""Comedy""]",9,0.766,0.417
USR-7129,23.44,63.74,"[""Drama"", ""Romance"", ""Adventure"", ""Mystery"", ""Sci-Fi""]",20,0.778,0.493
USR-3683,15.0,97.38,"[""Action"", ""Thriller""]",28,0.886,0.504
USR-7774,30.42,69.28,"[""Documentary"", ""Mystery"", ""Drama"", ""Crime"", ""Sci-Fi""]",20,0.799,0.511
USR-4528,8.01,23.05,"[""Comedy""]",15,0.754,0.385
USR-8779,27.52,55.14,"[""Adventure"", ""Mystery"", ""Documentary""]",24,0.801,0.6
USR-6565,8.07,34.65,"[""Animation"", ""Comedy""]",15,0.765,0.264
USR-1219,31.55,107.99,"[""Action"", ""Sci-Fi""]",24,0.874,0.457
USR-6198,9.74,20.15,"[""Animation"", ""Comedy""]",20,0.533,0.216
USR-9287,30.93,69.62,"[""Crime"", ""Sci-Fi"", ""Documentary"", ""Adventure""]",27,0.747,0.371
USR-8464,21.33,48.42,"[""Adventure"", ""Romance"", ""Drama"", ""Documentary"", ""Sci-Fi""]",25,0.59,0.722
USR-3544,43.5,102.97,"[""Sci-Fi"", ""Thriller"", ""Adventure""]",14,0.859,0.445
USR-8444,25.01,57.26,"[""Drama"", ""Romance"", ""Adventure"", ""Mystery""]",18,0.706,0.376
USR-2245,25.38,107.67,"[""Action"", ""Thriller""]",20,0.843,0.355
USR-1421,31.74,92.98,"[""Action"", ""Thriller""]",24,0.813,0.317
USR-8175,21.94,62.72,"[""Romance"", ""Sci-Fi"", ""Mystery"", ""Adventure""]",36,0.788,0.351
USR-3059,38.74,80.97,"[""Sci-Fi"", ""Thriller"", ""Crime""]",20,0.822,0.407
USR-9584,3.0,40.55,"[""Drama""]",6,0.33,0.748
USR-10928,1.04,19.21,"[""Drama""]",7,0.349,0.85
USR-9115,17.4,51.64,"[""Mystery"", ""Adventure"", ""Crime"", ""Sci-Fi""]",17,0.832,0.633
USR-5615,5.15,25.66,"[""Animation"", ""Comedy"", ""Romance""]",19,0.534,0.334
USR-2167,41.9,77.65,"[""Action"", ""Sci-Fi"", ""Thriller""]",17,0.915,0.514
USR-1255,34.51,90.52,"[""Sci-Fi"", ""Action""]",40,0.73,0.445
USR-1416,32.66,93.98,"[""Thriller"", ""Action""]",21,0.769,0.323
USR-7557,21.5,54.24,"[""Drama"", ""Mystery"", ""Sci-Fi""]",24,0.798,0.424
USR-10271,2.45,24.07,"[""Drama"", ""Family""]",4,0.413,0.859
USR-4352,12.4,23.0,"[""Comedy"", ""Animation""]",25,0.701,0.376
USR-4034,34.6,75.36,"[""Sci-Fi"", ""Action""]",27,0.813,0.342
USR-1760,42.75,82.76,"[""Action"", ""Thriller"", ""Crime""]",31,0.821,0.544
USR-2386,46.9,85.98,"[""Action"", ""Thriller"", ""Adventure""]",35,0.749,0.321
USR-1655,54.09,104.53,"[""Thriller"", ""Action"", ""Sci-Fi""]",30,0.888,0.383
USR-2202,49.57,111.98,"[""Sci-Fi"", ""Action""]",21,0.907,0.417
USR-3414,37.81,69.57,"[""Sci-Fi"", ""Action""]",26,0.988,0.397
USR-4239,5.84,19.33,"[""Animation"", ""Comedy""]",14,0.625,0.348
USR-5376,5.32,23.69,"[""Comedy"", ""Romance""]",17,0.786,0.422
USR-6153,6.37,27.26,"[""Comedy""]",16,0.436,0.328
USR-6420,5.82,10.0,"[""Comedy"", ""Animation"", ""Romance""]",13,0.465,0.205
USR-4205,6.55,27.95,"[""Animation"", ""Comedy""]",15,0.752,0.335
USR-3831,29.49,87.65,"[""Action"", ""Sci-Fi""]",31,0.793,0.407
USR-8945,27.68,53.38,"[""Romance"", ""Crime"", ""Mystery""]",25,0.844,0.591
USR-1329,36.27,112.35,"[""Thriller"", ""Action""]",16,0.905,0.359
USR-8579,29.06,62.76,"[""Sci-Fi"", ""Documentary"", ""Crime"", ""Adventure"", ""Drama""]",24,0.877,0.592
USR-7135,23.91,58.05,"[""Drama"", ""Crime"", ""Sci-Fi"", ""Documentary""]",22,0.741,0.438
USR-10747,1.72,18.0,"[""Family"", ""Comedy""]",4,0.544,0.511
USR-3064,38.78,89.33,"[""Sci-Fi"", ""Thriller""]",40,0.77,0.275
USR-9048,31.28,57.29,"[""Crime"", ""Adventure"", ""Drama"", ""Romance"", ""Mystery""]",31,0.601,0.258
USR-9483,4.24,27.45,"[""Comedy""]",9,0.361,0.732
USR-7548,30.99,55.08,"[""Drama"", ""Adventure"", ""Romance""]",24,0.734,0.341
USR-4382,5.16,19.47,"[""Comedy"", ""Animation""]",27,0.576,0.309
USR-5533,9.59,21.43,"[""Comedy""]",21,0.631,0.229
USR-2282,33.11,94.84,"[""Action"", ""Sci-Fi""]",20,0.757,0.481
USR-4020,46.01,94.95,"[""Sci-Fi"", ""Thriller""]",25,0.867,0.411
USR-9148,29.88,59.88,"[""Romance"", ""Documentary"", ""Mystery"", ""Drama"", ""Sci-Fi""]",34,0.831,0.372
USR-9296,17.56,52.16,"[""Crime"", ""Romance"", ""Mystery"", ""Sci-Fi"", ""Adventure""]",31,0.782,0.48
USR-3637,37.12,63.65,"[""Action"", ""Sci-Fi""]",30,0.803,0.455
USR-7572,23.46,59.03,"[""Romance"", ""Adventure"", ""Documentary""]",38,0.737,0.477
USR-7588,28.9,45.12,"[""Sci-Fi"", ""Mystery"", ""Crime""]",33,0.806,0.516
USR-8860,30.67,,"[""Romance"", ""Documentary"", ""Sci-Fi"", ""Crime""]",24,0.793,0.613
USR-4019,32.15,86.14,"[""Thriller"", ""Sci-Fi"", ""Action""]",26,0.813,0.525
USR-3946,22.99,103.66,"[""Thriller"", ""Sci-Fi""]",24,0.953,0.42
USR-5982,9.4,23.05,"[""Animation"", ""Comedy"", ""Romance""]",19,0.709,0.334
USR-6922,40.76,76.25,"[""Adventure"", ""Sci-Fi"", ""Drama""]",29,0.871,0.309
USR-10507,2.25,12.83,"[""Comedy"", ""Family""]",5,0.466,0.726
USR-3664,27.77,92.39,"[""Sci-Fi"", ""Thriller"", ""Action""]",29,0.663,0.278
USR-9371,5.01,43.19,,4,0.303,0.82
USR-2283,43.5,66.55,"[""Sci-Fi"", ""Thriller"", ""Action"", ""Adventure""]",24,0.857,0.382
USR-8598,28.74,35.0,"[""Mystery"", ""Romance"", ""Documentary""]",33,0.866,0.308
USR-2363,41.86,87.42,"[""Thriller"", ""Sci-Fi""]",27,0.792,0.403
USR-2438,30.13,118.79,"[""Sci-Fi"", ""Thriller"", ""Crime""]",28,0.864,0.475
USR-10727,3.65,39.44,"[""Drama""]",8,0.445,0.885
USR-9298,29.11,64.19,"[""Crime"", ""Mystery"", ""Sci-Fi""]",22,0.795,0.325
USR-1057,40.52,98.92,"[""Sci-Fi"", ""Thriller""]",24,0.816,0.548
USR-5705,10.57,22.22,"[""Comedy"", ""Animation""]",14,0.764,0.356
USR-9570,1.64,30.78,"[""Drama""]",7,0.149,0.722
USR-9618,3.55,20.46,"[""Drama""]",6,0.261,1.0
USR-2845,33.32,104.22,"[""Action"", ""Sci-Fi"", ""Thriller""]",20,0.886,0.462
USR-6203,8.37,30.15,"[""Comedy""]",24,0.706,0.36
USR-9666,4.14,32.14,"[""Comedy""]",7,0.285,0.863
USR-6706,11.65,17.12,"[""Comedy""]",16,0.476,0.189
USR-3881,32.75,85.88,"[""Action"", ""Sci-Fi"", ""Thriller""]",28,0.667,0.485
USR-2744,46.85,68.33,"[""Sci-Fi"", ""Action"", ""Thriller""]",23,0.983,0.34
USR-9488,4.29,25.86,"[""Drama""]",4,0.323,0.629
USR-9369,4.16,43.22,"[""Drama""]",10,0.44,0.552
USR-8977,25.52,49.25,"[""Adventure"", ""Crime"", ""Mystery""]",15,0.728,0.423
USR-10888,4.18,31.91,"[""Comedy"", ""Family""]",6,0.278,0.575
USR-1741,40.23,74.16,"[""Thriller"", ""Action"", ""Sci-Fi""]",30,1.0,0.336
USR-7523,24.27,42.16,"[""Mystery"", ""Drama"", ""Documentary""]",21,0.743,0.547
USR-5177,10.73,38.23,"[""Comedy"", ""Animation""]",20,0.71,0.397
USR-2625,52.72,82.32,"[""Thriller"", ""Sci-Fi"", ""Action""]",21,0.848,0.252
USR-1525,33.65,83.44,"[""Thriller"", ""Action"", ""Sci-Fi""]",24,0.831,0.532
USR-7743,15.96,63.59,"[""Adventure"", ""Sci-Fi"", ""Romance""]",22,0.922,0.447
USR-5318,7.97,25.56,"[""Comedy"", ""Animation""]",24,0.662,0.429
USR-6610,8.99,23.15,"[""Comedy"", ""Animation""]",22,0.54,0.282
USR-8399,21.9,,"[""Adventure"", ""Romance"", ""Sci-Fi""]",20,0.744,0.499
USR-7148,31.87,69.26,"[""Crime"", ""Mystery"", ""Documentary"", ""Sci-Fi"", ""Adventure""]",23,0.762,0.695
USR-1436,40.45,92.0,"[""Sci-Fi"", ""Thriller""]",31,0.91,0.564
USR-4106,41.85,100.23,"[""Action"", ""Thriller"", ""Sci-Fi""]",20,0.974,0.601
USR-10979,1.8,24.68,"[""Family"", ""Drama""]",4,0.6,0.797
USR-1309,45.94,105.13,"[""Sci-Fi"", ""Action"", ""Adventure""]",28,0.857,0.181
USR-2566,41.71,115.53,"[""Action"", ""Sci-Fi""]",24,0.785,0.432
USR-3632,41.33,89.58,"[""Sci-Fi"", ""Action""]",23,0.818,0.344
USR-6728,5.57,26.44,"[""Animation"", ""Comedy""]",17,0.663,0.353
USR-5541,8.64,21.24,"[""Comedy"", ""Animation""]",25,0.615,0.462
USR-1402,38.52,102.32,"[""Sci-Fi"", ""Action"", ""Thriller""]",18,0.799,0.234
USR-6614,10.18,31.24,"[""Comedy"", ""Animation""]",18,0.514,0.487
USR-4069,32.58,107.88,"[""Sci-Fi"", ""Thriller"", ""Action"", ""Crime""]",36,0.727,0.324
USR-1882,33.1,101.23,"[""Sci-Fi"", ""Thriller"", ""Crime""]",31,0.878,0.351
USR-1435,47.04,107.99,"[""Sci-Fi"", ""Thriller""]",20,0.818,0.328
USR-8285,33.4,68.29,"[""Mystery"", ""Adventure"", ""Sci-Fi"", ""Romance"", ""Crime""]",34,0.656,0.564
USR-10307,5.346723026610588,34.67,"[""Drama"", ""Comedy""]",9,0.569,0.933
USR-10452,3.4,36.04,"[""Family"", ""Comedy""]",8,0.542,0.772
USR-9496,3.73,30.21,"[""Drama""]",4,0.362,0.62
USR-7843,20.76,61.91,"[""Mystery"", ""Adventure"", ""Crime"", ""Drama""]",27,0.733,0.693
USR-6870,9.37,29.21,"[""Comedy"", ""Animation"", ""Romance""]",17,0.638,0.124
USR-6685,8.35,,"[""Comedy"", ""Animation""]",23,0.605,0.426
USR-1289,37.57,107.73,"[""Sci-Fi"", ""Thriller"", ""Action""]",26,0.905,0.182
USR-6557,8.27,30.07,"[""Comedy"", ""Animation"", ""Romance""]",18,0.655,0.417
USR-9413,4.74,41.21,"[""Comedy"", ""Drama""]",2,0.1,0.866
USR-3624,44.17,104.96,"[""Action"", ""Sci-Fi"", ""Crime""]",24,0.932,0.454
USR-7150,23.13,67.67,"[""Romance"", ""Documentary"", ""Sci-Fi"", ""Mystery""]",27,0.844,0.353
USR-1477,35.02,87.58,"[""Sci-Fi"", ""Thriller"", ""Action""]",16,0.937,0.239
USR-8189,27.03,70.64,"[""Mystery"", ""Drama"", ""Romance""]",29,0.702,0.429
USR-10247,4.75,29.5,"[""Family"", ""Drama""]",10,0.471,0.811
USR-4298,10.784789349988351,23.49,"[""Animation""]",19,0.479,0.321
USR-4264,10.52,30.16,"[""Comedy"", ""Animation""]",13,0.699,0.249
USR-4134,43.99,110.65,"[""Thriller"", ""Sci-Fi"", ""Action""]",24,0.947,0.388
USR-1738,34.14,93.06,"[""Action"", ""Sci-Fi""]",31,0.848,0.498
USR-7410,25.7,51.08,"[""Romance"", ""Mystery"", ""Adventure"", ""Documentary""]",14,0.767,0.457
USR-5490,12.48,33.47,"[""Animation""]",23,0.7,0.161
USR-7706,33.77,41.28,"[""Documentary"", ""Drama"", ""Mystery""]",21,0.921,0.468
USR-7256,29.35,56.51,"[""Romance"", ""Drama"", ""Crime"", ""Mystery""]",21,0.869,0.601
USR-10742,5.08,25.93,"[""Drama"", ""Comedy""]",4,0.454,0.851
USR-8647,28.06,54.0,"[""Adventure"", ""Mystery"", ""Drama"", ""Documentary"", ""Crime""]",23,0.836,0.333
USR-8064,30.06,50.8,"[""Sci-Fi"", ""Drama"", ""Mystery""]",21,0.866,0.254
USR-8750,20.32,42.69,"[""Adventure"", ""Documentary"", ""Romance"", ""Crime""]",31,0.754,0.716
USR-7651,30.54,44.98,"[""Mystery"", ""Drama"", ""Adventure"", ""Romance""]",40,0.749,0.514
USR-8333,32.39,61.42,"[""Romance"", ""Mystery"", ""Adventure"", ""Sci-Fi""]",28,0.904,0.568
USR-4861,5.79,27.05,"[""Comedy"", ""Animation""]",20,0.824,0.12
USR-2840,31.64,87.57,"[""Sci-Fi"", ""Thriller"", ""Action""]",35,0.853,0.444
USR-2996,38.35,84.51,"[""Sci-Fi"", ""Action""]",33,0.865,0.548
USR-3400,41.18,84.34,"[""Thriller"", ""Action""]",28,0.804,0.445
USR-9519,2.71,44.97,"[""Comedy""]",8,0.386,0.786
USR-10122,3.68,46.29,"[""Drama"", ""Comedy""]",7,0.333,0.613
USR-5216,10.55,24.81,"[""Comedy""]",17,0.77,0.363
USR-4687,8.72,35.15,"[""Animation"", ""Comedy""]",16,0.608,0.515
USR-1801,39.49,89.27,"[""Action"", ""Thriller"", ""Sci-Fi""]",29,0.889,0.315
USR-7253,33.72,42.23,"[""Sci-Fi"", ""Drama"", ""Romance""]",43,0.746,0.324
USR-9116,27.26,78.21,"[""Romance"", ""Drama"", ""Adventure"", ""Documentary"", ""Crime""]",27,0.706,0.51
USR-2406,45.18,87.07,"[""Thriller"", ""Action""]",22,0.898,0.604
USR-8355,33.28,,"[""Crime"", ""Romance"", ""Documentary"", ""Drama"", ""Adventure""]",41,0.842,0.579
USR-1070,28.56,92.68,"[""Action"", ""Sci-Fi""]",20,0.872,0.415
USR-6860,10.85,30.04,"[""Animation"", ""Comedy""]",22,0.417,0.545
USR-3760,38.5,87.15,"[""Sci-Fi"", ""Thriller""]",33,0.799,0.505
USR-7551,25.1,63.44,"[""Romance"", ""Drama"", ""Mystery"", ""Documentary""]",33,0.802,0.473
USR-2587,46.57,93.59,"[""Action"", ""Sci-Fi""]",25,0.794,0.533
USR-5360,10.41,29.61,"[""Animation"", ""Comedy""]",24,0.657,0.314
USR-6713,8.83,28.74,"[""Animation"", ""Comedy""]",23,0.754,0.285
USR-2075,38.24,89.56,"[""Thriller"", ""Sci-Fi"", ""Action""]",31,0.85,0.445
USR-5820,8.25,13.72,"[""Animation""]",19,0.897,0.375
USR-9842,0.1,32.75,"[""Comedy""]",7,0.614,0.792
USR-7560,29.29,58.54,"[""Romance"", ""Documentary"", ""Mystery"", ""Adventure""]",10,0.712,0.385
USR-10746,3.62,18.89,"[""Comedy""]",11,0.433,0.916
USR-3604,27.41,77.55,"[""Thriller"", ""Action""]",33,0.897,0.431
USR-10736,5.09,30.04,"[""Family"", ""Comedy""]",3,0.232,0.754
USR-2580,40.4,98.32,"[""Sci-Fi"", ""Action"", ""Adventure""]",23,0.826,0.443
USR-9232,23.14,62.85,"[""Adventure"", ""Sci-Fi"", ""Documentary"", ""Mystery""]",26,0.792,0.431
USR-6701,,24.6,"[""Animation"", ""Comedy""]",19,0.798,0.359
USR-4724,5.94,10.29,"[""Animation"", ""Comedy""]",31,0.621,0.331
USR-1410,33.32,103.93,"[""Thriller"", ""Action""]",24,0.814,0.454
USR-8597,23.9,79.92,"[""Documentary"", ""Crime"", ""Mystery""]",34,0.663,0.733
USR-4886,4.45,25.92,"[""Comedy"", ""Animation"", ""Romance""]",14,0.563,0.359
USR-6732,7.46,16.29,"[""Comedy"", ""Animation""]",21,0.637,0.109
USR-6355,8.44,34.5,"[""Animation"", ""Comedy""]",26,0.753,0.231
USR-4965,7.48,23.22,"[""Animation""]",16,0.683,0.216
USR-4092,27.91,,"[""Action"", ""Sci-Fi"", ""Adventure""]",33,0.841,0.421
USR-3727,49.52,84.14,"[""Thriller"", ""Action"", ""Sci-Fi"", ""Adventure""]",24,0.766,0.352
USR-1478,30.06,98.65,"[""Sci-Fi"", ""Thriller""]",26,0.947,0.468
USR-2330,31.85,99.06,"[""Sci-Fi"", ""Action""]",21,0.692,0.37
USR-3284,27.83,79.6,"[""Sci-Fi"", ""Thriller""]",13,0.755,0.245
USR-10741,3.57,14.23,"[""Drama""]",4,0.206,0.706
USR-8074,30.83,62.28,"[""Crime"", ""Mystery"", ""Drama"", ""Documentary""]",32,0.722,0.416
USR-2778,28.21,95.64,"[""Thriller"", ""Sci-Fi"", ""Action"", ""Crime""]",15,0.9,0.456
USR-7240,28.2,72.14,"[""Romance"", ""Adventure"", ""Mystery""]",33,0.722,0.604
USR-1752,26.91,51.89,"[""Action"", ""Sci-Fi""]",13,0.746,0.408
USR-6929,26.75,74.83,"[""Drama"", ""Documentary"", ""Adventure""]",36,0.842,0.591
USR-5175,11.94,17.91,"[""Comedy"", ""Animation""]",24,0.745,0.349
USR-8314,29.19,46.22,"[""Documentary"", ""Mystery"", ""Sci-Fi"", ""Drama""]",25,0.715,0.545
USR-7174,22.39,66.58,"[""Adventure"", ""Crime"", ""Drama""]",21,0.781,0.401
USR-8766,21.02,53.91,"[""Crime"", ""Mystery"", ""Drama"", ""Adventure""]",30,0.895,0.519
USR-10472,1.54,40.47,"[""Family"", ""Comedy""]",3,0.301,0.681
USR-9109,25.12,52.23,"[""Mystery"", ""Documentary"", ""Adventure"", ""Crime""]",30,0.684,0.514
USR-6313,10.14,25.63,"[""Animation""]",28,0.578,0.168
USR-6270,7.87,15.8,"[""Animation"", ""Comedy""]",16,0.618,0.325
USR-1469,38.46,72.3,"[""Sci-Fi"", ""Thriller""]",23,0.765,0.479
USR-2546,15.0,106.16,"[""Sci-Fi"", ""Thriller"", ""Action""]",20,0.849,0.268
USR-7460,27.67,92.88,"[""Crime"", ""Romance"", ""Documentary"", ""Drama""]",36,0.71,0.558
USR-3684,33.76,103.07,"[""Sci-Fi"", ""Thriller""]",22,0.862,0.418
USR-8353,,61.65,"[""Documentary"", ""Crime"", ""Drama""]",46,0.708,0.64
USR-7330,27.3,,"[""Mystery"", ""Drama"", ""Sci-Fi""]",19,0.918,0.503
USR-2026,43.34,87.17,"[""Sci-Fi"", ""Thriller""]",25,0.858,0.247
USR-5682,5.8,18.46,"[""Comedy"", ""Animation""]",18,0.776,0.389
USR-9171,28.81,77.55,"[""Sci-Fi"", ""Drama"", ""Romance"", ""Mystery"", ""Adventure""]",13,0.686,0.46
USR-8260,26.31,53.07,"[""Adventure"", ""Mystery"", ""Sci-Fi"", ""Drama"", ""Documentary""]",32,0.795,0.636
USR-3355,37.97,92.32,"[""Thriller"", ""Sci-Fi""]",23,1.0,0.444
USR-6228,9.44,28.58,"[""Animation"", ""Comedy""]",23,0.683,0.38
USR-4781,9.33,15.04,"[""Animation"", ""Comedy""]",18,0.829,0.437
USR-1774,37.47,67.3,"[""Sci-Fi"", ""Action"", ""Slow TV""]",26,0.875,0.487
USR-10453,3.36,27.64,"[""Comedy"", ""Family""]",4,0.284,0.66
USR-9903,3.02,36.2,"[""Family""]",7,0.285,0.69
USR-6959,30.05,44.43,"[""Sci-Fi"", ""Drama"", ""Romance"", ""Crime"", ""Mystery""]",29,0.777,0.492
USR-8825,34.64,56.17,"[""Adventure"", ""Crime"", ""Romance"", ""Sci-Fi""]",19,0.839,0.593
USR-1642,37.7,84.41,"[""Thriller"", ""Action""]",24,0.867,0.595
USR-5333,4.26,22.16,"[""Comedy"", ""Animation""]",11,0.63,0.406
USR-5003,6.75,27.06,"[""Animation"", ""Comedy""]",28,0.668,0.429
USR-8793,23.1,55.84,"[""Documentary"", ""Adventure"", ""Romance""]",30,0.883,0.412
USR-4318,11.39,22.78,"[""Animation"", ""Comedy""]",22,0.563,0.45
USR-9621,4.82,24.64,"[""Family"", ""Comedy""]",3,0.382,0.681
USR-2109,28.7,90.83,"[""Thriller"", ""Sci-Fi""]",18,0.793,0.415
USR-7614,29.76,62.67,"[""Sci-Fi"", ""Documentary"", ""Drama""]",38,0.65,0.288
USR-9845,3.62,35.75,"[""Comedy""]",3,0.341,0.805
USR-2421,44.99,73.79,"[""Action"", ""Sci-Fi"", ""Thriller""]",31,0.989,0.588
USR-6118,7.01,29.03,"[""Animation""]",21,0.923,0.447
USR-7525,37.79,66.52,"[""Crime"", ""Adventure"", ""Sci-Fi""]",15,0.763,0.403
USR-6024,3.23,15.59,"[""Comedy"", ""Animation""]",21,0.675,0.343
USR-9697,6.14,28.21,"[""Family""]",4,0.394,0.864
USR-10652,2.14,45.76,"[""Comedy""]",2,0.228,0.796
USR-6628,6.13,23.85,"[""Comedy"", ""Animation"", ""Romance""]",26,0.668,0.258
USR-10717,2.06,11.35,"[""Drama""]",6,0.353,0.719
USR-2681,32.83,93.33,"[""Thriller"", ""Sci-Fi"", ""Action""]",22,1.0,0.191
USR-7871,40.08,53.73,"[""Sci-Fi"", ""Documentary"", ""Romance""]",35,0.691,0.528
USR-1634,36.1,61.0,"[""Thriller"", ""Sci-Fi""]",22,0.886,0.202
USR-3570,30.32,82.02,"[""Thriller"", ""Action""]",25,0.918,0.397
USR-4502,9.04,24.97,"[""Animation""]",23,0.692,0.522
USR-3167,31.06,92.52,"[""Sci-Fi"", ""Action""]",22,0.874,0.548
USR-1364,39.87,94.89,"[""Thriller"", ""Sci-Fi""]",29,0.915,0.312
USR-7924,29.51,75.75,"[""Sci-Fi"", ""Adventure"", ""Documentary"", ""Crime""]",33,0.679,0.463
USR-3826,28.12,97.85,"[""Sci-Fi"", ""Action""]",25,0.82,0.484
USR-9475,2.16,27.79,"[""Comedy""]",1,0.402,0.629
USR-7392,25.66,63.99,"[""Adventure"", ""Mystery"", ""Romance"", ""Documentary""]",19,0.778,0.588
USR-8690,18.68,55.52,"[""Drama"", ""Crime"", ""Adventure"", ""Sci-Fi"", ""Romance""]",36,0.862,0.544
USR-8348,24.08,55.43,"[""Crime"", ""Adventure"", ""Sci-Fi""]",27,0.691,0.448
USR-8077,23.67,47.12,"[""Drama"", ""Mystery"", ""Sci-Fi""]",22,0.864,0.577
USR-8311,32.3,38.75,"[""Romance"", ""Mystery"", ""Crime"", ""Adventure""]",31,0.831,0.64
USR-6995,35.99,70.37,"[""Sci-Fi"", ""Romance"", ""Documentary""]",23,0.719,0.529
USR-8862,20.64,68.29,"[""Mystery"", ""Sci-Fi"", ""Drama"", ""Documentary""]",31,0.744,0.351
USR-2173,37.47,87.98,"[""Thriller"", ""Action"", ""Sci-Fi""]",27,0.791,0.386
USR-7867,22.42,54.28,"[""Adventure"", ""Mystery"", ""Sci-Fi"", ""Documentary"", ""Romance""]",36,0.845,0.613
USR-5322,8.76,20.71,"[""Comedy""]",19,0.494,0.387
USR-7534,20.77,64.76,"[""Adventure"", ""Sci-Fi"", ""Crime""]",18,0.829,0.426
USR-3577,35.62,84.99,"[""Sci-Fi"", ""Thriller""]",22,0.817,0.53
USR-2990,34.0,79.68,"[""Action"", ""Thriller"", ""Sci-Fi""]",30,0.856,0.367
USR-8135,31.79,55.07,"[""Sci-Fi"", ""Adventure"", ""Documentary"", ""Romance"", ""Mystery""]",23,0.808,0.477
USR-10962,4.13,25.95,"[""Comedy"", ""Family""]",5,0.367,0.66
USR-7462,24.19,62.35,"[""Sci-Fi"", ""Romance"", ""Documentary"", ""Mystery"", ""Crime""]",36,0.732,0.621
USR-6731,11.39,19.8,"[""Animation"", ""Comedy"", ""Romance""]",26,0.684,0.268
USR-9494,3.14,23.83,"[""Drama""]",7,0.287,0.914
USR-3629,36.94,98.39,"[""Action"", ""Thriller"", ""Sci-Fi"", ""Adventure""]",33,0.982,0.363
USR-8979,29.64,40.47,"[""Mystery"", ""Documentary"", ""Sci-Fi"", ""Romance""]",23,0.73,0.393
USR-2411,40.33,76.39,"[""Action"", ""Sci-Fi"", ""Adventure""]",20,0.755,0.374
USR-9262,25.39,66.08,"[""Adventure"", ""Sci-Fi"", ""Drama"", ""Crime""]",21,0.765,0.454
USR-5922,7.54,25.99,"[""Comedy"", ""Animation"", ""Romance""]",14,0.705,0.528
USR-7419,32.32,63.64,"[""Mystery"", ""Adventure"", ""Romance""]",29,0.667,0.495
USR-5281,6.25,25.09,"[""Comedy"", ""Animation""]",13,0.699,0.449
USR-9177,30.4,78.02,"[""Documentary"", ""Crime"", ""Sci-Fi""]",22,0.674,0.346
USR-10780,3.51,39.5,"[""Family"", ""Drama""]",6,0.495,0.718
USR-1816,35.26,102.14,"[""Thriller"", ""Sci-Fi""]",27,0.837,0.328
USR-3405,44.95,82.54,"[""Action"", ""Thriller""]",22,0.796,0.387
USR-7207,15.91,62.59,"[""Drama"", ""Mystery"", ""Romance"", ""Documentary""]",25,0.909,0.438
USR-3403,34.54831601624762,102.59,"[""Sci-Fi"", ""Action""]",22,0.873,0.473
USR-7222,29.86,35.32,"[""Crime"", ""Romance"", ""Documentary"", ""Drama""]",33,0.795,0.401
USR-3132,36.33,73.54,"[""Thriller"", ""Sci-Fi"", ""Action""]",28,0.861,0.498
USR-2798,34.21,70.02,"[""Action"", ""Sci-Fi"", ""Thriller""]",32,0.853,0.371
USR-4091,45.1,78.84,"[""Thriller"", ""Sci-Fi"", ""Action""]",22,0.837,0.378
USR-5282,6.95,19.23,"[""Animation""]",26,0.576,0.431
USR-10245,3.41,47.33,"[""Family"", ""Drama""]",4,0.344,0.655
USR-4123,36.9,100.44,"[""Action"", ""Sci-Fi""]",29,0.835,0.409
USR-6146,6.54,30.31,"[""Animation"", ""Comedy""]",15,0.489,0.286
USR-10678,1.84,33.99,"[""Comedy"", ""Drama""]",9,0.362,0.777
USR-1123,37.65,87.38,"[""Action"", ""Sci-Fi"", ""Thriller""]",22,0.939,0.476
USR-1180,41.19,74.18,"[""Sci-Fi"", ""Thriller""]",33,0.694,0.69
USR-10346,2.7,24.26,"[""Comedy""]",6,0.408,0.604
USR-6655,5.89,25.9,"[""Comedy""]",27,0.726,0.256
USR-6305,5.5,20.54,"[""Animation"", ""Comedy""]",18,0.556,0.144
USR-7504,28.4,81.98,"[""Crime"", ""Documentary"", ""Romance"", ""Drama""]",20,0.834,0.533
USR-6387,4.56,25.41,"[""Animation""]",14,0.717,0.335
USR-2158,39.44,77.91,"[""Action"", ""Sci-Fi"", ""Thriller""]",20,0.686,0.495
USR-1238,35.62,83.87,"[""Thriller"", ""Action"", ""Sci-Fi"", ""Adventure""]",30,0.861,0.553
USR-2533,42.21,66.49,"[""Thriller"", ""Action"", ""Sci-Fi"", ""Adventure""]",23,0.884,0.433
USR-9665,2.41,50.62,"[""Drama""]",6,0.494,0.78
USR-7452,28.79,68.15,"[""Romance"", ""Documentary"", ""Crime"", ""Sci-Fi"", ""Drama""]",28,0.767,0.439
USR-10206,3.58,28.49,"[""Family""]",4,0.418,0.689
USR-2536,41.18,109.25,"[""Sci-Fi"", ""Thriller"", ""Action"", ""Crime""]",28,1.0,0.479
USR-8741,27.88,64.72,"[""Drama"", ""Adventure"", ""Romance"", ""Mystery""]",33,0.876,0.487
USR-5814,,20.2,"[""Comedy"", ""Animation""]",23,0.683,0.396
USR-3606,40.49,81.12,"[""Action"", ""Sci-Fi""]",26,0.921,0.467
USR-4854,7.55,17.64,"[""Comedy"", ""Animation""]",18,0.499,0.301
USR-8204,27.35,69.46,"[""Romance"", ""Documentary"", ""Adventure"", ""Crime""]",28,0.8,0.526
USR-8628,24.32,70.84,"[""Romance"", ""Crime"", ""Documentary"", ""Adventure"", ""Mystery""]",15,0.701,0.408
USR-3178,44.95,85.96,"[""Sci-Fi"", ""Thriller"", ""Action"", ""Crime""]",17,0.753,0.291
USR-9168,27.13,54.39,"[""Drama"", ""Adventure"", ""Mystery"", ""Romance"", ""Sci-Fi""]",29,0.844,0.536
USR-3352,24.19,106.66,"[""Thriller"", ""Action""]",24,0.943,0.358
USR-7635,26.42,55.32,"[""Sci-Fi"", ""Crime"", ""Romance""]",30,0.789,0.561
USR-4496,10.86,35.03,"[""Animation"", ""Comedy""]",23,0.652,0.432
USR-9318,1.37,36.77,"[""Family"", ""Comedy""]",6,0.428,0.876
USR-3135,43.45,113.11,"[""Thriller"", ""Action"", ""Sci-Fi""]",39,0.852,0.482
USR-2481,43.93,64.67,"[""Action"", ""Sci-Fi""]",16,0.665,0.303
USR-3794,37.74,62.92,"[""Thriller"", ""Action""]",28,0.911,0.305
USR-5956,10.11,36.32,"[""Animation"", ""Comedy""]",10,0.521,0.241
USR-10879,5.3,39.71,[],5,0.674,0.895
USR-6226,8.543262063146893,26.32,"[""Comedy"", ""Animation""]",23,0.669,0.228
USR-8543,32.31,48.57,"[""Documentary"", ""Sci-Fi"", ""Mystery"", ""Drama"", ""Adventure""]",38,0.675,0.518
USR-6170,11.92,26.45,"[""Comedy""]",22,0.602,0.278
USR-9501,5.01,,"[""Family""]",5,0.631,0.825
USR-10524,1.86,37.16,"[""Family"", ""Comedy""]",8,0.252,0.675
USR-4615,11.54,30.01,"[""Animation""]",24,0.725,0.366
USR-4911,6.09,19.49,"[""Comedy"", ""Slow TV""]",12,0.56,0.254
USR-10534,2.36,44.08,"[""Family"", ""Comedy""]",6,0.32,0.616
USR-4800,8.15,24.14,"[""Comedy"", ""Romance"", ""Slow TV""]",25,0.604,0.322
USR-2953,35.9,99.3,"[""Action"", ""Thriller""]",30,0.78,0.462
USR-1556,42.9,124.89,"[""Thriller"", ""Sci-Fi"", ""Action""]",20,0.817,0.414
USR-7996,28.74,58.36,"[""Romance"", ""Documentary"", ""Crime"", ""Sci-Fi"", ""Adventure""]",34,0.916,0.511
USR-2164,44.13,81.71,"[""Sci-Fi"", ""Thriller""]",30,0.945,0.304
USR-2585,39.97,71.7,"[""Sci-Fi"", ""Thriller"", ""Action""]",19,0.785,0.354
USR-7301,28.58,35.0,"[""Mystery"", ""Romance"", ""Sci-Fi"", ""Crime"", ""Documentary""]",33,0.837,0.477
USR-8540,29.7,70.56,"[""Documentary"", ""Crime"", ""Sci-Fi""]",25,0.896,0.506
USR-7271,27.57,,"[""Drama"", ""Crime"", ""Adventure"", ""Sci-Fi""]",17,0.747,0.42
USR-7205,35.96,46.0,"[""Drama"", ""Crime"", ""Romance"", ""Mystery""]",18,0.828,0.447
USR-6363,8.71,33.69,"[""Animation"", ""Romance""]",8,0.748,0.316
USR-9089,28.86,66.3,"[""Documentary"", ""Crime"", ""Romance""]",37,0.827,0.612
USR-6013,5.57,33.18,"[""Comedy"", ""Animation""]",21,0.595,0.403
USR-2599,40.21,70.96,"[""Thriller"", ""Sci-Fi""]",18,0.886,0.419
USR-8349,31.77,62.33,"[""Romance"", ""Documentary"", ""Crime""]",22,0.727,0.546
USR-1301,45.78,102.37,"[""Thriller"", ""Action"", ""Adventure""]",19,0.884,0.431
USR-9499,3.27,41.81,"[""Comedy"", ""Family""]",1,0.322,0.61
USR-10759,3.37,31.05,"[""Family""]",3,0.273,0.75
USR-7325,22.88,52.25,"[""Adventure"", ""Crime"", ""Mystery"", ""Drama""]",27,0.733,0.172
USR-6815,9.92,15.74,"[""Animation"", ""Comedy""]",21,0.648,0.149
USR-4326,12.07,21.86,"[""Comedy"", ""Animation""]",18,0.555,0.342
USR-9974,4.67,48.91,"[""Comedy""]",8,0.635,0.828
USR-9972,3.34,42.53,"[""Comedy"", ""Family""]",9,0.362,0.534
USR-3859,38.93,108.61,"[""Sci-Fi"", ""Thriller""]",18,0.896,0.492
USR-10107,1.45,41.46,"[""Drama""]",5,0.479,0.648
USR-10932,0.71,25.63,"[""Drama"", ""Family""]",7,0.302,0.554
USR-4143,31.86,67.22,"[""Action"", ""Thriller""]",19,0.936,0.405
USR-2360,36.83,109.85,"[""Action"", ""Sci-Fi""]",28,0.809,0.472
USR-6559,7.02,10.0,"[""Comedy""]",11,0.601,0.316
USR-2936,22.94,82.69,"[""Sci-Fi"", ""Action""]",21,1.0,0.443
USR-4206,6.41,25.47,"[""Animation"", ""Comedy""]",34,0.663,0.37
USR-6821,6.49,20.19,"[""Comedy"", ""Animation""]",23,0.644,0.365
USR-1487,24.95,101.86,"[""Thriller"", ""Sci-Fi""]",33,0.841,0.405
USR-10158,,21.5,"[""Comedy""]",5,0.268,0.755
USR-5451,8.41,19.79,"[""Comedy"", ""Animation""]",19,0.722,0.266
USR-9012,34.91,40.65,"[""Mystery"", ""Romance"", ""Adventure""]",15,0.895,0.442
USR-5477,6.69,22.85,"[""Comedy"", ""Animation""]",17,0.786,0.409
USR-6730,12.12,15.52,"[""Comedy"", ""Animation""]",9,0.651,0.455
USR-9914,4.67,28.89,"[""Drama""]",5,0.448,0.737
USR-4338,5.75,22.44,"[""Comedy"", ""Silent Cinema""]",26,0.645,0.303
USR-8531,37.61,37.32,"[""Crime"", ""Romance"", ""Adventure""]",25,0.636,0.518
USR-2153,38.52,107.93,"[""Thriller"", ""Action"", ""Adventure""]",25,0.843,0.434
USR-6509,6.74,19.85,"[""Animation"", ""Comedy"", ""Romance""]",18,0.7,0.492
USR-10840,1.39,29.13,"[""Family""]",7,0.355,0.844
USR-8257,30.37,60.13,"[""Adventure"", ""Mystery"", ""Drama"", ""Documentary"", ""Romance""]",30,0.905,0.442
USR-9614,2.41,31.05,"[""Family"", ""Drama""]",2,0.45,0.745
USR-10109,3.37,38.7,"[""Comedy""]",6,0.488,0.634
USR-4353,9.99,19.46,"[""Comedy"", ""Animation""]",24,0.706,0.507
USR-7724,26.92,44.6,"[""Crime"", ""Drama"", ""Sci-Fi""]",25,0.801,0.187
USR-10801,2.12,33.15,"[""Comedy""]",5,0.565,0.89
USR-9628,1.14,37.56,"[""Comedy"", ""Drama""]",10,0.269,0.751
USR-10902,3.67,42.24,"[""Family""]",1,0.514,0.649
USR-7104,32.01,62.82,"[""Documentary"", ""Drama"", ""Sci-Fi""]",36,0.803,0.516
USR-1666,53.32,93.29,"[""Thriller"", ""Action"", ""Sci-Fi""]",30,0.741,0.493
USR-4519,8.42,25.99,"[""Animation""]",30,0.694,0.352
USR-10549,2.36,41.4,"[""Comedy""]",5,0.431,0.731
USR-8453,26.91,52.37,"[""Romance"", ""Drama"", ""Adventure"", ""Documentary""]",25,0.771,0.429
USR-1643,42.41,100.68,"[""Thriller"", ""Action""]",13,0.857,0.373
USR-10486,5.62,32.51,"[""Drama"", ""Comedy""]",6,0.256,0.81
USR-1177,28.16,70.12,"[""Action"", ""Thriller"", ""Sci-Fi""]",17,0.872,0.412
USR-9917,4.81,38.2,"[""Drama""]",6,0.26,0.842
USR-8958,28.223780363243634,71.34,"[""Adventure"", ""Crime"", ""Mystery"", ""Drama""]",27,0.727,0.451
USR-7334,21.72,59.01,"[""Crime"", ""Documentary"", ""Drama"", ""Mystery"", ""Romance""]",20,0.637,0.424
USR-1787,44.8,109.8,"[""Thriller"", ""Action"", ""Crime""]",29,0.921,0.493
USR-9385,2.43,31.67,"[""Drama"", ""Comedy""]",4,0.387,0.541
USR-7511,28.79,44.59,"[""Romance"", ""Drama"", ""Mystery"", ""Adventure"", ""Sci-Fi""]",23,0.648,0.387
USR-10813,5.5,37.13,"[""Comedy"", ""Family""]",6,0.444,0.841
USR-4203,6.84,26.56,"[""Animation"", ""Comedy""]",13,0.599,0.38
USR-5914,10.16,25.96,"[""Comedy"", ""Animation""]",15,0.669,0.557
USR-6507,5.26,30.78,"[""Animation"", ""Comedy"", ""Romance""]",26,0.771,0.293
USR-9117,20.61,47.12,"[""Mystery"", ""Documentary"", ""Adventure"", ""Romance""]",32,0.76,0.428
USR-1092,39.12,116.03,"[""Sci-Fi"", ""Thriller"", ""Action""]",27,0.95,0.462
USR-7595,31.32,42.88,"[""Crime"", ""Mystery"", ""Drama"", ""Sci-Fi""]",25,0.776,0.601
USR-6866,9.94,20.41,"[""Animation"", ""Comedy""]",22,0.532,0.338
USR-10602,2.0,36.4,"[""Drama""]",7,0.304,0.764
USR-7160,23.05,58.94,"[""Crime"", ""Adventure"", ""Documentary""]",28,0.776,0.537
USR-2972,29.7,103.65,"[""Action"", ""Sci-Fi"", ""Thriller""]",26,0.756,0.36
USR-3906,38.22,99.9,"[""Thriller"", ""Sci-Fi""]",26,0.794,0.508
USR-1531,33.52,94.37,"[""Action"", ""Thriller""]",32,0.754,0.318
USR-4816,9.63,22.31,"[""Comedy"", ""Animation""]",29,0.842,0.374
USR-1997,31.41,72.6,"[""Action"", ""Sci-Fi"", ""Thriller"", ""Crime""]",27,0.848,0.374
USR-4575,7.34,26.16,"[""Animation""]",18,0.692,0.51
USR-6406,5.84,28.57,"[""Comedy"", ""Animation""]",22,0.663,0.552
USR-6768,7.1,23.26,[],20,0.846,0.216
USR-7400,27.71,54.5,"[""Romance"", ""Adventure"", ""Crime"", ""Sci-Fi"", ""Documentary""]",21,0.904,0.428
USR-3313,30.42,88.89,"[""Action"", ""Sci-Fi""]",32,0.709,0.374
USR-3155,49.73,80.38,"[""Action"", ""Sci-Fi"", ""Thriller""]",27,0.934,0.421
USR-5351,9.71,29.2,"[""Comedy"", ""Animation""]",28,0.83,0.399
USR-2428,32.55,58.5,"[""Action"", ""Thriller""]",24,0.81,0.31
USR-5708,7.97,17.87,"[""Comedy"", ""Animation""]",16,0.698,0.42
USR-7176,24.35,75.39,"[""Adventure"", ""Sci-Fi"", ""Crime"", ""Documentary"", ""Romance""]",24,0.702,0.59
USR-5002,10.83,19.55,"[""Animation"", ""Romance""]",20,0.809,0.283
USR-4725,10.88,24.93,"[""Comedy"", ""Animation""]",17,0.751,0.383
USR-4086,37.86,78.47,"[""Sci-Fi"", ""Thriller"", ""Action""]",44,0.783,0.319
USR-7034,32.5,42.84,"[""Adventure"", ""Romance"", ""Crime"", ""Mystery"", ""Drama""]",22,0.728,0.477
USR-8911,29.44,60.41,"[""Drama"", ""Sci-Fi"", ""Adventure"", ""Romance""]",22,0.726,0.404
USR-5566,8.28,19.5,"[""Comedy"", ""Animation"", ""Romance""]",31,0.569,0.313
USR-7665,25.07,77.33,"[""Adventure"", ""Mystery"", ""Crime""]",29,0.817,0.38
USR-6225,5.25,18.08,"[""Animation"", ""Comedy""]",22,0.713,0.212
USR-1496,31.85,80.22,"[""Thriller"", ""Sci-Fi""]",30,0.794,0.441
USR-10729,4.63,17.74,"[""Family""]",7,0.5,0.98
USR-3322,45.03,94.15,"[""Action"", ""Sci-Fi"", ""Thriller""]",21,0.948,0.352
USR-5367,9.55,21.59,"[""Animation"", ""Comedy""]",24,0.544,0.27
USR-10659,1.95,36.74,"[""Family"", ""Drama""]",2,0.302,0.579
USR-1152,34.7,88.33,"[""Sci-Fi"", ""Action"", ""Thriller""]",21,0.874,0.341
USR-5289,11.15,,"[""Animation""]",24,0.707,0.348
USR-1695,37.43,81.42,"[""Thriller"", ""Action""]",16,0.902,0.589
USR-8172,,47.83,"[""Drama"", ""Romance"", ""Documentary"", ""Mystery"", ""Adventure""]",30,0.721,0.424
USR-6831,6.34,25.49,"[""Animation"", ""Comedy""]",19,0.697,0.439
USR-2739,52.81,87.13,"[""Action"", ""Thriller"", ""Sci-Fi""]",33,0.921,0.427
USR-4002,42.73,67.75,"[""Thriller"", ""Sci-Fi""]",33,0.762,0.455
USR-1168,44.53,115.42,"[""Thriller"", ""Sci-Fi""]",27,0.794,0.414
USR-6083,6.85,22.96,"[""Comedy"", ""Animation""]",10,0.785,0.324
USR-5731,11.51,29.96,"[""Comedy"", ""Animation""]",23,0.665,0.186
USR-3866,48.69,96.94,"[""Action"", ""Thriller""]",39,0.825,0.465
USR-9637,2.86,35.34,"[""Family""]",9,0.339,0.633
USR-4935,9.14,32.5,"[""Comedy"", ""Animation""]",22,0.698,0.428
USR-7026,33.43,58.42,"[""Sci-Fi"", ""Romance"", ""Adventure""]",32,0.62,0.498
USR-3884,38.97,77.05,"[""Sci-Fi"", ""Action"", ""Thriller"", ""Adventure""]",17,1.0,0.313
USR-4032,36.23,65.51,"[""Thriller"", ""Action""]",21,0.784,0.31
USR-6913,35.15,67.21,"[""Adventure"", ""Sci-Fi"", ""Crime""]",23,0.739,0.519
USR-9625,2.57,25.93,"[""Family""]",7,0.38,0.757
USR-5867,6.81,22.83,"[""Animation"", ""Comedy""]",14,0.719,0.409
USR-5154,,18.19,"[""Comedy"", ""Animation""]",22,0.739,0.3
USR-9949,1.68,43.17,"[""Family""]",3,0.229,0.851
USR-7132,31.8,68.04,"[""Sci-Fi"", ""Romance"", ""Drama"", ""Adventure""]",29,0.724,0.352
USR-3277,51.36,109.86,"[""Thriller"", ""Sci-Fi""]",19,0.787,0.471
USR-10583,4.96,37.1,"[""Comedy"", ""Drama""]",3,0.482,0.646
USR-6839,11.55,23.43,"[""Animation"", ""Comedy""]",23,0.844,0.269
USR-10440,3.11,21.81,"[""Drama"", ""Esports Highlights""]",4,0.26,0.545
USR-6418,7.66,18.1,"[""Animation""]",15,0.654,0.184
USR-5404,8.49,26.29,"[""Comedy"", ""Animation""]",20,0.516,0.208
USR-8539,26.03,,"[""Adventure"", ""Sci-Fi"", ""Documentary"", ""Mystery"", ""Drama""]",16,0.824,0.358
USR-1429,44.55,85.04,"[""Sci-Fi"", ""Thriller""]",32,0.997,0.504
USR-8232,28.31,43.85,"[""Mystery"", ""Documentary"", ""Romance"", ""Drama"", ""Crime""]",28,0.726,0.685
USR-7516,20.86,43.79,"[""Crime"", ""Sci-Fi"", ""Romance"", ""Mystery"", ""Adventure""]",25,0.735,0.616
USR-6894,7.39,26.37,"[""Animation"", ""Comedy""]",27,0.874,0.406
USR-1427,34.85,109.61,"[""Action"", ""Sci-Fi"", ""Thriller""]",27,0.953,0.492
USR-3224,40.69,90.88,"[""Action"", ""Sci-Fi"", ""Thriller""]",26,0.768,0.364
USR-1101,24.84,90.27,"[""Action"", ""Thriller"", ""Sci-Fi""]",17,0.862,0.444
USR-6364,7.65,13.13,"[""Comedy""]",20,0.584,0.382
USR-6390,10.75,23.36,"[""Comedy"", ""Animation""]",20,0.626,0.333
USR-3763,36.24,89.35,"[""Thriller"", ""Sci-Fi"", ""Action""]",24,0.901,0.45
USR-6994,21.39,70.52,"[""Crime"", ""Adventure"", ""Sci-Fi"", ""Mystery"", ""Drama""]",27,0.632,0.711
USR-10564,1.82,21.85,"[""Drama"", ""Comedy""]",8,0.399,0.633
USR-6874,5.93,36.23,"[""Comedy"", ""Animation""]",16,0.618,0.38
USR-10731,3.55,36.02,"[""Comedy"", ""Family""]",4,0.421,0.604
USR-4287,12.42,21.07,"[""Comedy""]",28,0.615,0.159
USR-9771,,27.33,"[""Drama"", ""Comedy""]",7,0.354,0.796
USR-4689,9.66,25.83,"[""Animation""]",22,0.708,0.404
USR-7379,28.47,59.51,"[""Sci-Fi"", ""Crime"", ""Mystery"", ""Documentary"", ""Romance""]",25,0.815,0.607
USR-7211,28.62,42.03,"[""Drama"", ""Sci-Fi"", ""Crime"", ""Documentary""]",26,0.8,0.457
USR-7707,21.82,57.03,,28,0.631,0.373
USR-10331,3.48,20.5,"[""Drama""]",3,0.468,0.593
USR-4754,9.18,33.43,"[""Animation"", ""Comedy""]",20,0.716,0.463
USR-2466,45.55,53.82,"[""Thriller"", ""Sci-Fi"", ""Adventure""]",9,0.786,0.244
USR-9715,1.65,32.39,"[""Family""]",4,0.47,0.598
USR-3235,37.88,87.56,"[""Sci-Fi"", ""Action""]",24,0.784,0.507
USR-2745,43.92,104.31,"[""Thriller"", ""Sci-Fi"", ""Action""]",39,0.933,0.515
USR-6854,9.45,25.47,"[""Comedy""]",22,0.635,0.385
USR-7238,23.94,51.86,"[""Sci-Fi"", ""Documentary"", ""Mystery"", ""Crime"", ""Romance""]",27,0.722,0.402
USR-4626,11.46,32.89,"[""Comedy"", ""Animation""]",24,0.756,0.315
USR-10270,4.6,33.73,"[""Drama""]",7,0.454,0.948
USR-8704,29.56,76.78,"[""Documentary"", ""Romance"", ""Sci-Fi""]",25,0.774,0.313
USR-10196,3.83,42.57,"[""Comedy""]",6,0.545,0.769
USR-10330,4.11,27.36,"[""Family"", ""Comedy""]",4,0.411,0.671
USR-2984,31.18,89.02,"[""Thriller"", ""Action""]",18,0.832,0.338
USR-8022,27.68,68.38,"[""Crime"", ""Documentary"", ""Mystery"", ""Sci-Fi"", ""Romance""]",22,0.788,0.32
USR-7991,27.74,75.25,"[""Crime"", ""Mystery"", ""Adventure""]",26,0.761,0.444
USR-10519,2.38,50.25,"[""Comedy""]",4,0.489,0.66
USR-3122,44.83,100.79,"[""Action"", ""Thriller""]",26,0.707,0.363
USR-4523,7.52,22.15,"[""Animation"", ""Comedy""]",13,0.52,0.369
USR-4777,8.86,15.55,"[""Animation"", ""Comedy""]",21,0.56,0.309
USR-4972,6.19,22.42,"[""Comedy""]",17,0.753,0.301
USR-7264,14.87,55.84,"[""Romance"", ""Drama"", ""Documentary"", ""Adventure""]",23,0.74,0.663
USR-1917,35.25,96.03,"[""Action"", ""Thriller"", ""Adventure""]",18,0.821,0.334
USR-9642,3.16,30.25,"[""Drama"", ""Family""]",6,0.351,0.561
USR-10540,2.42,46.8,"[""Family""]",6,0.277,0.566
USR-8754,25.0,36.51,"[""Adventure"", ""Mystery"", ""Crime"", ""Drama""]",25,0.775,0.384
USR-4162,34.93,82.7,"[""Sci-Fi"", ""Action"", ""Thriller"", ""Adventure""]",31,0.993,0.32
USR-4498,6.15,33.39,"[""Comedy"", ""Romance""]",23,0.752,0.416
USR-5976,9.55,18.1,"[""Animation"", ""Comedy""]",12,0.584,0.313
USR-9607,2.31,44.27,"[""Drama"", ""Comedy""]",6,0.406,0.824
USR-9240,38.64,57.92,"[""Adventure"", ""Documentary"", ""Crime""]",30,0.756,0.588
USR-9783,2.99,36.66,"[""Comedy"", ""Drama""]",2,0.371,0.672
USR-2204,35.39,104.68,"[""Action"", ""Sci-Fi""]",5,0.835,0.48
USR-4956,11.28,26.79,"[""Animation"", ""Comedy"", ""Romance""]",14,0.658,0.311
USR-8703,36.39,61.33,"[""Sci-Fi"", ""Mystery"", ""Crime"", ""Documentary"", ""Adventure""]",24,0.842,0.513
USR-6134,7.22,21.58,"[""Animation"", ""Comedy"", ""Romance""]",25,0.794,0.354
USR-2927,32.96,99.87,"[""Thriller"", ""Sci-Fi""]",28,0.87,0.487
USR-4115,41.84,81.86,"[""Thriller"", ""Sci-Fi""]",27,0.791,0.5
USR-3642,42.89,85.65,"[""Sci-Fi"", ""Action"", ""Thriller""]",28,0.905,0.381
USR-5162,12.13,24.85,"[""Comedy""]",21,0.79,0.351
USR-8529,35.37,63.99,"[""Documentary"", ""Sci-Fi"", ""Crime"", ""Drama""]",31,0.833,0.427
USR-6506,8.0,20.32,"[""Animation"", ""Comedy""]",15,0.725,0.232
USR-3563,38.94,97.71,"[""Sci-Fi"", ""Action""]",32,0.788,0.499
USR-8781,31.51,35.0,"[""Romance"", ""Adventure"", ""Sci-Fi"", ""Mystery""]",28,0.633,0.43
USR-3729,46.61,115.58,"[""Sci-Fi"", ""Action"", ""Thriller""]",23,0.859,0.269
USR-9855,3.24,13.14,"[""Drama"", ""Family""]",5,0.266,0.787
USR-4721,6.53,26.97,"[""Animation"", ""Comedy""]",17,0.602,0.108
USR-8761,23.45,71.43,"[""Crime"", ""Romance"", ""Sci-Fi"", ""Drama""]",34,0.878,0.461
USR-10873,2.68,25.44,"[""Drama""]",5,0.308,0.76
USR-5630,5.67,17.85,"[""Comedy"", ""Animation"", ""Romance""]",11,0.563,0.42
USR-3627,52.37,67.27,"[""Sci-Fi"", ""Thriller""]",24,0.743,0.453
USR-10828,5.38,36.18,"[""Comedy"", ""Drama""]",6,0.201,0.748
USR-9344,1.05,29.9,"[""Drama""]",8,0.524,0.648
USR-5719,7.33,23.79,"[""Comedy"", ""Animation""]",29,0.66,0.557
USR-1806,36.93,109.1,"[""Action"", ""Sci-Fi"", ""Crime""]",25,0.842,0.387
USR-5743,8.41,19.98,"[""Animation""]",17,0.568,0.467
USR-8174,25.7,59.77,"[""Crime"", ""Sci-Fi"", ""Documentary""]",27,0.791,0.603
USR-6697,8.79,28.44,"[""Animation"", ""Comedy""]",18,0.581,0.299
USR-5295,8.4,21.86,"[""Animation""]",15,0.698,0.318
USR-4993,8.74,25.04,"[""Comedy"", ""Animation""]",19,0.742,0.189
USR-7235,27.58,70.4,"[""Mystery"", ""Documentary"", ""Romance"", ""Crime""]",30,0.774,0.601
USR-5563,9.65,19.28,,27,0.667,0.235
USR-2243,26.89,55.42,"[""Sci-Fi"", ""Thriller"", ""Action""]",21,0.847,0.359
USR-8106,12.39,56.22,"[""Crime"", ""Sci-Fi"", ""Documentary""]",27,0.83,0.403
USR-8707,27.2,47.2,"[""Documentary"", ""Sci-Fi"", ""Romance"", ""Mystery"", ""Drama""]",21,0.737,0.506
USR-6970,26.39,81.42,"[""Documentary"", ""Mystery"", ""Romance"", ""Adventure"", ""Crime""]",19,0.818,0.356
USR-1548,53.88,79.65,"[""Action"", ""Thriller"", ""Sci-Fi""]",16,0.787,0.454
USR-4023,36.23,83.37,"[""Action"", ""Thriller"", ""Sci-Fi"", ""Crime""]",25,0.741,0.41
USR-10137,1.37,37.35,"[""Family""]",3,0.266,0.592
USR-6247,10.03,22.81,"[""Comedy"", ""Animation"", ""Romance""]",12,0.608,0.442
USR-1027,24.63,88.6,"[""Thriller"", ""Action""]",26,0.891,0.407
USR-8812,30.01,85.5,"[""Adventure"", ""Sci-Fi"", ""Documentary"", ""Mystery"", ""Drama""]",24,0.787,0.531
USR-5374,7.98,25.76,"[""Animation""]",12,0.489,0.356
USR-3509,43.21,71.72,"[""Action"", ""Sci-Fi"", ""Crime""]",17,0.765,0.378
USR-2434,26.02,118.37,"[""Sci-Fi"", ""Action"", ""Thriller""]",15,0.785,0.509
USR-3583,36.58,113.84,"[""Thriller"", ""Sci-Fi"", ""Action""]",31,0.874,0.587
USR-2303,,104.74,"[""Thriller"", ""Action""]",22,0.807,0.171
USR-8250,28.14,43.61,"[""Sci-Fi"", ""Mystery"", ""Crime"", ""Adventure""]",30,0.807,0.488
USR-7674,24.1,60.06,"[""Drama"", ""Documentary"", ""Sci-Fi"", ""Mystery""]",23,0.625,0.565
USR-5122,7.2,17.57,"[""Comedy"", ""Animation""]",21,0.776,0.243
USR-5454,10.23,28.37,"[""Comedy"", ""Animation""]",22,0.753,0.266
USR-2222,23.86,96.54,"[""Action"", ""Thriller""]",28,0.753,0.389
USR-6107,6.15,10.05,"[""Animation"", ""Comedy""]",20,0.686,0.431
USR-3549,41.06,88.79,"[""Thriller"", ""Sci-Fi"", ""Action""]",27,0.706,0.385
USR-1751,48.34,82.6,"[""Thriller"", ""Sci-Fi""]",24,0.776,0.421
USR-1438,58.13,101.42,"[""Sci-Fi"", ""Action""]",32,0.79,0.416
USR-5475,7.27,24.09,"[""Animation""]",29,0.716,0.307
USR-4412,9.89,20.95,"[""Comedy"", ""Animation""]",27,0.647,0.205
USR-9907,2.64,25.8,"[""Drama"", ""Comedy""]",7,0.63,0.585
USR-3848,37.55,98.04,"[""Action"", ""Thriller"", ""Sci-Fi""]",25,0.895,0.416
USR-2174,38.91,81.1,"[""Sci-Fi"", ""Action""]",36,0.792,0.41
USR-8666,15.13,35.0,"[""Adventure"", ""Documentary"", ""Mystery"", ""Drama"", ""Romance""]",29,0.851,0.471
USR-3700,38.4,87.59,"[""Action"", ""Sci-Fi""]",25,0.842,0.254
USR-5031,12.05,28.9,"[""Comedy""]",18,0.608,0.329
USR-9929,,37.35,"[""Comedy"", ""Family""]",6,0.402,0.529
USR-8670,32.0,44.96,"[""Mystery"", ""Sci-Fi"", ""Drama"", ""Crime""]",30,0.587,0.406
USR-3482,19.04,88.56,"[""Sci-Fi"", ""Action"", ""Thriller""]",28,0.895,0.424
USR-5085,8.94,23.07,"[""Animation"", ""Comedy"", ""Romance""]",23,0.633,0.588
USR-10075,4.71,19.35,"[""Family"", ""Drama""]",4,0.348,0.857
USR-3707,38.24,92.03,"[""Sci-Fi"", ""Action"", ""Crime""]",11,0.956,0.403
USR-8472,23.45,55.25,"[""Mystery"", ""Crime"", ""Romance"", ""Adventure""]",29,0.754,0.85
USR-1327,24.29,91.23,"[""Action"", ""Thriller"", ""Sci-Fi""]",22,0.956,0.252
USR-2040,45.85,90.21,"[""Sci-Fi"", ""Thriller""]",28,0.893,0.547
USR-3638,38.51,112.3,"[""Sci-Fi"", ""Thriller""]",24,0.805,0.384
USR-6138,1.72,20.86,"[""Comedy"", ""Animation""]",19,0.589,0.366
USR-3500,43.02,87.27,"[""Sci-Fi"", ""Action""]",20,0.791,0.365
USR-2005,36.07,91.24,"[""Action"", ""Sci-Fi"", ""Thriller""]",21,0.89,0.432
USR-3862,38.34,94.05,"[""Sci-Fi"", ""Thriller"", ""Action""]",28,0.803,0.448
USR-4234,9.14,23.11,"[""Comedy""]",24,0.779,0.38
USR-2871,30.37,97.09,"[""Action"", ""Sci-Fi""]",20,0.875,0.425
USR-5345,2.9,18.74,"[""Comedy"", ""Romance""]",20,0.742,0.533
USR-8294,30.71,48.04,"[""Crime"", ""Documentary"", ""Sci-Fi"", ""Adventure""]",30,0.795,0.506
USR-9474,,22.79,"[""Drama"", ""Family""]",4,0.34,0.728
USR-7437,30.2,61.46,"[""Mystery"", ""Romance"", ""Documentary"", ""Drama"", ""Crime""]",19,0.85,0.745
USR-1535,44.69,95.81,"[""Sci-Fi"", ""Thriller""]",21,0.737,0.491
USR-10613,3.27,27.67,"[""Family""]",6,0.176,0.755
USR-7259,29.49,50.61,"[""Crime"", ""Documentary"", ""Drama"", ""Adventure""]",25,0.752,0.375
USR-8534,12.16,45.99,"[""Sci-Fi"", ""Crime"", ""Mystery""]",24,0.723,0.649
USR-1586,,84.42,"[""Sci-Fi"", ""Action"", ""Thriller""]",24,0.937,0.374
USR-3832,26.507191345841125,107.79,"[""Thriller"", ""Sci-Fi""]",28,0.945,0.449
USR-4036,32.65,94.12,"[""Sci-Fi"", ""Thriller""]",25,0.931,0.47
USR-9020,25.92,45.14,"[""Mystery"", ""Crime"", ""Romance"", ""Documentary"", ""Sci-Fi""]",23,0.663,0.467
USR-3586,26.92,92.49,"[""Thriller"", ""Sci-Fi"", ""Action""]",18,0.888,0.422
USR-2704,43.51,74.18,"[""Thriller"", ""Sci-Fi""]",17,0.673,0.502
USR-5395,,27.73,"[""Animation""]",16,0.587,0.357
USR-6699,4.03,28.51,"[""Comedy"", ""Animation""]",16,0.565,0.457
USR-1492,51.09,98.04,"[""Thriller"", ""Sci-Fi""]",30,0.816,0.352
USR-6000,8.18,23.56,"[""Comedy""]",26,0.672,0.349
USR-8729,23.71,51.6,"[""Sci-Fi"", ""Adventure"", ""Mystery"", ""Romance""]",23,0.834,0.491
USR-3837,39.87,50.0,"[""Thriller"", ""Sci-Fi""]",29,0.939,0.416
USR-3267,36.22,101.99,"[""Thriller"", ""Sci-Fi""]",29,0.914,0.39
USR-9265,34.29,40.46,"[""Crime"", ""Documentary"", ""Sci-Fi"", ""Romance"", ""Adventure""]",22,0.856,0.554
USR-5004,6.01,24.19,"[""Comedy"", ""Animation"", ""Romance""]",18,0.476,0.263
USR-9271,19.96,50.0,"[""Adventure"", ""Drama"", ""Mystery"", ""Romance"", ""Crime""]",28,0.859,0.532
USR-9346,3.65,30.19,"[""Comedy""]",6,0.442,0.79
USR-8697,13.98,70.72,"[""Sci-Fi"", ""Adventure"", ""Documentary"", ""Crime"", ""Mystery""]",29,0.709,0.461
USR-4549,10.23,20.73,"[""Comedy"", ""Animation""]",19,0.588,0.549
USR-3901,42.39,101.2,"[""Thriller"", ""Action"", ""Sci-Fi""]",22,0.833,0.395
USR-10918,4.95,23.2,"[""Family""]",10,0.493,0.964
USR-3945,35.76,86.51,"[""Thriller"", ""Sci-Fi""]",25,0.71,0.365
USR-2917,,101.13,"[""Thriller"", ""Action"", ""Sci-Fi""]",30,0.673,0.355
USR-4186,46.86,103.8,"[""Sci-Fi"", ""Thriller""]",23,0.799,0.466
USR-4750,3.88,24.56,"[""Animation"", ""Comedy""]",30,0.761,0.471
USR-9537,3.99,27.59,"[""Comedy""]",4,0.601,0.801
USR-8423,22.6,53.54,"[""Sci-Fi"", ""Crime"", ""Documentary"", ""Mystery"", ""Romance""]",30,0.835,0.471
USR-5346,5.81,28.62,"[""Comedy"", ""Animation"", ""Romance""]",23,0.668,0.335
USR-8013,31.01,66.91,"[""Documentary"", ""Sci-Fi"", ""Mystery"", ""Romance"", ""Adventure""]",31,0.811,0.599
USR-2134,25.32,87.07,"[""Thriller"", ""Action"", ""Sci-Fi"", ""Adventure""]",37,0.842,0.536
USR-6265,8.2,24.21,"[""Comedy"", ""Animation""]",22,0.516,0.36
USR-9658,2.74,24.9,"[""Drama""]",8,0.447,0.704
USR-3519,46.45,78.37,"[""Sci-Fi"", ""Thriller"", ""Action""]",23,0.738,0.385
USR-1398,32.02,-14.14981461190393,"[""Sci-Fi"", ""Thriller""]",16,0.803,0.524
USR-2318,40.68,84.06,"[""Action"", ""Thriller""]",35,1.0,0.603
USR-10904,2.02,34.21,"[""Family""]",5,0.58,0.598
USR-1122,40.57,92.34,"[""Action"", ""Thriller"", ""Adventure""]",25,0.91,0.285
USR-3450,42.94,85.54,"[""Action"", ""Sci-Fi"", ""Thriller""]",15,0.797,0.3
USR-6181,7.97,22.41,"[""Animation"", ""Comedy""]",18,0.556,0.361
USR-4230,9.71,21.13,"[""Comedy""]",24,0.554,0.311
USR-2567,39.29,131.84,"[""Thriller"", ""Action"", ""Sci-Fi""]",31,0.842,0.424
USR-2985,32.4,80.15,"[""Thriller"", ""Sci-Fi""]",32,0.813,0.294
USR-9827,1.66,39.64,"[""Family"", ""Comedy""]",8,0.51,0.8
USR-9086,23.38,56.13,"[""Romance"", ""Sci-Fi"", ""Adventure"", ""Documentary""]",31,0.807,0.31
USR-8482,23.58,58.42,"[""Drama"", ""Documentary"", ""Mystery"", ""Crime"", ""Adventure""]",27,0.788,0.574
USR-8775,13.75,36.15,"[""Romance"", ""Sci-Fi"", ""Mystery""]",25,0.836,0.509
USR-6853,6.03,19.76,"[""Animation"", ""Comedy""]",25,0.703,0.253
USR-3174,29.65,70.39,"[""Sci-Fi"", ""Thriller"", ""Action""]",30,0.923,0.491
USR-4284,3.73,23.87,"[""Comedy"", ""Romance""]",14,0.5,0.348
USR-9586,2.46,41.88,"[""Drama""]",6,0.339,0.553
USR-4606,8.37,22.17,"[""Animation"", ""Comedy"", ""Romance""]",21,0.797,0.46
USR-9677,2.91,25.68,"[""Family""]",5,0.405,0.831
USR-3334,24.4,75.59,"[""Sci-Fi"", ""Thriller""]",12,0.828,0.43
USR-1574,38.79,94.16,,22,0.848,0.409
USR-6317,7.69,21.96,"[""Comedy""]",14,0.695,0.247
USR-10170,2.83,41.35,"[""Drama""]",8,0.349,0.797
USR-1982,41.99,105.35,"[""Action"", ""Thriller"", ""Sci-Fi"", ""Crime""]",27,1.0,0.389
USR-6847,8.2,29.76,"[""Animation""]",18,0.592,0.32
USR-4503,8.54,23.89,"[""Comedy"", ""Animation""]",16,0.514,0.327
USR-2408,32.32,101.11,"[""Action"", ""Thriller"", ""Sci-Fi""]",33,0.835,0.552
USR-1536,58.61,76.01,"[""Sci-Fi"", ""Action"", ""Adventure""]",31,0.798,0.338
USR-5239,8.36,22.84,"[""Animation""]",24,0.873,0.226
USR-5706,8.76,26.06,"[""Comedy"", ""Animation""]",26,0.74,0.221
USR-8599,31.27,,"[""Documentary"", ""Adventure"", ""Drama""]",27,0.806,0.593
USR-8293,28.87,46.85,"[""Drama"", ""Documentary"", ""Romance"", ""Sci-Fi"", ""Adventure""]",33,0.836,0.561
USR-2435,35.62,101.25,"[""Action"", ""Thriller"", ""Sci-Fi"", ""Crime""]",18,0.791,0.315
USR-8255,26.87,56.65,"[""Adventure"", ""Documentary"", ""Mystery"", ""Romance""]",27,0.778,0.306
USR-3580,43.41,102.42,"[""Thriller"", ""Action""]",30,0.813,0.487
USR-8052,29.69,47.75,"[""Documentary"", ""Adventure"", ""Drama""]",20,0.786,0.527
USR-4270,9.07,22.79,"[""Animation"", ""Comedy"", ""Romance""]",16,0.572,0.318
USR-10651,2.66,28.66,"[""Family"", ""Drama""]",5,0.561,0.698
USR-9034,30.32,53.12,"[""Documentary"", ""Mystery"", ""Romance"", ""Adventure"", ""Drama""]",34,0.762,0.508
USR-5029,8.52,26.54,"[""Comedy"", ""Animation""]",13,0.697,0.179
USR-2868,37.95,101.5,"[""Thriller"", ""Sci-Fi""]",27,1.0,0.522
USR-2455,43.18,89.18,"[""Thriller"", ""Action"", ""Sci-Fi""]",28,0.815,0.444
USR-2787,33.06,85.31,"[""Thriller"", ""Action"", ""Sci-Fi""]",27,0.809,0.467
USR-6525,7.156160796314799,21.49,"[""Animation""]",24,0.783,0.311
USR-9993,4.9,35.05,"[""Comedy""]",8,0.18,0.7
USR-3522,44.22,101.26,"[""Action"", ""Thriller""]",23,0.944,0.38
USR-7787,27.14,57.78,"[""Mystery"", ""Adventure"", ""Drama"", ""Documentary""]",21,0.681,0.419
USR-2821,33.8,79.67,"[""Action"", ""Thriller"", ""Sci-Fi"", ""Crime""]",24,0.868,0.458
USR-5562,11.05,34.49,"[""Comedy""]",23,0.563,0.287
USR-3930,46.46,85.16,"[""Action"", ""Sci-Fi""]",26,0.765,0.622
USR-1052,924.3402094288341,573.9016532026874,"[""Action"", ""Thriller"", ""Crime""]",21,0.786,0.286
USR-7734,27.07,51.67,"[""Mystery"", ""Romance"", ""Sci-Fi"", ""Crime"", ""Documentary""]",22,0.766,0.392
USR-6850,12.78,28.1,"[""Comedy""]",25,0.583,0.4
USR-9406,3.3,35.18,"[""Comedy""]",3,0.173,0.616
USR-4578,9.65,25.88,"[""Animation"", ""Comedy""]",18,0.585,0.414
USR-1470,36.04,91.98,"[""Action"", ""Sci-Fi""]",23,0.93,0.329
USR-3630,33.29,101.64,"[""Sci-Fi"", ""Thriller"", ""Action""]",25,0.847,0.388
USR-6307,7.55,23.52,"[""Comedy"", ""Animation""]",20,0.75,0.373
USR-8637,19.73,52.59,"[""Drama"", ""Sci-Fi"", ""Adventure"", ""Romance""]",24,0.746,0.57
USR-9335,1.27,10.12,"[""Drama""]",3,0.582,0.863
USR-9146,19.72,57.13,"[""Mystery"", ""Documentary"", ""Sci-Fi""]",29,0.824,0.186
USR-9832,4.71,49.46,,3,0.442,0.58
USR-2859,47.46,95.47,"[""Sci-Fi"", ""Action"", ""Adventure""]",29,0.886,0.369
USR-10630,3.38,32.76,"[""Family""]",11,0.269,0.681
USR-1866,42.99,90.04,"[""Sci-Fi"", ""Thriller"", ""Action""]",25,0.95,0.428
USR-6124,7.24,21.54,"[""Animation""]",23,0.655,0.322
USR-8810,31.25,47.7,"[""Romance"", ""Documentary"", ""Adventure""]",31,0.776,0.291
USR-6036,7.82,,"[""Animation"", ""Comedy"", ""Avant-Garde Doc""]",21,0.618,0.263
USR-7464,31.55,68.42,"[""Romance"", ""Crime"", ""Sci-Fi"", ""Documentary""]",24,0.687,0.425
USR-10320,6.15,37.84,"[""Drama""]",6,0.407,0.717
USR-7728,27.73,43.39,"[""Adventure"", ""Romance"", ""Crime"", ""Documentary"", ""Sci-Fi""]",25,0.686,0.28
USR-7399,35.34,68.38,"[""Sci-Fi"", ""Adventure"", ""Drama""]",29,0.836,0.399
USR-7074,24.69,52.17,"[""Sci-Fi"", ""Adventure"", ""Crime"", ""Romance"", ""Drama""]",26,0.782,0.704
USR-1426,50.7,98.06,"[""Sci-Fi"", ""Action"", ""Thriller""]",27,0.972,0.41
USR-1189,,99.11,"[""Thriller"", ""Action"", ""Sci-Fi""]",28,0.936,0.384
USR-6762,7.23,19.79,"[""Comedy"", ""Animation""]",23,0.762,0.349
USR-5462,12.12,19.07,"[""Animation"", ""Comedy"", ""Romance""]",20,0.592,0.438
USR-1229,53.31,105.19,"[""Sci-Fi"", ""Thriller"", ""Crime""]",38,0.893,0.273
USR-8933,31.19,59.99,"[""Documentary"", ""Romance"", ""Drama"", ""Crime""]",43,0.784,0.209
USR-6299,9.02,20.99,"[""Comedy"", ""Animation""]",13,0.601,0.225
USR-3742,49.75,98.93,"[""Sci-Fi"", ""Thriller"", ""Action""]",40,0.953,0.43
USR-2042,24.82,72.17,"[""Thriller"", ""Sci-Fi"", ""Action""]",21,0.813,0.318
USR-9834,3.66,37.59,"[""Family"", ""Drama""]",8,0.1,0.932
USR-10236,3.91,28.43,"[""Drama""]",2,0.322,0.985
USR-6415,6.18,21.61,"[""Animation"", ""Comedy""]",21,0.526,0.408
USR-5218,5.33,34.49,"[""Comedy""]",23,0.539,0.373
USR-1472,46.96,77.22,"[""Thriller"", ""Action"", ""Sci-Fi""]",24,0.713,0.502
USR-3922,48.2,107.93,"[""Sci-Fi"", ""Action"", ""Thriller""]",30,0.75,0.412
USR-2906,43.31,82.48,"[""Sci-Fi"", ""Thriller""]",23,0.771,0.527
USR-9970,2.0,12.61,"[""Drama"", ""Comedy""]",6,0.335,0.798
USR-1802,29.36,87.84,"[""Action"", ""Thriller""]",32,0.798,0.473
USR-2488,28.16,100.42,"[""Action"", ""Sci-Fi"", ""Thriller""]",25,0.765,0.319
USR-9531,2.32,39.76,"[""Family""]",8,0.349,0.74
USR-4654,7.6,21.28,"[""Comedy"", ""Animation""]",21,0.657,0.501
USR-1228,37.32,85.91,"[""Thriller"", ""Sci-Fi"", ""Action""]",29,0.866,0.452
USR-5192,10.85,26.8,"[""Animation"", ""Comedy""]",25,0.674,0.397
USR-2129,49.01,79.79,"[""Thriller"", ""Sci-Fi""]",18,0.897,0.303
USR-7487,37.69,57.22,"[""Adventure"", ""Mystery"", ""Documentary""]",31,0.747,0.558
USR-8268,36.12,59.74,"[""Documentary"", ""Sci-Fi"", ""Drama"", ""Adventure""]",38,0.86,0.342
USR-3209,,71.58,"[""Thriller"", ""Action""]",32,0.826,0.367
USR-9904,3.62,28.04,"[""Drama""]",10,0.195,0.842
USR-9995,3.91,31.01,"[""Family""]",5,0.289,0.631
USR-7120,23.59,65.5,"[""Adventure"", ""Romance"", ""Crime"", ""Drama"", ""Mystery""]",25,0.832,0.62
USR-10363,4.82,20.48,"[""Drama""]",5,0.188,0.745
USR-4154,44.76,104.27,"[""Thriller"", ""Action"", ""Sci-Fi""]",22,0.788,0.373
USR-10423,3.23,29.54,"[""Family""]",10,0.453,0.72
USR-8676,20.93,35.0,"[""Drama"", ""Crime"", ""Sci-Fi"", ""Mystery"", ""Romance""]",31,0.682,0.614
USR-7316,19.8,61.83,"[""Sci-Fi"", ""Mystery"", ""Adventure""]",17,0.875,0.619
USR-7364,19.5,50.59,"[""Drama"", ""Documentary"", ""Adventure""]",34,0.9,0.48
USR-10697,4.09,27.49,"[""Drama""]",7,0.489,0.716
USR-3145,41.82,77.43,"[""Thriller"", ""Action"", ""Sci-Fi""]",16,0.988,0.478
USR-8581,33.04,55.29,"[""Romance"", ""Documentary"", ""Sci-Fi""]",35,0.935,0.597
USR-7212,25.61,57.98,"[""Sci-Fi"", ""Romance"", ""Mystery""]",24,0.775,0.49
USR-3375,22.84,99.62,"[""Sci-Fi"", ""Action""]",30,0.893,0.354
USR-3578,53.16,96.59,"[""Thriller"", ""Sci-Fi""]",25,0.899,0.43
USR-2633,41.67,98.61,"[""Thriller"", ""Action"", ""Sci-Fi""]",22,0.824,0.347
USR-8459,20.36,61.86,"[""Sci-Fi"", ""Drama"", ""Adventure"", ""Mystery"", ""Documentary""]",12,0.689,0.371
USR-3299,39.06,104.13,"[""Sci-Fi"", ""Action""]",28,0.987,0.409
USR-6289,11.9,27.27,"[""Animation"", ""Comedy"", ""Romance""]",23,0.559,0.358
USR-1157,39.35,117.49,"[""Thriller"", ""Sci-Fi""]",23,0.951,0.433
USR-4919,7.08,19.97,"[""Animation"", ""Comedy""]",19,0.803,0.348
USR-7862,26.53,72.84,"[""Mystery"", ""Documentary"", ""Drama""]",26,0.783,0.514
USR-4350,5.56,27.35,"[""Comedy"", ""Animation""]",18,0.639,0.407
USR-3880,45.9,110.06,"[""Thriller"", ""Sci-Fi""]",32,0.834,0.381
USR-4414,8.35,20.87,"[""Animation"", ""Comedy""]",18,0.58,0.387
USR-9580,4.15,18.51,"[""Drama""]",5,0.45,0.685
USR-9741,3.03,30.73,"[""Drama""]",4,0.212,0.778
USR-8488,26.23,47.78,"[""Romance"", ""Adventure"", ""Documentary"", ""Crime"", ""Mystery""]",18,0.667,0.526
USR-5919,10.77,21.82,"[""Animation"", ""Comedy""]",13,0.581,0.1
USR-5468,7.12,23.29,"[""Comedy""]",19,0.777,0.341
USR-6642,7.96,29.0,"[""Animation"", ""Comedy""]",18,0.666,0.234
USR-4890,8.48,27.42,"[""Animation""]",21,0.708,0.377
USR-7865,26.11,59.16,"[""Drama"", ""Romance"", ""Adventure""]",28,0.898,0.634
USR-8982,18.63,71.77,"[""Adventure"", ""Drama"", ""Mystery"", ""Sci-Fi""]",17,0.834,0.514
USR-9579,3.34,22.88,"[""Drama""]",8,0.302,0.817
USR-6787,6.77,27.77,"[""Comedy""]",24,0.622,0.325
USR-3496,41.43,109.63,"[""Action"", ""Thriller"", ""Sci-Fi""]",19,0.929,0.573
USR-10103,4.06,22.79,"[""Drama"", ""Family""]",3,0.302,0.636
USR-7866,28.48,51.93,"[""Adventure"", ""Drama"", ""Mystery"", ""Romance""]",22,0.872,0.458
USR-3373,44.27,126.5,"[""Action"", ""Thriller"", ""Sci-Fi"", ""Adventure""]",23,0.821,0.421
USR-6571,9.43,21.24,"[""Animation"", ""Comedy""]",17,0.702,0.429
USR-6460,9.57,21.05,"[""Comedy"", ""Animation""]",16,0.738,0.339
USR-4462,11.0,24.23,"[""Comedy""]",13,0.693,0.331
USR-5327,10.13,20.54,"[""Comedy"", ""Animation""]",21,0.786,0.301
USR-6518,9.73,19.82,"[""Comedy"", ""Animation"", ""Romance""]",24,0.611,0.325
USR-8339,27.99,39.98,"[""Sci-Fi"", ""Romance"", ""Drama""]",26,0.98,0.418
USR-9680,3.63,25.06,"[""Family"", ""Comedy""]",3,0.503,0.75
USR-8213,23.58,65.67,"[""Documentary"", ""Mystery"", ""Drama""]",25,0.72,0.474
USR-5608,9.07,25.09,"[""Comedy""]",20,0.729,0.305
USR-3551,42.06,94.47,"[""Sci-Fi"", ""Thriller"", ""Adventure""]",28,0.919,0.347
USR-5340,8.28,27.16,"[""Animation""]",27,0.555,0.279
USR-1848,,99.02,"[""Sci-Fi"", ""Action"", ""Thriller""]",17,0.789,0.458
USR-4345,8.67,24.28,"[""Animation"", ""Comedy""]",30,0.596,0.13
USR-1939,46.82,81.2,"[""Sci-Fi"", ""Action"", ""Thriller""]",32,0.962,0.394
USR-5937,11.5,17.24,"[""Animation"", ""Comedy""]",20,0.831,0.357
USR-6206,7.44,20.79,"[""Animation"", ""Comedy""]",22,0.721,0.375
USR-9957,3.38,39.61,"[""Drama""]",5,0.591,1.0
USR-10505,,39.22,"[""Comedy"", ""Family""]",7,0.4,0.85
USR-9378,2.47,,"[""Comedy"", ""Family""]",5,0.532,0.762
USR-10700,1.35,-57.416517558967385,"[""Comedy"", ""Family""]",7,0.472,0.662
USR-10822,4.86,41.22,"[""Comedy""]",5,0.488,0.636
USR-1757,42.55,87.29,"[""Action"", ""Sci-Fi"", ""Thriller""]",19,0.821,0.333
USR-4810,9.668152513359951,21.36,"[""Comedy""]",28,0.676,0.291
USR-3645,46.39,102.97,"[""Thriller"", ""Sci-Fi""]",26,0.75,0.385
USR-5827,11.45,19.77,"[""Animation""]",24,0.505,0.232
USR-5386,14.15,24.74,"[""Animation"", ""Comedy""]",21,0.755,0.372
USR-4166,32.21,86.58,"[""Sci-Fi"", ""Thriller"", ""Action""]",18,0.841,0.406
USR-4640,6.77,27.48,"[""Comedy"", ""Animation""]",14,0.664,0.319
USR-6516,4.82,15.53,"[""Animation"", ""Comedy""]",27,0.477,0.273
USR-7652,24.87,62.13,"[""Mystery"", ""Romance"", ""Documentary""]",30,0.714,0.527
USR-7128,25.74,53.88,"[""Drama"", ""Sci-Fi"", ""Crime""]",30,0.756,0.449
USR-5065,7.47,18.21,"[""Comedy""]",23,0.601,0.262
USR-6468,10.92,32.16,"[""Animation"", ""Comedy""]",19,0.921,0.427
USR-3358,37.59,70.73,"[""Sci-Fi"", ""Thriller"", ""Action""]",22,0.852,0.453
USR-4419,13.04,30.13,[],23,0.587,0.309
USR-3392,38.633562651449886,78.05,"[""Action"", ""Thriller"", ""Sci-Fi"", ""Crime""]",29,0.874,0.504
USR-3062,15.0,118.95,"[""Action"", ""Thriller""]",26,0.782,0.567
USR-1550,50.42,88.05,"[""Sci-Fi"", ""Action""]",25,0.862,0.416
USR-5396,10.05,15.26,"[""Comedy"", ""Romance""]",18,0.701,0.167
USR-3813,41.93,112.83,"[""Action"", ""Thriller"", ""Sci-Fi"", ""Crime""]",29,0.786,0.609
USR-10478,3.28,37.14,"[""Family""]",7,0.475,0.602
USR-9870,4.43,17.83,"[""Comedy"", ""Family""]",4,0.334,0.751
USR-10090,1.58,37.57,"[""Comedy"", ""Family""]",4,0.477,0.844
USR-3550,46.86,82.18,"[""Sci-Fi"", ""Action"", ""Crime""]",23,0.963,0.386
USR-9936,1.61,33.23,"[""Comedy"", ""Drama""]",4,0.411,0.864
USR-4170,39.43,99.26,"[""Sci-Fi"", ""Thriller""]",16,0.715,0.481
USR-7736,-7.101299649282299,53.83,"[""Sci-Fi"", ""Romance"", ""Crime"", ""Drama"", ""Mystery""]",28,0.924,0.5
USR-7112,18.36,72.62,"[""Romance"", ""Mystery"", ""Crime"", ""Adventure"", ""Documentary""]",30,0.823,0.629
USR-5393,2.81,22.08,"[""Animation""]",21,0.653,0.368
USR-2260,38.95,105.34,"[""Thriller"", ""Sci-Fi""]",20,0.788,0.487
USR-10498,1.66,44.43,"[""Family"", ""Comedy""]",1,0.648,0.688
USR-4843,8.18,28.01,"[""Comedy"", ""Animation""]",23,0.596,0.311
USR-9098,19.93,62.26,"[""Mystery"", ""Drama"", ""Crime"", ""Sci-Fi"", ""Romance""]",21,0.72,0.489
USR-2025,26.4,110.54,"[""Thriller"", ""Sci-Fi"", ""Action"", ""Crime""]",34,0.781,0.427
USR-8657,32.6,52.15,"[""Drama"", ""Romance"", ""Mystery"", ""Crime""]",26,0.782,0.414
USR-1753,40.25,85.7,"[""Action"", ""Thriller""]",29,0.898,0.387
USR-5114,10.04,21.82,"[""Comedy"", ""Romance""]",24,0.789,0.439
USR-10773,3.13,35.27,"[""Comedy"", ""Family""]",6,0.382,0.613
USR-6520,10.15,20.42,"[""Comedy""]",21,0.642,0.437
USR-2952,40.81,85.49,"[""Thriller"", ""Sci-Fi"", ""Action""]",26,0.822,0.573
USR-6095,6.77,25.63,"[""Animation""]",24,0.584,0.23
USR-1352,41.99,89.96,"[""Sci-Fi"", ""Action"", ""Thriller""]",32,0.922,0.291
USR-2512,37.24,97.32,"[""Action"", ""Sci-Fi"", ""Thriller""]",28,0.788,0.572
USR-8309,15.52,56.55,"[""Mystery"", ""Romance"", ""Adventure"", ""Crime"", ""Documentary""]",21,0.767,0.222
USR-9705,2.36,22.27,"[""Drama""]",2,0.229,0.562
USR-4932,5.13,20.29,"[""Animation""]",26,0.721,0.226
USR-6936,25.81,43.82,"[""Adventure"", ""Drama"", ""Sci-Fi""]",21,0.66,0.381
USR-1702,29.9,109.45,"[""Action"", ""Thriller""]",15,0.729,0.329
USR-10134,3.9,15.15,"[""Family""]",3,0.408,0.759
USR-4663,12.66,,"[""Comedy"", ""Animation""]",23,0.663,0.425
USR-5348,6.67,20.22,"[""Comedy"", ""Animation""]",14,0.652,0.447
USR-9874,4.27,49.15,"[""Comedy"", ""Drama""]",7,0.5,0.625
USR-1562,35.48,72.77,"[""Thriller"", ""Sci-Fi""]",28,1.0,0.462
USR-3319,32.64,82.5,"[""Sci-Fi"", ""Thriller"", ""Action""]",15,0.713,0.527
USR-4099,41.37,82.63,"[""Thriller"", ""Sci-Fi"", ""Action"", ""Adventure""]",25,0.839,0.484
USR-4985,10.22,27.21,"[""Comedy"", ""Animation""]",15,0.648,0.348
USR-4151,43.55,129.56,"[""Thriller"", ""Action"", ""Adventure""]",23,0.813,0.502
USR-6741,11.8,21.58,"[""Animation"", ""Comedy""]",13,0.599,0.375
USR-5399,11.23,21.72,"[""Animation"", ""Comedy""]",21,0.664,0.458
USR-5727,8.23,27.86,"[""Comedy"", ""Animation"", ""Romance""]",20,0.637,0.383
USR-4574,9.28,29.71,"[""Comedy""]",21,0.708,0.396
USR-10831,1.89,36.67,"[""Drama"", ""Family""]",3,0.397,0.625
USR-5182,8.43,37.44,"[""Comedy"", ""Animation"", ""Romance""]",24,0.758,0.41
USR-5784,5.46,19.94,,20,0.695,0.1
USR-7206,18.64,77.31,[],14,0.78,0.418
USR-2048,34.95,97.75,"[""Action"", ""Sci-Fi"", ""Thriller""]",23,0.809,0.405
USR-3940,44.15,103.7,"[""Thriller"", ""Action"", ""Sci-Fi""]",30,0.918,0.452
USR-2809,37.92,117.0,"[""Thriller"", ""Action"", ""Adventure""]",30,0.868,0.254
USR-4167,40.25,115.01,"[""Sci-Fi"", ""Thriller"", ""Crime""]",18,0.689,0.442
USR-1415,37.26,83.56,"[""Sci-Fi"", ""Thriller"", ""Action"", ""Adventure""]",27,0.888,0.349
USR-2341,50.35,89.51,"[""Thriller"", ""Action"", ""Sci-Fi""]",20,0.869,0.438
USR-10467,2.14,40.85,"[""Drama""]",3,0.344,0.641
USR-10146,2.19,35.15,"[""Family""]",5,0.55,0.753
USR-10709,4.72,32.59,"[""Family""]",5,0.351,0.5
USR-8305,33.05,52.33,"[""Documentary"", ""Mystery"", ""Crime""]",29,0.78,0.591
USR-5717,10.83,22.82,"[""Comedy""]",16,0.758,0.303
USR-8867,32.33,63.86,"[""Crime"", ""Mystery"", ""Drama"", ""Romance""]",15,0.919,0.58
USR-2470,27.17,97.19,"[""Action"", ""Sci-Fi""]",19,0.773,0.444
USR-2711,24.86,72.78,"[""Action"", ""Sci-Fi""]",17,0.767,0.429
USR-5506,7.51,30.27,"[""Comedy""]",21,0.832,0.421
USR-9825,3.9,26.43,"[""Family""]",7,0.278,0.663
USR-3272,37.01,79.0,"[""Sci-Fi"", ""Action"", ""Crime""]",24,0.977,0.458
USR-2584,34.96,84.71,"[""Thriller"", ""Action""]",20,0.707,0.437
USR-2413,34.08,81.61,[],35,0.814,0.485
USR-8600,32.97,65.65,"[""Mystery"", ""Sci-Fi"", ""Documentary""]",25,0.788,0.683
USR-9045,28.246986631217425,66.4,"[""Crime"", ""Adventure"", ""Sci-Fi""]",31,0.927,0.739
USR-8824,22.33,50.93,"[""Documentary"", ""Mystery"", ""Drama"", ""Crime"", ""Romance""]",23,0.838,0.632
USR-7849,27.58,51.73,"[""Crime"", ""Mystery"", ""Adventure"", ""Documentary"", ""Drama""]",26,0.71,0.416
USR-2723,37.53,89.74,"[""Sci-Fi"", ""Action""]",21,0.725,0.423
USR-3025,26.82,97.22,"[""Thriller"", ""Action""]",17,0.908,0.272
USR-3213,,98.02,"[""Thriller"", ""Action""]",22,0.674,0.553
USR-2508,45.32,90.55,"[""Sci-Fi"", ""Action"", ""Adventure""]",17,0.844,0.45
USR-3623,36.35,95.65,"[""Sci-Fi"", ""Action"", ""Thriller""]",21,0.859,0.361
USR-9945,0.85,35.51,"[""Comedy"", ""Drama""]",7,0.296,0.781
USR-10224,1.7,,"[""Drama"", ""Comedy""]",7,0.532,0.648
USR-2322,34.79,79.22,"[""Thriller"", ""Sci-Fi""]",29,0.918,0.48
USR-1843,43.05,84.29,"[""Thriller"", ""Action""]",21,0.79,0.46
USR-2147,46.85,87.4,"[""Action"", ""Sci-Fi"", ""Thriller"", ""Adventure""]",18,0.981,0.465
USR-4625,8.83,21.53,"[""Animation"", ""Comedy""]",17,0.678,0.411
USR-5380,9.92,27.45,"[""Animation"", ""Comedy""]",15,0.766,0.315
USR-9750,3.45,33.73,"[""Family""]",8,0.448,0.805
USR-10081,5.21,35.9,"[""Family""]",3,0.146,0.757
USR-5790,3.25,26.57,"[""Comedy"", ""Animation""]",19,0.54,0.552
USR-1464,27.71,99.43,"[""Action"", ""Thriller""]",21,0.925,0.328
USR-2755,54.39,95.8,"[""Sci-Fi"", ""Thriller""]",29,0.656,0.607
USR-5111,10.89,20.57,"[""Comedy"", ""Animation""]",24,0.648,0.313
USR-5694,7.97,20.37,"[""Animation"", ""Comedy""]",28,0.645,0.33
USR-10558,5.88,28.19,"[""Drama""]",4,0.36,0.692
USR-5505,9.31,28.23,"[""Comedy"", ""Animation""]",17,0.504,0.292
USR-5809,9.53,16.79,"[""Comedy""]",35,0.54,0.36
USR-5133,12.82,19.24,"[""Animation"", ""Comedy""]",21,0.71,0.367
USR-8693,26.93,57.55,"[""Romance"", ""Mystery"", ""Documentary"", ""Drama"", ""Sci-Fi""]",38,0.812,0.346
USR-1379,39.07,100.05,"[""Sci-Fi"", ""Action""]",29,0.93,0.557
USR-4107,48.15,103.89,"[""Action"", ""Thriller"", ""Sci-Fi"", ""Crime""]",24,0.726,0.364
USR-9304,1.49,24.04,"[""Family""]",4,0.216,0.649
USR-2336,29.91,111.26,"[""Thriller"", ""Sci-Fi"", ""Action""]",28,1.0,0.497
USR-2224,34.38,84.38,"[""Sci-Fi"", ""Thriller"", ""Action""]",20,0.845,0.413
USR-5039,6.92,22.3,"[""Comedy"", ""Animation""]",19,0.604,0.239
USR-3717,37.27,86.77,"[""Action"", ""Sci-Fi""]",18,0.908,0.454
USR-5467,6.59,21.64,"[""Comedy"", ""Animation""]",21,0.672,0.224
USR-3953,41.99,94.07,"[""Action"", ""Sci-Fi"", ""Thriller"", ""Adventure""]",23,0.791,0.431
USR-2351,48.91,118.33,"[""Action"", ""Sci-Fi"", ""Thriller"", ""Adventure""]",28,0.898,0.433
USR-2083,31.8,94.25,"[""Action"", ""Thriller""]",19,0.891,0.351
USR-5950,9.89,34.47,"[""Comedy"", ""Animation""]",26,0.635,0.617
USR-6552,10.42,25.29,"[""Animation"", ""Comedy"", ""Romance""]",25,0.75,0.387
USR-8632,35.17,50.49,"[""Documentary"", ""Crime"", ""Romance"", ""Adventure""]",24,0.842,0.42
USR-2812,49.02,68.07,"[""Action"", ""Sci-Fi"", ""Adventure""]",32,1.0,0.244
USR-5523,8.68,13.83,"[""Animation"", ""Comedy"", ""Romance""]",16,0.475,0.406
USR-2352,45.27,101.02,"[""Thriller"", ""Sci-Fi"", ""Action""]",22,0.897,0.194
USR-6956,25.69,72.71,"[""Crime"", ""Sci-Fi"", ""Documentary"", ""Romance"", ""Adventure""]",30,0.804,0.346
USR-6915,29.52,58.62,"[""Mystery"", ""Documentary"", ""Drama"", ""Adventure"", ""Romance""]",27,0.752,0.573
USR-2895,37.7,117.1,"[""Action"", ""Sci-Fi"", ""Thriller""]",13,0.732,0.19
USR-7795,23.31,64.15,"[""Crime"", ""Adventure"", ""Sci-Fi"", ""Mystery""]",38,0.879,0.345
USR-1566,41.93,78.3,"[""Thriller"", ""Action"", ""Sci-Fi""]",23,0.893,0.263
USR-5095,9.8,20.33,"[""Animation""]",13,0.757,0.477
USR-6272,845.9636279283797,400.65138992987056,"[""Comedy"", ""Animation"", ""Romance""]",16,0.843,0.378
USR-4674,8.81,22.31,"[""Comedy"", ""Animation"", ""Romance""]",16,0.588,0.421
USR-5470,,31.87,"[""Comedy"", ""Romance""]",25,0.433,0.434
USR-10707,,34.6,"[""Drama""]",6,0.507,0.741
USR-2213,48.48,108.68,"[""Sci-Fi"", ""Thriller""]",21,0.842,0.487
USR-2190,32.98,,"[""Sci-Fi"", ""Thriller"", ""Action""]",23,0.825,0.557
USR-8413,25.01,75.35,"[""Crime"", ""Adventure"", ""Romance"", ""Mystery"", ""Documentary""]",28,0.69,0.317
USR-1899,50.58,80.48,"[""Sci-Fi"", ""Thriller"", ""Action"", ""Adventure""]",29,0.746,0.398
USR-10433,2.65,26.68,"[""Comedy""]",5,0.351,0.483
USR-6301,8.57,21.94,"[""Comedy"", ""Animation"", ""Romance""]",10,0.64,0.442
USR-8364,32.1,55.94,"[""Romance"", ""Mystery"", ""Sci-Fi"", ""Drama"", ""Documentary""]",28,0.816,0.447
USR-10459,3.66,22.41,"[""Family"", ""Drama""]",8,0.641,0.599
USR-4455,11.41,18.78,"[""Animation"", ""Comedy""]",11,0.649,0.415
USR-4610,6.14,24.99,"[""Comedy"", ""Animation"", ""Romance""]",30,0.641,0.192
USR-9055,13.02,44.68,"[""Drama"", ""Documentary"", ""Mystery"", ""Crime"", ""Adventure""]",26,0.84,0.483
USR-9858,1.9,22.27,"[""Family"", ""Drama""]",3,0.166,0.701
USR-10776,-14.23918482260426,44.27,"[""Comedy""]",6,0.238,0.934
USR-5378,7.67,35.85,"[""Comedy"", ""Animation""]",18,0.727,0.234
USR-5099,10.87,19.57,"[""Comedy""]",30,0.571,0.512
USR-5420,10.52,19.04,"[""Comedy"", ""Animation""]",18,0.804,0.466
USR-9242,29.35,46.96,"[""Crime"", ""Sci-Fi"", ""Adventure"", ""Mystery"", ""Documentary""]",37,0.695,0.256
USR-3333,44.49,111.49,"[""Sci-Fi"", ""Thriller"", ""Action""]",33,0.794,0.34
USR-6650,5.73,23.31,"[""Animation"", ""Comedy""]",18,0.81,0.208
USR-3263,,97.75,"[""Thriller"", ""Sci-Fi"", ""Action""]",21,0.754,0.663
USR-7935,18.1,85.13,"[""Adventure"", ""Romance"", ""Drama"", ""Sci-Fi"", ""Documentary""]",20,0.774,0.661
USR-10956,2.86,28.24,"[""Comedy""]",4,0.254,0.881
USR-3596,41.03,85.77,"[""Action"", ""Sci-Fi"", ""Thriller"", ""Adventure""]",25,0.936,0.432
USR-8367,40.95,45.3,"[""Documentary"", ""Sci-Fi"", ""Adventure""]",21,0.676,0.642
USR-4594,10.94,27.73,"[""Comedy"", ""Animation""]",19,0.73,0.244
USR-6339,9.28,33.8,"[""Comedy"", ""Animation""]",24,0.691,0.227
USR-2031,43.69,94.64,"[""Action"", ""Thriller"", ""Sci-Fi""]",21,0.945,0.377
USR-5746,7.42,19.88,"[""Comedy"", ""Romance""]",25,0.668,0.25
USR-8266,34.17,59.07,"[""Romance"", ""Drama"", ""Adventure"", ""Mystery""]",30,0.909,0.464
USR-4775,5.11,31.47,"[""Animation""]",17,0.59,0.364
USR-7292,23.64,51.63,"[""Adventure"", ""Sci-Fi"", ""Documentary"", ""Mystery"", ""Romance""]",17,0.9,0.336
USR-8496,29.96,47.95,"[""Drama"", ""Adventure"", ""Sci-Fi""]",29,0.727,0.574
USR-6867,10.62,23.74,"[""Animation"", ""Comedy""]",23,0.594,0.382
USR-6505,8.67,28.22,"[""Animation"", ""Comedy""]",22,0.571,0.287
USR-6981,25.07,38.64,"[""Crime"", ""Mystery"", ""Sci-Fi"", ""Adventure"", ""Drama""]",26,0.784,0.373
USR-2756,38.49,92.43,"[""Action"", ""Thriller""]",18,0.863,0.344
USR-5377,9.55,,"[""Animation"", ""Comedy""]",22,0.638,0.415
USR-7681,30.23,43.9,"[""Drama"", ""Mystery"", ""Adventure"", ""Sci-Fi""]",19,0.746,0.706
USR-9350,2.7,27.75,"[""Family"", ""Drama""]",7,0.523,0.658
USR-1232,25.31,74.84,"[""Thriller"", ""Sci-Fi"", ""Action"", ""Crime""]",29,0.845,0.268
USR-8800,21.89,53.22,"[""Romance"", ""Documentary"", ""Crime""]",22,0.718,0.629
USR-1111,24.04,87.8,"[""Thriller"", ""Action"", ""Sci-Fi"", ""Crime""]",27,0.91,0.261
USR-6584,14.09,25.75,"[""Animation"", ""Comedy"", ""Romance""]",25,0.63,0.366
USR-1118,32.77042126073163,84.75,"[""Thriller"", ""Sci-Fi""]",26,0.849,0.539
USR-3515,35.62,110.82,"[""Thriller"", ""Sci-Fi""]",30,0.894,0.243
USR-8939,35.03,73.91,"[""Romance"", ""Documentary"", ""Sci-Fi"", ""Drama""]",25,0.741,0.575
USR-8140,33.24,57.8,"[""Romance"", ""Crime"", ""Documentary"", ""Adventure"", ""Drama""]",29,0.705,0.41
USR-5829,7.85,17.55,"[""Animation""]",18,0.601,0.31
USR-3918,40.58,102.72,"[""Sci-Fi"", ""Thriller"", ""Action""]",20,0.887,0.28
USR-8388,17.56,37.34,"[""Romance"", ""Mystery"", ""Sci-Fi"", ""Documentary"", ""Crime""]",16,0.813,0.446
USR-3993,43.55,107.02,"[""Action"", ""Thriller""]",21,0.916,0.401
USR-3318,43.81,93.6,"[""Thriller"", ""Action""]",24,0.748,0.395
USR-10093,5.49,28.14,"[""Family"", ""Drama""]",7,0.531,0.638
USR-6993,25.6,54.83,"[""Documentary"", ""Adventure"", ""Sci-Fi"", ""Drama""]",25,0.932,0.694
USR-8153,28.69,68.89,"[""Drama"", ""Crime"", ""Romance"", ""Mystery""]",25,0.828,0.353
USR-2516,25.41,97.2,"[""Thriller"", ""Sci-Fi"", ""Action""]",25,0.848,0.349
USR-1217,38.51,103.94,"[""Thriller"", ""Action"", ""Sci-Fi""]",27,0.782,0.356
USR-10309,4.15,27.9,"[""Comedy""]",7,0.403,0.818
USR-10156,5.22,27.76,"[""Drama""]",7,0.405,0.842
USR-9507,3.15,33.42,"[""Drama"", ""Family""]",3,0.51,0.647
USR-3264,34.04,87.85,"[""Action"", ""Sci-Fi""]",21,0.951,0.434
USR-7309,22.46,40.86,"[""Drama"", ""Mystery"", ""Sci-Fi""]",28,0.824,0.473
USR-9141,23.9,47.54,"[""Romance"", ""Documentary"", ""Mystery"", ""Adventure"", ""Sci-Fi""]",32,0.726,0.439
USR-9589,4.26,29.21,"[""Comedy""]",8,0.323,0.629
USR-7153,32.21,63.56,"[""Sci-Fi"", ""Crime"", ""Mystery"", ""Adventure""]",29,0.81,0.481
USR-1894,31.12,82.64,"[""Thriller"", ""Action""]",30,0.848,0.337
USR-2491,40.37,111.13,"[""Action"", ""Thriller"", ""Experimental Indie Noir""]",26,0.915,0.529
USR-4004,43.75,79.27,"[""Thriller"", ""Action"", ""Adventure""]",29,0.896,0.441
USR-2851,40.01,76.18,"[""Thriller"", ""Action""]",17,0.884,0.484
USR-10474,2.72,28.41,"[""Drama""]",4,0.301,0.621
USR-5756,4.32,17.46,"[""Comedy"", ""Animation""]",15,0.62,0.213
USR-1325,44.06,78.37,"[""Thriller"", ""Action""]",27,0.895,0.35
USR-2216,34.56,81.72,"[""Action"", ""Sci-Fi"", ""Adventure""]",21,0.797,0.527
USR-3900,38.89,85.89,"[""Thriller"", ""Action""]",30,0.826,0.391
USR-3934,35.16,86.5,"[""Action"", ""Thriller"", ""Sci-Fi"", ""Crime""]",25,0.709,0.379
USR-4659,10.8,18.27,"[""Comedy"", ""Animation"", ""Romance""]",20,0.555,0.393
USR-8041,23.49,44.04,"[""Romance"", ""Drama"", ""Sci-Fi""]",25,0.797,0.323
USR-7829,22.5,60.1,"[""Sci-Fi"", ""Romance"", ""Crime"", ""Documentary"", ""Drama""]",14,0.773,0.488
USR-9675,1.1,27.21,"[""Comedy""]",7,0.428,0.554
USR-9679,3.31,39.73,"[""Drama"", ""Comedy""]",6,0.574,0.669
USR-10256,2.73,33.16,"[""Comedy""]",5,0.521,0.67
USR-10823,3.36,50.31,"[""Comedy""]",5,0.404,0.967
USR-2130,44.08,102.06,"[""Action"", ""Thriller"", ""Sci-Fi"", ""Adventure""]",10,0.86,0.479
USR-5899,8.59,24.76,"[""Animation""]",26,0.455,0.295
USR-3919,46.28,96.36,"[""Thriller"", ""Action""]",28,0.805,0.322
USR-10405,1.1,32.3,"[""Drama""]",9,0.1,0.675
USR-9124,24.12,68.48,"[""Adventure"", ""Crime"", ""Romance"", ""Mystery""]",21,0.73,0.421
USR-10192,1.22,32.77,"[""Comedy""]",6,0.368,0.778
USR-7333,25.6,52.55,"[""Drama"", ""Sci-Fi"", ""Crime""]",26,0.811,0.43
USR-7687,35.08,80.77,"[""Crime"", ""Mystery"", ""Drama"", ""Adventure"", ""Romance""]",26,0.82,0.61
USR-1209,29.67,99.94,"[""Thriller"", ""Sci-Fi"", ""Adventure""]",17,1.0,0.428
USR-4255,9.16,26.75,"[""Animation"", ""Comedy""]",16,0.759,0.449
USR-3796,36.03,73.94,"[""Thriller"", ""Sci-Fi"", ""Action""]",32,0.888,0.438
USR-5056,9.0,22.0,"[""Animation"", ""Comedy""]",26,0.632,0.221
USR-10725,4.0,42.4,"[""Drama"", ""Comedy""]",4,0.228,0.783
USR-1799,36.99,86.1,"[""Action"", ""Sci-Fi"", ""Crime""]",29,0.789,0.334
USR-10201,6.73,44.96,"[""Family""]",10,0.317,0.71
USR-1735,43.63,80.1,"[""Action"", ""Sci-Fi""]",29,0.816,0.341
USR-3245,33.95,93.99,"[""Sci-Fi"", ""Action"", ""Thriller""]",21,0.875,0.531
USR-1179,32.5,81.59,"[""Sci-Fi"", ""Thriller"", ""Action""]",21,0.809,0.515
USR-10263,2.2,29.56,"[""Drama""]",7,0.422,0.558
USR-8170,19.1,37.88,"[""Documentary"", ""Crime"", ""Drama""]",27,0.665,0.402
USR-2175,25.98,66.59,"[""Thriller"", ""Sci-Fi"", ""Action"", ""Crime""]",26,0.861,0.377
USR-6045,5.43,23.47,"[""Comedy"", ""Animation""]",18,0.764,0.223
USR-7798,23.01,64.38,"[""Drama"", ""Sci-Fi"", ""Mystery""]",23,0.667,0.254
USR-10197,4.11,34.54,"[""Drama"", ""Family""]",3,0.537,0.588
USR-2832,41.08,92.33,"[""Sci-Fi"", ""Thriller""]",31,0.753,0.583
USR-10315,3.39,31.38,"[""Family"", ""Comedy""]",5,0.457,0.843
USR-10998,2.85,42.37,"[""Family""]",5,0.243,0.841
USR-9073,26.64,64.59,"[""Documentary"", ""Adventure"", ""Mystery"", ""Drama""]",28,0.848,0.691
USR-8811,18.69,46.8,"[""Romance"", ""Adventure"", ""Documentary"", ""Sci-Fi""]",28,0.732,0.326
USR-8435,21.99,39.19,"[""Romance"", ""Adventure"", ""Drama"", ""Crime"", ""Sci-Fi""]",23,0.834,0.659
USR-4202,9.65,22.07,"[""Animation""]",13,0.713,0.404
USR-1199,727.4586922617971,573.9947879309959,"[""Action"", ""Thriller""]",21,1.0,0.364
USR-9105,21.52,71.29,"[""Mystery"", ""Documentary"", ""Adventure"", ""Sci-Fi"", ""Romance""]",32,0.831,0.728
USR-8087,26.4,45.55,"[""Documentary"", ""Crime"", ""Drama"", ""Romance"", ""Adventure""]",25,0.796,0.611
USR-10380,1.79,37.12,"[""Drama"", ""Family""]",9,0.376,0.713
USR-2098,32.79,80.19,"[""Action"", ""Sci-Fi"", ""Thriller""]",30,0.787,0.404
USR-1549,40.31,76.66,"[""Sci-Fi"", ""Action""]",19,0.994,0.346
USR-8069,,35.0,"[""Documentary"", ""Drama"", ""Crime""]",22,0.834,0.506
USR-9860,2.0,48.14,"[""Comedy"", ""Drama""]",3,0.141,0.54
USR-7517,29.14,51.34,"[""Mystery"", ""Romance"", ""Crime"", ""Sci-Fi""]",23,0.726,0.648
USR-5657,9.26,25.33,"[""Animation""]",15,0.753,0.241
USR-7776,22.26,35.0,"[""Documentary"", ""Mystery"", ""Crime""]",15,0.602,0.665
USR-4370,7.97,29.91,"[""Comedy""]",18,0.743,0.329
USR-7852,22.66,38.4,"[""Sci-Fi"", ""Drama"", ""Adventure"", ""Romance"", ""Mystery""]",21,0.696,0.49
USR-3533,27.91,89.05,"[""Action"", ""Thriller""]",17,0.879,0.359
USR-2635,33.83,94.08,"[""Thriller"", ""Action"", ""Sci-Fi""]",34,0.927,0.472
USR-3315,52.38,90.19,"[""Thriller"", ""Action""]",19,0.828,0.73
USR-7809,22.6,51.33,"[""Crime"", ""Mystery"", ""Drama"", ""Sci-Fi"", ""Adventure""]",16,0.767,0.489
USR-8045,31.59,56.24,"[""Sci-Fi"", ""Adventure"", ""Drama"", ""Documentary"", ""Crime""]",28,0.794,0.493
USR-7075,28.31,41.37,"[""Documentary"", ""Mystery"", ""Crime"", ""Romance""]",26,0.719,0.781
USR-3816,34.95,89.01,"[""Thriller"", ""Sci-Fi""]",26,0.949,0.35
USR-4438,6.72,31.21,"[""Animation"", ""Comedy""]",20,0.612,0.241
USR-5072,4.14,21.78,"[""Comedy""]",19,0.723,0.336
USR-5255,12.08,20.73,"[""Comedy"", ""Romance""]",16,0.714,0.171
USR-1067,32.33,72.09,"[""Sci-Fi"", ""Thriller"", ""Action"", ""Crime""]",21,0.763,0.589
USR-9969,4.08,34.22,"[""Comedy"", ""Drama""]",5,0.433,0.495
USR-1617,33.1,92.84,"[""Thriller"", ""Sci-Fi""]",23,0.86,0.446
USR-2119,34.74,115.25,"[""Sci-Fi"", ""Action"", ""Crime""]",22,0.703,0.501
USR-4261,12.43,25.6,"[""Animation"", ""Comedy""]",14,0.764,0.472
USR-4402,9.81,24.99,"[""Comedy""]",28,0.571,0.351
USR-4693,11.08,17.54,"[""Animation""]",9,0.48,0.344
USR-1938,43.15,70.25,"[""Sci-Fi"", ""Action""]",28,0.839,0.341
USR-7759,28.55,71.46,"[""Drama"", ""Crime"", ""Documentary"", ""Sci-Fi"", ""Romance""]",22,0.702,0.219
USR-3573,58.55,121.74,"[""Sci-Fi"", ""Action"", ""Thriller""]",25,0.885,0.445
USR-6826,6.66,,"[""Comedy"", ""Animation""]",21,0.808,0.394
USR-7473,29.48,78.05,"[""Romance"", ""Sci-Fi"", ""Drama"", ""Adventure"", ""Mystery""]",31,0.763,0.55
USR-1623,30.22,101.32,"[""Sci-Fi"", ""Action""]",20,0.774,0.276
USR-2682,33.69,102.37,"[""Action"", ""Sci-Fi"", ""Thriller"", ""Crime""]",19,0.98,0.655
USR-3127,41.56,92.72,"[""Sci-Fi"", ""Thriller""]",20,0.842,0.439
USR-1788,34.42,89.96,"[""Sci-Fi"", ""Action""]",18,0.806,0.419
USR-4333,7.25,22.16,"[""Animation""]",19,0.738,0.455
USR-6141,10.38,24.4,"[""Comedy"", ""Animation"", ""Romance""]",23,0.817,0.323
USR-2093,26.96,79.47,"[""Sci-Fi"", ""Thriller""]",32,0.918,0.3
USR-4892,9.63,20.9,"[""Comedy"", ""Animation""]",32,0.537,0.312
USR-5413,8.61,29.43,"[""Comedy""]",21,0.705,0.384
USR-6136,9.71,24.87,"[""Comedy"", ""Animation""]",17,0.534,0.223
USR-8383,20.92,73.1,"[""Documentary"", ""Drama"", ""Adventure"", ""Romance"", ""Sci-Fi""]",23,0.752,0.461
USR-7082,,40.06,"[""Adventure"", ""Crime"", ""Romance"", ""Documentary"", ""Mystery""]",21,0.839,0.512
USR-4281,8.8,26.36,"[""Comedy"", ""Animation"", ""Romance""]",11,0.662,0.39
USR-10311,2.62,29.7,"[""Family""]",7,0.361,0.935
USR-3202,41.91,90.6,"[""Sci-Fi"", ""Thriller""]",31,0.949,0.54
USR-2161,42.35,92.65,"[""Thriller"", ""Sci-Fi""]",24,0.852,0.445
USR-6712,9.46,21.23,"[""Animation"", ""Romance""]",19,0.717,0.268
USR-4593,4.99,24.01,"[""Comedy""]",13,0.545,0.339
USR-10404,2.55,,"[""Comedy"", ""Family""]",6,0.37,0.724
USR-10955,2.13,45.7,"[""Family""]",10,0.283,0.757
USR-7396,19.25,65.71,"[""Romance"", ""Adventure"", ""Sci-Fi"", ""Documentary"", ""Mystery""]",33,0.697,0.634
USR-5251,5.11,24.91,"[""Animation"", ""Comedy""]",27,0.57,0.329
USR-1479,34.66,79.35,"[""Action"", ""Thriller""]",24,0.889,0.559
USR-2353,41.41,95.22,"[""Thriller"", ""Sci-Fi""]",28,0.737,0.408
USR-6688,13.14,17.34,"[""Comedy"", ""Animation"", ""Romance""]",18,0.563,0.402
USR-6832,6.46,28.64,"[""Comedy""]",17,0.715,0.406
USR-3648,31.68,102.02,"[""Thriller"", ""Action""]",30,0.901,0.436
USR-10490,2.52,32.3,"[""Family"", ""Comedy""]",5,0.149,0.745
USR-7730,26.97,53.98,"[""Sci-Fi"", ""Drama"", ""Crime""]",12,0.726,0.536
USR-7428,,61.75,"[""Sci-Fi"", ""Adventure"", ""Documentary""]",32,0.69,0.686
USR-7671,21.93,62.96,"[""Romance"", ""Sci-Fi"", ""Drama"", ""Documentary"", ""Mystery""]",21,0.842,0.482
USR-3590,40.96,92.11,"[""Sci-Fi"", ""Action""]",23,0.935,0.511
USR-2034,37.44,100.76,"[""Sci-Fi"", ""Action""]",34,0.807,0.346
USR-5795,11.35,22.38,"[""Comedy"", ""Animation""]",19,0.562,0.377
USR-6598,7.13,30.3,"[""Comedy"", ""Animation"", ""Romance""]",24,0.611,0.427
USR-3599,30.47,114.31,"[""Thriller"", ""Sci-Fi""]",22,0.872,0.405
USR-10016,2.05,38.48,"[""Drama""]",7,0.598,0.561
USR-5716,6.85,26.41,"[""Comedy"", ""Animation""]",22,0.59,0.323
USR-9560,0.74,,"[""Drama"", ""Family""]",3,0.18,0.721
USR-5555,7.23,21.9,"[""Animation""]",20,0.626,0.235
USR-8620,30.85,49.86,"[""Documentary"", ""Crime"", ""Adventure"", ""Romance"", ""Drama""]",29,0.748,0.774
USR-5780,8.33,24.63,"[""Animation""]",23,0.642,0.23
USR-10466,,43.81,"[""Comedy""]",3,0.377,0.94
USR-4718,,30.83,"[""Comedy"", ""Animation""]",13,0.681,0.411
USR-5650,9.82,28.04,"[""Animation"", ""Comedy""]",17,0.785,0.28
USR-1345,33.23,75.34,"[""Sci-Fi"", ""Action"", ""Thriller"", ""Esports Highlights""]",21,0.835,0.36
USR-5163,6.48,23.81,"[""Animation"", ""Comedy""]",20,0.659,0.306
USR-2872,46.13,102.7,"[""Sci-Fi"", ""Action"", ""Crime""]",24,0.744,0.227
USR-6616,6.74,23.38,"[""Animation"", ""Comedy""]",10,0.546,0.238
USR-8692,30.29,69.42,"[""Romance"", ""Drama"", ""Documentary"", ""Adventure""]",32,0.781,0.385
USR-10699,2.29,36.76,"[""Family"", ""Comedy""]",4,0.347,0.679
USR-3889,31.68,78.43,"[""Sci-Fi"", ""Action"", ""Thriller""]",23,0.872,0.481
USR-1221,41.63,88.7,"[""Sci-Fi"", ""Action""]",26,0.816,0.287
USR-10284,3.02,40.2,"[""Family"", ""Drama""]",6,0.249,0.673
USR-9421,5.79,,"[""Comedy""]",7,0.506,0.822
USR-7005,18.08,75.48,"[""Crime"", ""Mystery"", ""Sci-Fi""]",17,0.846,0.461
USR-5017,9.29,27.31,"[""Comedy""]",18,0.799,0.352
USR-5206,6.51,27.05,"[""Animation""]",20,0.66,0.404
USR-10250,2.65,34.8,"[""Comedy""]",5,0.223,0.76
USR-7099,22.1,61.65,"[""Documentary"", ""Romance"", ""Sci-Fi"", ""Mystery""]",24,0.673,0.576
USR-8196,32.9,47.52,"[""Drama"", ""Documentary"", ""Adventure"", ""Crime"", ""Sci-Fi""]",31,0.872,0.261
USR-9876,1.86,34.0,"[""Drama""]",6,0.502,0.858
USR-7605,24.64,60.01,"[""Crime"", ""Adventure"", ""Mystery"", ""Documentary""]",21,0.79,0.27
USR-9185,18.0,51.88,"[""Mystery"", ""Crime"", ""Romance"", ""Adventure""]",27,0.868,0.663
USR-10190,2.43,23.43,"[""Comedy""]",5,0.404,0.68
USR-6248,6.94,24.19,"[""Comedy""]",20,0.579,0.502
USR-3882,34.18,80.69,"[""Thriller"", ""Action""]",31,0.823,0.367
USR-2678,31.97,96.87,"[""Sci-Fi"", ""Action""]",30,0.844,0.434
USR-5405,8.92,21.18,"[""Comedy"", ""Animation""]",25,0.572,0.325
USR-1902,46.37,69.31,"[""Thriller"", ""Action""]",20,0.893,0.475
USR-8297,25.44,53.38,"[""Crime"", ""Sci-Fi"", ""Documentary"", ""Drama""]",28,0.688,0.346
USR-3297,42.58,93.57,"[""Action"", ""Sci-Fi"", ""Thriller""]",26,0.881,0.327
USR-7386,35.97,71.9,"[""Documentary"", ""Sci-Fi"", ""Crime""]",30,0.752,0.15
USR-5300,917.930108512253,444.81669274016537,"[""Comedy"", ""Animation""]",10,0.593,0.136
USR-1297,,83.63,"[""Sci-Fi"", ""Thriller""]",15,0.853,0.441
USR-9871,,31.02,"[""Family""]",5,0.375,0.851
USR-10981,3.36,24.4,"[""Drama""]",8,0.321,0.666
USR-1028,40.56,88.96,"[""Sci-Fi"", ""Action""]",22,0.801,0.339
USR-5511,6.0,18.67,"[""Animation"", ""Comedy""]",13,0.707,0.388
USR-7840,14.89,55.69,"[""Documentary"", ""Adventure"", ""Crime""]",46,0.751,0.43
USR-10716,3.71,48.6,"[""Comedy""]",2,0.214,0.629
USR-10532,2.78,30.32,"[""Family""]",4,0.181,0.73
USR-4249,9.27,25.88,"[""Animation"", ""Comedy""]",27,0.546,0.399
USR-8835,23.13,45.74,"[""Romance"", ""Adventure"", ""Crime""]",33,0.807,0.5
USR-3581,41.1,99.28,"[""Thriller"", ""Action"", ""Adventure""]",22,0.907,0.261
USR-6633,6.43,26.51,"[""Comedy"", ""Animation""]",21,0.561,0.557
USR-2371,47.38,88.15,"[""Thriller"", ""Action""]",21,0.956,0.541
USR-10954,4.95,15.3,"[""Comedy""]",8,0.41,0.482
USR-8154,18.23,62.3,"[""Mystery"", ""Romance"", ""Crime"", ""Documentary"", ""Adventure""]",24,0.776,0.422
USR-6285,3.29,18.52,"[""Animation"", ""Comedy""]",28,0.712,0.302
USR-6939,20.6,46.67,"[""Mystery"", ""Documentary"", ""Romance""]",28,0.778,0.572
USR-1682,36.35,69.85,"[""Action"", ""Thriller"", ""Sci-Fi""]",25,0.888,0.493
USR-4160,36.69,84.31,"[""Action"", ""Sci-Fi"", ""Thriller""]",32,0.739,0.356
USR-3988,47.67,76.85,"[""Action"", ""Sci-Fi"", ""Thriller""]",32,0.947,0.544
USR-2883,39.27,91.16,"[""Sci-Fi"", ""Action"", ""Thriller""]",19,0.82,0.407
USR-2941,40.46,105.31,"[""Thriller"", ""Sci-Fi""]",22,0.857,0.422
USR-4297,8.37,18.23,[],25,0.646,0.557
USR-4535,8.23,18.88,,16,0.791,0.305
USR-4730,14.82,28.35,"[""Comedy"", ""Animation""]",19,0.622,0.228
USR-7367,30.11,52.3,"[""Drama"", ""Crime"", ""Mystery"", ""Documentary"", ""Sci-Fi""]",20,0.819,0.532
USR-2182,38.97,70.58,"[""Thriller"", ""Sci-Fi""]",24,0.815,0.484
USR-2376,43.82,80.63,"[""Action"", ""Sci-Fi""]",24,0.844,0.325
USR-6334,7.44,33.57,"[""Comedy"", ""Animation""]",22,0.725,0.269
USR-1627,38.61,91.47,"[""Sci-Fi"", ""Thriller"", ""Action"", ""Crime""]",39,0.945,0.492
USR-3113,36.0,83.95,"[""Action"", ""Sci-Fi""]",13,0.724,0.347
USR-6941,37.86,58.41,"[""Romance"", ""Crime"", ""Drama"", ""Documentary"", ""Mystery""]",31,0.866,0.369
USR-7700,24.94,62.16,"[""Mystery"", ""Adventure"", ""Sci-Fi"", ""Romance""]",29,0.902,0.538
USR-8516,27.57,62.11,"[""Sci-Fi"", ""Romance"", ""Drama"", ""Crime"", ""Documentary""]",23,0.665,0.446
USR-10136,6.27,49.15,"[""Drama""]",2,0.504,0.606
USR-8518,30.67,55.03,"[""Romance"", ""Drama"", ""Crime"", ""Documentary"", ""Adventure""]",24,0.754,0.345
USR-2463,35.82,89.79,"[""Action"", ""Sci-Fi"", ""Crime""]",23,0.845,0.276
USR-3888,34.45,81.12,"[""Sci-Fi"", ""Action"", ""Thriller""]",19,0.887,0.3
USR-5512,7.15,,"[""Comedy"", ""Animation"", ""Romance""]",18,0.549,0.276
USR-1685,41.06,92.23,"[""Thriller"", ""Sci-Fi"", ""Action""]",31,0.947,0.5
USR-8377,32.27,40.39,"[""Mystery"", ""Sci-Fi"", ""Adventure"", ""Drama"", ""Romance""]",35,0.897,0.252
USR-8890,25.1,58.75,"[""Mystery"", ""Sci-Fi"", ""Adventure"", ""Documentary""]",25,0.711,0.306
USR-2367,36.7,93.6,"[""Action"", ""Sci-Fi"", ""Thriller"", ""Crime""]",25,0.658,0.442
USR-4917,11.34,21.92,"[""Animation""]",19,0.627,0.42
USR-3640,29.14,81.73,"[""Action"", ""Thriller""]",20,0.945,0.309
USR-10952,4.81,10.0,"[""Drama""]",2,0.442,0.55
USR-10132,5.15,30.54,"[""Comedy""]",8,0.326,0.651
USR-10041,2.88,34.96,"[""Drama""]",4,0.382,0.792
USR-3301,21.82,103.14,"[""Sci-Fi"", ""Thriller""]",28,0.813,0.54
USR-3939,35.53,106.72,"[""Action"", ""Sci-Fi"", ""Thriller"", ""Crime""]",23,0.851,0.352
USR-6823,7.08,28.25,"[""Animation"", ""Comedy""]",21,0.592,0.4
USR-9751,2.73,52.55,"[""Family""]",9,0.298,0.72
USR-7524,14.42,55.6,"[""Adventure"", ""Crime"", ""Drama"", ""Romance"", ""Silent Cinema""]",23,0.823,0.484
USR-2980,41.23,76.72,"[""Action"", ""Sci-Fi"", ""Thriller""]",30,0.837,0.509
USR-4804,6.92,33.16,"[""Animation""]",28,0.466,0.222
USR-10299,2.39,45.65,"[""Drama""]",5,0.36,0.789
USR-6365,5.14,22.21,"[""Comedy"", ""Animation""]",12,0.786,0.4
USR-5672,9.04,23.35,"[""Animation"", ""Comedy"", ""Romance""]",23,0.441,0.446
USR-5837,6.85,24.22,"[""Animation"", ""Comedy""]",24,0.631,0.472
USR-3281,31.98,115.16,"[""Thriller"", ""Sci-Fi""]",23,0.655,0.541
USR-10833,3.95,29.48,"[""Family"", ""Drama""]",4,0.227,0.834
USR-5953,9.91,15.81,"[""Comedy""]",14,0.587,0.193
USR-7821,20.14,43.24,"[""Romance"", ""Documentary"", ""Adventure"", ""Drama"", ""Crime""]",30,0.707,0.468
USR-5131,10.41,29.33,"[""Comedy""]",16,0.609,0.434
USR-7203,25.92,59.98,"[""Sci-Fi"", ""Adventure"", ""Documentary""]",18,0.794,0.484
USR-10908,1.99,34.58,"[""Drama"", ""Family""]",6,0.363,0.719
USR-2785,36.32,90.88,"[""Sci-Fi"", ""Action"", ""Adventure""]",26,0.871,0.277
USR-4183,42.17,-59.84075094454631,"[""Action"", ""Sci-Fi""]",37,0.788,0.507
USR-1495,37.37,91.29,"[""Action"", ""Sci-Fi"", ""Thriller""]",30,0.93,0.497
USR-8661,33.01,53.45,"[""Drama"", ""Documentary"", ""Crime"", ""Mystery"", ""Sci-Fi""]",24,0.721,0.619
USR-3861,46.58,99.65,"[""Sci-Fi"", ""Thriller""]",21,0.926,0.441
USR-7180,18.74,61.93,"[""Adventure"", ""Drama"", ""Crime"", ""Romance"", ""Sci-Fi""]",12,0.726,0.616
USR-5042,8.2,24.83,"[""Comedy"", ""Animation""]",16,0.735,0.369
USR-8345,23.69,77.48,"[""Adventure"", ""Documentary"", ""Sci-Fi""]",32,0.769,0.578
USR-3898,51.36,85.92,"[""Action"", ""Sci-Fi"", ""Thriller""]",27,0.866,0.178
USR-1367,48.76,95.6,"[""Thriller"", ""Action"", ""Sci-Fi""]",17,0.826,0.352
USR-1850,41.2,91.45,"[""Action"", ""Thriller"", ""Sci-Fi""]",24,0.826,0.37
USR-10574,3.33,34.67,"[""Family"", ""Comedy""]",8,0.48,0.804
USR-6475,5.97,22.38,"[""Comedy"", ""Animation"", ""Romance""]",13,0.567,0.326
USR-7930,24.94,66.49,"[""Mystery"", ""Adventure"", ""Sci-Fi""]",32,0.727,0.267
USR-3654,38.51,117.71,"[""Sci-Fi"", ""Action"", ""Thriller""]",19,1.0,0.404
USR-4504,6.89,16.17,"[""Comedy""]",23,0.687,0.393
USR-2542,36.8,113.13,"[""Thriller"", ""Action""]",7,0.891,0.492
USR-5263,5.98,20.09,"[""Comedy"", ""Animation""]",17,0.56,0.265
USR-9960,3.76,31.63,"[""Family""]",8,0.206,0.753
USR-1323,,101.77,"[""Thriller"", ""Sci-Fi"", ""Action""]",24,1.0,0.337
USR-3032,,93.31,"[""Sci-Fi"", ""Action"", ""Thriller""]",23,0.951,0.307
USR-1814,43.27,104.65,"[""Action"", ""Sci-Fi""]",16,0.77,0.316
USR-8740,34.05,70.86,"[""Drama"", ""Adventure"", ""Crime"", ""Sci-Fi""]",24,0.668,0.252
USR-10471,1.93,32.16,"[""Comedy"", ""Drama""]",8,0.393,0.7
USR-10291,2.79,30.82,"[""Family"", ""Comedy""]",8,0.382,0.699
USR-2080,39.31,89.45,"[""Thriller"", ""Sci-Fi"", ""Action""]",26,0.828,0.479
USR-3227,37.19,96.42,"[""Thriller"", ""Sci-Fi"", ""Action"", ""Crime""]",25,0.884,0.626
USR-10232,2.97,37.69,"[""Drama"", ""Family""]",3,0.374,0.739
USR-9432,3.04,34.47,"[""Family""]",10,0.551,0.681
USR-3706,40.61,100.01,"[""Sci-Fi"", ""Thriller"", ""Action"", ""Crime""]",17,0.82,0.379
USR-7983,27.42,45.37,"[""Mystery"", ""Romance"", ""Documentary""]",23,0.755,0.591
USR-6156,12.68,16.18,"[""Animation"", ""Comedy""]",19,0.636,0.397
USR-2165,29.0,111.93,"[""Action"", ""Thriller"", ""Crime""]",22,0.872,0.398
USR-4262,6.73,22.09,"[""Comedy"", ""Animation""]",16,0.694,0.332
USR-2572,42.807566611769914,87.5,"[""Thriller"", ""Sci-Fi"", ""Action""]",24,0.821,0.396
USR-2451,37.19,88.11,"[""Thriller"", ""Sci-Fi""]",29,1.0,0.458
USR-4863,10.46,35.86,"[""Animation"", ""Comedy""]",29,0.705,0.421
USR-9516,2.58,40.57,"[""Comedy"", ""Drama""]",5,0.252,0.558
USR-10237,5.41,32.41,"[""Family""]",6,0.372,0.615
USR-8287,23.67,54.33,"[""Adventure"", ""Sci-Fi"", ""Drama"", ""Documentary"", ""Mystery""]",19,0.753,0.61
USR-9046,25.09,59.55,"[""Romance"", ""Documentary"", ""Adventure""]",30,0.832,0.544
USR-9248,27.19,49.62,"[""Adventure"", ""Documentary"", ""Sci-Fi""]",25,0.673,0.268
USR-8304,20.85,71.55,"[""Sci-Fi"", ""Adventure"", ""Crime"", ""Romance"", ""Documentary""]",24,0.777,0.42
USR-7769,26.1,69.21,"[""Crime"", ""Adventure"", ""Sci-Fi"", ""Documentary"", ""Romance""]",20,0.906,0.508
USR-6383,5.05,,"[""Animation""]",17,0.623,0.326
USR-5057,10.88,14.49,"[""Animation"", ""Comedy"", ""Romance""]",22,0.673,0.34
USR-10609,3.23,36.15,"[""Comedy""]",4,0.113,0.769
USR-4000,35.47,92.4,"[""Sci-Fi"", ""Thriller"", ""Crime""]",39,0.747,0.361
USR-10119,1.25,,"[""Family""]",6,0.2,1.0
USR-2232,38.52,81.63,"[""Sci-Fi"", ""Action"", ""Thriller""]",22,0.941,0.434
USR-2515,48.67,87.38,"[""Sci-Fi"", ""Action""]",24,0.732,0.31
USR-3314,39.67,101.71,"[""Action"", ""Sci-Fi"", ""Crime""]",26,0.929,0.184
USR-2452,53.9,96.89,"[""Action"", ""Thriller"", ""Sci-Fi""]",25,0.612,0.293
USR-5550,4.49,33.71,"[""Comedy""]",16,0.595,0.169
USR-6859,8.44,24.26,"[""Comedy""]",13,0.771,0.409
USR-9623,,10.0,"[""Comedy""]",6,0.182,0.618
USR-10047,5.73,33.0,"[""Drama"", ""Comedy""]",6,0.27,0.625
USR-1839,35.09,110.29,"[""Sci-Fi"", ""Action""]",22,0.737,0.368
USR-4587,9.426439001351065,19.1,"[""Comedy"", ""Animation""]",26,0.598,0.324
USR-8008,14.45,51.33,"[""Mystery"", ""Drama"", ""Documentary""]",34,0.685,0.542
USR-10198,4.13,37.71,"[""Family""]",7,0.579,0.724
USR-9595,2.95,24.11,"[""Family""]",8,0.429,0.659
USR-4568,6.87,20.61,"[""Animation"", ""Comedy""]",9,0.614,0.238
USR-10360,2.77,54.39,"[""Family""]",4,0.24,0.676
USR-4088,43.82,78.98,"[""Thriller"", ""Sci-Fi""]",31,0.981,0.324
USR-9736,2.91,46.92,"[""Family""]",8,0.332,0.592
USR-2715,38.77,94.8,"[""Thriller"", ""Sci-Fi""]",22,0.834,0.528
USR-1340,43.43,90.15,"[""Thriller"", ""Sci-Fi"", ""Crime""]",26,0.635,0.446
USR-7889,34.93,66.51,"[""Drama"", ""Crime"", ""Documentary""]",29,0.931,0.39
USR-7080,,,,12,0.798,0.338
USR-6235,8.5,27.86,"[""Animation"", ""Comedy""]",16,0.497,0.392
USR-9237,23.85,54.87,"[""Drama"", ""Sci-Fi"", ""Documentary"", ""Crime""]",25,0.551,0.511
USR-6019,7.1,24.99,"[""Comedy"", ""Animation"", ""Romance""]",22,0.647,0.348
USR-1589,45.51,95.7,"[""Action"", ""Sci-Fi"", ""Thriller""]",24,0.927,0.34
USR-4366,10.64,15.6,"[""Animation"", ""Comedy""]",20,0.575,0.469
USR-3671,30.89,76.81,"[""Sci-Fi"", ""Action""]",25,0.684,0.553
USR-4590,9.68,20.8,"[""Comedy"", ""Animation""]",17,0.825,0.341
USR-1035,45.09,109.73,"[""Thriller"", ""Action"", ""Crime""]",27,0.982,0.287
USR-1029,29.39,111.45,"[""Action"", ""Sci-Fi""]",19,0.768,0.508
USR-10623,2.25,36.96,"[""Drama""]",4,0.347,0.827
USR-8208,16.16,65.26,"[""Sci-Fi"", ""Romance"", ""Adventure"", ""Crime"", ""Documentary""]",26,0.826,0.521
USR-3171,28.61,92.3,"[""Action"", ""Sci-Fi""]",29,0.862,0.449
USR-6258,8.46,20.74,"[""Comedy""]",20,0.545,0.436
USR-5772,8.17,17.96,"[""Comedy"", ""Animation""]",24,0.466,0.355
USR-1890,34.73,91.56,"[""Sci-Fi"", ""Thriller""]",19,0.873,0.609
USR-8773,23.8,61.19,"[""Documentary"", ""Crime"", ""Romance""]",22,0.855,0.488
USR-4323,4.25,24.41,"[""Comedy"", ""Animation""]",18,0.523,0.398
USR-10492,2.89,37.64,"[""Comedy"", ""Drama""]",5,0.511,0.821
USR-4515,7.3,18.8,"[""Animation"", ""Comedy"", ""Romance""]",27,0.586,0.265
USR-7581,24.59,58.8,"[""Crime"", ""Documentary"", ""Romance"", ""Sci-Fi""]",31,0.906,0.493
USR-9440,,29.81,"[""Family"", ""Comedy""]",3,0.487,0.639
USR-6488,8.19,28.97,"[""Animation"", ""Comedy""]",20,0.572,0.277
USR-4734,9.49,26.87,"[""Animation""]",23,0.95,0.422
USR-10561,0.78,45.37,"[""Comedy"", ""Drama""]",4,0.467,0.726
USR-8245,31.25,59.71,"[""Crime"", ""Drama"", ""Romance""]",22,0.838,0.443
USR-2655,30.23,88.01,"[""Sci-Fi"", ""Thriller"", ""Adventure""]",22,0.796,0.404
USR-6271,,22.5,"[""Animation"", ""Comedy""]",24,0.699,0.426
USR-7499,28.54,55.83,"[""Sci-Fi"", ""Mystery"", ""Drama"", ""Adventure""]",24,0.723,0.354
USR-1224,37.82,85.5,"[""Thriller"", ""Action"", ""Crime""]",26,0.873,0.394
USR-10329,2.53,47.93,"[""Comedy""]",6,0.359,0.559
USR-5538,5.21,22.04,"[""Comedy"", ""Animation""]",25,0.631,0.4
USR-5240,7.13,21.74,"[""Comedy""]",24,0.814,0.331
USR-2591,36.98,98.29,"[""Action"", ""Sci-Fi"", ""Thriller""]",22,0.778,0.246
USR-7122,17.1,70.64,"[""Mystery"", ""Drama"", ""Sci-Fi""]",25,0.828,0.43
USR-4257,7.3,26.79,"[""Comedy""]",21,0.686,0.292
USR-7587,23.09,55.6,"[""Romance"", ""Adventure"", ""Documentary"", ""Drama"", ""Mystery""]",35,0.593,0.669
USR-5880,8.37,28.14,"[""Comedy"", ""Animation""]",15,0.762,0.548
USR-3182,43.22,81.36,"[""Action"", ""Sci-Fi""]",33,0.935,0.308
USR-7962,27.37,67.5,"[""Documentary"", ""Drama"", ""Mystery""]",17,0.8,0.414
USR-6028,10.32,30.93,"[""Animation"", ""Comedy""]",18,0.567,0.342
USR-10200,4.35,32.58,"[""Comedy""]",2,0.276,0.732
USR-5900,6.74,26.58,"[""Comedy"", ""Animation"", ""Romance""]",26,0.705,0.307
USR-2210,29.39,100.01,"[""Thriller"", ""Action""]",22,0.956,0.391
USR-1422,38.09,123.72,"[""Sci-Fi"", ""Thriller"", ""Action""]",25,0.715,0.214
USR-9833,2.59,28.79,[],3,0.312,0.664
USR-2707,42.83,85.97,"[""Sci-Fi"", ""Action"", ""Crime""]",24,0.848,0.581
USR-2159,50.33,96.52,"[""Sci-Fi"", ""Thriller""]",23,0.755,0.181
USR-3307,42.9,73.09,"[""Action"", ""Sci-Fi""]",30,0.841,0.727
USR-1274,39.5,123.38,"[""Thriller"", ""Action"", ""Sci-Fi"", ""Adventure""]",22,0.656,0.417
USR-1172,28.02,80.13,"[""Action"", ""Thriller""]",15,1.0,0.307
USR-4957,6.82,28.6,"[""Animation"", ""Comedy""]",26,0.728,0.315
USR-8847,20.43,43.35,"[""Mystery"", ""Crime"", ""Adventure"", ""Romance""]",19,0.905,0.386
USR-4189,38.37,85.08,"[""Action"", ""Thriller"", ""Sci-Fi""]",24,0.873,0.394
USR-2726,21.16,77.83,"[""Thriller"", ""Action"", ""Sci-Fi"", ""Adventure""]",25,0.881,0.345
USR-5398,4.52,32.49,"[""Comedy""]",21,0.611,0.324
USR-6919,24.87,35.0,"[""Mystery"", ""Documentary"", ""Adventure""]",16,0.761,0.583
USR-2565,26.89,98.32,"[""Action"", ""Sci-Fi""]",33,0.805,0.314
USR-2783,40.62,94.81,"[""Sci-Fi"", ""Action"", ""Thriller""]",37,0.8,0.564
USR-1844,32.9,115.53,"[""Thriller"", ""Action"", ""Sci-Fi""]",27,0.911,0.426
USR-10441,3.55,29.76,"[""Drama"", ""Comedy""]",6,0.393,0.964
USR-5565,8.05,21.08,"[""Animation"", ""Comedy""]",12,0.805,0.432
USR-1905,27.32,94.5,"[""Sci-Fi"", ""Action""]",13,0.732,0.42
USR-9615,2.4,34.74,"[""Comedy"", ""Family""]",5,0.401,0.845
USR-10769,2.8,27.14,"[""Drama"", ""Comedy""]",8,0.398,0.743
USR-7401,29.32,44.21,"[""Romance"", ""Adventure"", ""Drama"", ""Sci-Fi"", ""Mystery""]",33,0.737,0.449
USR-2548,36.61,114.8,"[""Action"", ""Sci-Fi"", ""Thriller""]",20,0.912,0.422
USR-3081,30.89,93.02,"[""Thriller"", ""Sci-Fi"", ""Action""]",19,0.961,0.306
USR-9110,30.43,71.01,"[""Documentary"", ""Adventure"", ""Drama"", ""Mystery"", ""Romance""]",27,0.677,0.323
USR-4986,8.4,20.79,"[""Comedy"", ""Animation"", ""Romance""]",26,0.701,0.469
USR-9689,5.73,39.5,"[""Family"", ""Drama""]",6,0.366,0.823
USR-6360,11.37,22.93,"[""Comedy""]",23,0.649,0.363
USR-7339,26.94,65.63,"[""Romance"", ""Crime"", ""Sci-Fi""]",15,0.804,0.39
USR-9234,,44.56,"[""Documentary"", ""Adventure"", ""Crime"", ""Sci-Fi"", ""Drama""]",28,0.846,0.373
USR-9295,30.08,49.73,"[""Documentary"", ""Crime"", ""Mystery""]",32,0.843,0.55
USR-4821,8.25,21.4,"[""Animation"", ""Comedy""]",21,0.643,0.28
USR-3647,41.52,97.25,"[""Thriller"", ""Action"", ""Sci-Fi""]",22,0.836,0.428
USR-7177,,66.95,"[""Crime"", ""Romance"", ""Sci-Fi"", ""Esports Highlights""]",33,0.753,0.498
USR-8326,25.76,56.54,"[""Documentary"", ""Adventure"", ""Sci-Fi"", ""Romance"", ""Crime""]",27,0.736,0.524
USR-9187,27.37,57.41,"[""Sci-Fi"", ""Mystery"", ""Adventure"", ""Documentary"", ""Drama""]",27,0.746,0.422
USR-10877,4.75,30.19,"[""Family""]",7,0.372,0.826
USR-5252,10.61019649038505,16.58,"[""Comedy"", ""Animation""]",26,0.694,0.343
USR-7215,29.38,37.54,"[""Documentary"", ""Romance"", ""Sci-Fi"", ""Drama""]",18,0.858,0.644
USR-3156,20.88,86.89,"[""Action"", ""Sci-Fi""]",20,0.846,0.458
USR-7868,36.4,62.06,"[""Sci-Fi"", ""Documentary"", ""Romance""]",24,0.862,0.391
USR-4716,4.82,25.8,"[""Comedy""]",18,0.728,0.351
USR-5058,11.19,23.4,"[""Comedy"", ""Animation""]",17,0.611,0.353
USR-9449,3.68,42.62,"[""Family"", ""Drama""]",5,0.373,0.869
USR-4103,45.22,113.57,"[""Action"", ""Thriller"", ""Sci-Fi""]",18,0.819,0.367
USR-1559,32.05,94.09,"[""Sci-Fi"", ""Thriller""]",23,0.756,0.25
USR-6690,5.89,27.53,"[""Animation"", ""Comedy""]",28,0.561,0.314
USR-9139,,47.33,"[""Documentary"", ""Romance"", ""Drama"", ""Adventure"", ""Crime""]",20,0.677,0.396
USR-2437,32.17,82.75,"[""Action"", ""Thriller""]",23,0.765,0.396
USR-1508,44.71,99.55,"[""Sci-Fi"", ""Thriller"", ""Action"", ""Slow TV""]",26,0.941,0.462
USR-2870,35.8,100.68,"[""Action"", ""Thriller""]",23,0.794,0.53
USR-1756,36.0,94.05,"[""Thriller"", ""Sci-Fi""]",31,0.699,0.504
USR-6546,12.52,17.34,"[""Animation"", ""Comedy"", ""Romance""]",21,0.562,0.359
USR-5051,1.0,19.87,"[""Animation""]",18,0.603,0.395
USR-6376,5.31,29.09,"[""Comedy"", ""Animation"", ""Romance""]",13,0.616,0.277
USR-4837,10.12,26.69,"[""Animation""]",16,0.711,0.222
USR-3119,24.9,104.48,"[""Sci-Fi"", ""Thriller"", ""Action""]",19,0.855,0.494
USR-9150,29.76,62.64,"[""Crime"", ""Mystery"", ""Sci-Fi"", ""Adventure"", ""Documentary""]",33,0.753,0.34
USR-10435,2.1,19.25,,9,0.541,0.801
USR-1502,29.02,80.73,"[""Action"", ""Sci-Fi"", ""Thriller"", ""Adventure""]",25,0.834,0.442
USR-7408,28.72,60.11,"[""Crime"", ""Sci-Fi"", ""Mystery"", ""Drama"", ""Adventure""]",27,0.68,0.514
USR-10792,4.98,27.55,"[""Drama""]",10,0.378,0.644
USR-2540,36.64,81.66,"[""Action"", ""Sci-Fi""]",21,1.0,0.601
USR-8798,33.57,55.81,"[""Adventure"", ""Drama"", ""Sci-Fi""]",22,0.738,0.463
USR-2212,34.4,95.42,"[""Thriller"", ""Action""]",28,0.847,0.423
USR-10218,2.25,41.56,"[""Family"", ""Comedy""]",6,0.333,0.78
USR-1673,47.77,84.77,"[""Sci-Fi"", ""Thriller""]",16,0.848,0.33
USR-4378,6.79,24.83,"[""Comedy""]",18,0.552,0.362
USR-9877,3.83,34.66,"[""Drama""]",6,0.342,0.432
USR-2465,33.71,103.41,"[""Sci-Fi"", ""Thriller"", ""Action"", ""Crime""]",17,0.8,0.241
USR-2193,35.18,68.35,"[""Sci-Fi"", ""Thriller"", ""Action""]",32,0.828,0.4
USR-8146,25.52,42.61,"[""Documentary"", ""Crime"", ""Romance"", ""Drama"", ""Mystery""]",28,0.716,0.265
USR-2873,30.39,80.77,"[""Thriller"", ""Action""]",20,0.99,0.505
USR-4591,6.55,29.43,"[""Comedy"", ""Animation""]",15,0.759,0.312
USR-7884,31.09,38.87,"[""Sci-Fi"", ""Mystery"", ""Crime"", ""Drama"", ""Romance""]",23,0.737,0.455
USR-1506,41.38,92.45,"[""Thriller"", ""Action""]",32,0.815,0.653
USR-1244,36.44,64.57,"[""Sci-Fi"", ""Action"", ""Thriller""]",29,0.918,0.549
USR-1507,32.12,121.41,"[""Thriller"", ""Sci-Fi"", ""Action""]",34,0.867,0.474
USR-9282,21.61,61.37,"[""Documentary"", ""Drama"", ""Adventure"", ""Mystery""]",29,0.677,0.417
USR-8014,40.99,68.9,"[""Documentary"", ""Sci-Fi"", ""Crime"", ""Romance""]",24,0.884,0.617
USR-6925,20.59,64.22,"[""Crime"", ""Mystery"", ""Adventure"", ""Documentary"", ""Drama""]",26,0.762,0.507
USR-10393,2.54,46.29,"[""Comedy""]",5,0.363,0.773
USR-2774,38.79,96.3,"[""Thriller"", ""Action"", ""Adventure""]",16,1.0,0.518
USR-9617,2.4,40.46,"[""Drama""]",8,0.196,0.649
USR-6021,3.8,21.56,"[""Animation"", ""Comedy""]",18,0.665,0.329
USR-1798,40.29,126.89,"[""Thriller"", ""Sci-Fi"", ""Adventure""]",23,0.825,0.432
USR-8291,27.21,54.78,"[""Sci-Fi"", ""Documentary"", ""Drama""]",15,0.633,0.184
USR-8234,29.48,55.4,"[""Adventure"", ""Crime"", ""Documentary"", ""Drama""]",23,0.768,0.549
USR-3830,49.84,99.07,"[""Sci-Fi"", ""Thriller"", ""Action""]",26,0.934,0.392
USR-10415,3.34,26.32,"[""Family"", ""Drama""]",7,0.291,0.538
USR-9830,1.12,16.54,"[""Family"", ""Drama""]",6,0.601,0.68
USR-1313,32.13,92.04,"[""Thriller"", ""Sci-Fi"", ""Crime""]",27,0.835,0.285
USR-1747,40.46,105.33,"[""Thriller"", ""Action"", ""Sci-Fi""]",20,0.879,0.346
USR-4570,6.54,19.58,,15,0.654,0.123
USR-1791,44.38,109.13,"[""Sci-Fi"", ""Thriller"", ""Action""]",27,0.803,0.518
USR-3477,46.07,97.61,"[""Sci-Fi"", ""Thriller"", ""Action"", ""Adventure""]",25,0.776,0.31
USR-10421,2.85,40.21,"[""Comedy""]",5,0.425,0.848
USR-3571,38.55,83.83,"[""Sci-Fi"", ""Action"", ""Thriller""]",23,0.943,0.502
USR-10290,4.49,45.24,"[""Drama""]",9,0.399,0.695
USR-6338,7.99,21.39,"[""Animation""]",19,0.687,0.369
USR-5356,11.23,25.02,"[""Animation"", ""Comedy""]",19,0.833,0.389
USR-3164,38.87,77.05,"[""Action"", ""Thriller"", ""Sci-Fi""]",27,0.94,0.331
USR-9619,0.89,18.69,"[""Comedy""]",5,0.4,0.559
USR-7484,24.05,57.09,"[""Romance"", ""Documentary"", ""Sci-Fi"", ""Adventure""]",20,0.772,0.324
USR-1381,43.76,95.02,"[""Sci-Fi"", ""Thriller"", ""Action"", ""Adventure""]",28,1.0,0.212
USR-10249,4.04,33.8,"[""Family"", ""Drama""]",6,0.401,0.666
USR-2293,34.74,100.74,"[""Sci-Fi"", ""Thriller"", ""Action""]",27,0.69,0.479
USR-2913,48.02,95.09,"[""Action"", ""Sci-Fi""]",12,0.887,0.394
USR-1600,40.03,95.46,"[""Action"", ""Thriller""]",16,0.771,0.478
USR-4893,7.51,30.26,"[""Animation""]",12,0.704,0.381
USR-5142,8.7,31.89,"[""Comedy"", ""Animation""]",29,0.643,0.293
USR-2653,43.29,91.9,"[""Thriller"", ""Action""]",26,0.924,0.401
USR-9317,0.57,26.31,"[""Family"", ""Comedy""]",10,0.34,0.741
USR-2894,41.18,100.0,"[""Sci-Fi"", ""Action"", ""Thriller""]",33,0.76,0.373
USR-2945,36.23,91.7,"[""Sci-Fi"", ""Thriller"", ""Action"", ""Slow TV""]",33,0.71,0.576
USR-4396,12.98,29.82,"[""Comedy""]",29,0.539,0.391
USR-6607,3.56,27.75,"[""Animation"", ""Comedy"", ""Romance""]",24,0.512,0.32
USR-5363,7.64,31.3,"[""Comedy"", ""Animation""]",18,0.537,0.42
USR-10868,3.85,43.49,"[""Drama"", ""Family""]",5,0.359,0.553
USR-1376,,98.19,"[""Sci-Fi"", ""Action"", ""Thriller""]",22,0.88,0.401
USR-2967,44.41,99.48,"[""Thriller"", ""Sci-Fi""]",26,0.919,0.429
USR-4958,6.84,24.28,"[""Comedy"", ""Animation"", ""Romance""]",28,0.57,0.142
USR-8302,24.89,54.48,"[""Mystery"", ""Documentary"", ""Sci-Fi"", ""Romance""]",32,0.897,0.593
USR-5424,7.58,27.51,"[""Comedy"", ""Animation""]",22,0.469,0.507
USR-8648,19.4,50.55,"[""Drama"", ""Sci-Fi"", ""Adventure"", ""Crime"", ""Romance""]",21,0.882,0.454
USR-5610,8.95,20.05,"[""Comedy"", ""Animation""]",20,0.46,0.484
USR-6282,9.7,17.83,"[""Animation"", ""Comedy""]",18,0.767,0.559
USR-8538,34.6,50.57,"[""Crime"", ""Sci-Fi"", ""Romance""]",30,0.728,0.472
USR-2472,42.0,64.03,"[""Sci-Fi"", ""Action""]",16,0.938,0.376
USR-4347,8.64,27.25,"[""Comedy"", ""Animation"", ""Romance""]",16,0.516,0.192
USR-10924,0.97,34.53,"[""Comedy""]",6,0.432,0.723
USR-3854,34.15,94.94,"[""Thriller"", ""Sci-Fi"", ""Action""]",23,0.974,0.3
USR-10083,2.77,44.41,"[""Comedy"", ""Drama""]",4,0.504,0.571
USR-10874,2.01,28.1,"[""Drama""]",4,0.238,0.535
USR-7612,16.55,61.18,"[""Crime"", ""Drama"", ""Romance"", ""Adventure"", ""Mystery""]",32,0.763,0.434
USR-5063,5.13,22.22,"[""Animation""]",25,0.618,0.295
USR-5907,6.56,26.3,"[""Animation""]",26,0.686,0.296
USR-5307,7.51,27.11,"[""Comedy""]",23,0.647,0.274
USR-5990,14.0,25.68,"[""Animation"", ""Comedy""]",22,0.645,0.197
USR-8416,16.57,52.02,"[""Documentary"", ""Adventure"", ""Sci-Fi""]",34,0.901,0.543
USR-6398,4.67,30.94,"[""Animation"", ""Comedy""]",19,0.58,0.335
USR-4991,3.91,27.25,"[""Animation"", ""Comedy""]",18,0.673,0.321
USR-2050,50.62,,"[""Action"", ""Thriller""]",28,0.766,0.517
USR-7324,21.65,60.63,"[""Adventure"", ""Mystery"", ""Sci-Fi""]",21,0.974,0.579
USR-6455,10.16,21.69,"[""Animation"", ""Comedy""]",18,0.695,0.295
USR-9040,42.8,48.73,"[""Drama"", ""Sci-Fi"", ""Mystery"", ""Crime"", ""Romance""]",26,0.673,0.451
USR-3036,33.93,78.04,"[""Action"", ""Sci-Fi"", ""Adventure""]",27,1.0,0.322
USR-5040,10.48,25.06,"[""Comedy""]",16,0.48,0.343
USR-10958,4.65,25.26,"[""Family"", ""Comedy""]",5,0.474,0.784
USR-10450,4.0,24.55,"[""Drama"", ""Family""]",10,0.251,0.501
USR-2973,35.88,85.19,"[""Action"", ""Sci-Fi""]",20,0.839,0.424
USR-5885,8.63,12.16,"[""Comedy""]",24,0.657,0.549
USR-3100,71.59,,"[""Thriller"", ""Sci-Fi"", ""Adventure""]",17,0.709,0.592
USR-2500,56.01,102.91,"[""Action"", ""Thriller"", ""Sci-Fi"", ""Adventure""]",29,0.895,0.408
USR-8101,28.46,71.41,"[""Crime"", ""Adventure"", ""Mystery"", ""Drama"", ""Sci-Fi""]",32,0.657,0.754
USR-1653,41.16,106.02,"[""Action"", ""Thriller"", ""Sci-Fi"", ""Crime""]",30,0.879,0.43
USR-1171,39.0,89.87,"[""Thriller"", ""Action""]",29,0.927,0.341
USR-5086,3.58,17.59,"[""Comedy"", ""Romance""]",28,0.637,0.322
USR-1243,,97.06,"[""Thriller"", ""Sci-Fi""]",18,0.859,0.417
USR-6844,13.01,16.22,"[""Comedy"", ""Animation""]",12,0.653,0.412
USR-5372,8.21,27.8,"[""Comedy"", ""Animation""]",20,0.95,0.361
USR-9702,2.22,21.87,"[""Family"", ""Drama""]",8,0.438,0.497
USR-3757,35.33,92.98,"[""Thriller"", ""Action""]",26,0.82,0.222
USR-10386,4.52,16.77,"[""Comedy""]",5,0.346,0.78
USR-6573,7.44,22.56,"[""Comedy"", ""Animation""]",14,0.695,0.119
USR-3077,33.06,96.86,"[""Action"", ""Thriller"", ""Adventure""]",16,0.674,0.456
USR-5104,13.26,30.34,"[""Comedy"", ""Animation""]",20,0.609,0.213
USR-10657,3.22,33.93,"[""Comedy""]",7,0.386,0.662
USR-8679,27.9,66.52,"[""Romance"", ""Adventure"", ""Sci-Fi""]",24,0.799,0.626
USR-7136,21.03,67.38,"[""Crime"", ""Adventure"", ""Romance"", ""Documentary"", ""Mystery""]",23,0.854,0.349
USR-10573,2.38,13.74,"[""Drama""]",5,0.23,0.742
USR-6217,10.13,25.93,"[""Animation"", ""Comedy"", ""Romance""]",21,0.619,0.2
USR-6991,33.9,74.7,"[""Romance"", ""Crime"", ""Adventure""]",16,0.783,0.414
USR-5925,11.97,19.33,"[""Comedy"", ""Animation""]",20,0.56,0.409
USR-10469,2.49,44.4,"[""Comedy""]",7,0.342,0.826
USR-5846,10.56,23.41,"[""Animation"", ""Comedy""]",16,0.687,0.239
USR-10634,2.35,25.54,"[""Family"", ""Drama""]",7,0.583,0.895
USR-5585,7.99,25.96,"[""Comedy""]",17,0.936,0.351
USR-9415,2.66,25.75,"[""Comedy"", ""Drama""]",1,0.222,0.676
USR-5079,1.55,29.52,"[""Animation"", ""Comedy""]",15,0.856,0.358
USR-1641,26.13,93.6,"[""Sci-Fi"", ""Thriller""]",34,0.895,0.409
USR-2271,41.48,109.14,"[""Thriller"", ""Action"", ""Adventure""]",26,0.78,0.571
USR-3779,42.18,89.5,"[""Sci-Fi"", ""Action"", ""Adventure""]",28,0.846,0.494
USR-2986,34.36,115.78,"[""Sci-Fi"", ""Thriller""]",22,0.785,0.46
USR-4862,2.06,20.87,"[""Comedy""]",12,0.754,0.218
USR-4481,10.77,16.63,"[""Animation"", ""Comedy""]",13,0.662,0.252
USR-2535,38.18,87.98,"[""Action"", ""Sci-Fi"", ""Adventure""]",29,0.862,0.729
USR-1326,31.47,98.44,"[""Action"", ""Sci-Fi""]",16,0.712,0.547
USR-3339,40.17,86.98,"[""Sci-Fi"", ""Thriller"", ""Crime""]",24,0.733,0.388
USR-4981,12.33,35.92,"[""Comedy"", ""Animation""]",14,0.561,0.307
USR-8037,21.63,56.66,"[""Drama"", ""Mystery"", ""Sci-Fi"", ""Romance""]",28,0.803,0.464
USR-5055,8.32,16.91,"[""Animation"", ""Comedy""]",16,0.674,0.47
USR-3238,44.89,82.85,"[""Action"", ""Sci-Fi"", ""Adventure""]",27,0.819,0.276
USR-8273,28.41,52.86,"[""Crime"", ""Adventure"", ""Mystery"", ""Drama"", ""Romance""]",20,0.652,0.539
USR-10767,2.91,42.58,"[""Comedy"", ""Drama""]",8,0.433,0.624
USR-6653,12.58,23.94,"[""Animation"", ""Comedy""]",23,0.503,0.339
USR-1865,44.32,100.47,"[""Sci-Fi"", ""Thriller"", ""Action""]",22,0.872,0.448
USR-9362,3.33,22.86,"[""Family""]",5,0.7,0.723
USR-6639,11.45,14.39,"[""Comedy""]",28,0.663,0.352
USR-8238,26.43,72.98,"[""Mystery"", ""Drama"", ""Sci-Fi""]",16,0.828,0.627
USR-1372,,76.89,"[""Sci-Fi"", ""Action"", ""Thriller""]",28,0.971,0.456
USR-7445,20.61,61.36,"[""Romance"", ""Sci-Fi"", ""Drama""]",36,0.729,0.45
USR-6682,4.58,19.86,"[""Animation""]",19,0.634,0.347
USR-6857,12.69,22.44,"[""Animation""]",23,0.635,0.53
USR-10009,2.9,41.78,"[""Family""]",9,0.492,0.686
USR-10383,-8.52932125640072,17.49,"[""Family"", ""Comedy""]",6,0.542,0.6
USR-6666,,20.56,"[""Animation"", ""Comedy""]",16,0.607,0.1
USR-3365,36.64,99.72,"[""Thriller"", ""Sci-Fi""]",33,0.802,0.38
USR-4214,6.94,16.33,"[""Animation"", ""Comedy""]",16,0.651,0.417
USR-1912,,,"[""Thriller"", ""Action"", ""Adventure""]",28,0.742,0.374
USR-10142,5.89,34.8,"[""Drama""]",5,0.466,0.686
USR-8497,30.71,44.99,"[""Mystery"", ""Crime"", ""Adventure"", ""Documentary"", ""Romance""]",17,0.877,0.317
USR-8895,31.66,48.77,"[""Documentary"", ""Mystery"", ""Adventure""]",26,0.696,0.559
USR-9523,1.18,35.91,"[""Drama""]",6,0.305,0.514
USR-7691,26.18,59.58,"[""Adventure"", ""Romance"", ""Drama""]",26,0.889,0.272
USR-7084,23.07,47.59,"[""Documentary"", ""Adventure"", ""Romance"", ""Sci-Fi""]",19,0.852,0.245
USR-2424,34.09,113.12,"[""Thriller"", ""Sci-Fi""]",18,0.817,0.275
USR-10906,5.58,27.66,"[""Comedy""]",4,0.258,0.515
USR-1480,44.08,106.49,"[""Sci-Fi"", ""Thriller"", ""Action""]",16,0.916,0.425
USR-1663,25.77,92.77,"[""Thriller"", ""Action""]",20,0.892,0.403
USR-5581,9.6,23.81,"[""Comedy"", ""Animation"", ""Romance""]",19,0.777,0.172
USR-10077,2.68,24.61,"[""Family""]",6,0.461,0.504
USR-9226,25.66,35.87,"[""Mystery"", ""Crime"", ""Sci-Fi"", ""Adventure""]",24,0.979,0.36
USR-3989,27.18,67.04,"[""Thriller"", ""Action"", ""Sci-Fi"", ""Adventure""]",33,0.947,0.42
USR-2120,31.04,89.54,"[""Thriller"", ""Action"", ""Adventure""]",24,0.936,0.378
USR-3777,50.28,91.07,"[""Action"", ""Thriller"", ""Sci-Fi""]",12,0.874,0.603
USR-7352,33.17,64.7,"[""Adventure"", ""Mystery"", ""Drama""]",22,0.893,0.384
USR-6119,12.29,28.55,"[""Animation""]",10,0.587,0.4
USR-7805,33.01,72.04,"[""Documentary"", ""Crime"", ""Drama"", ""Romance"", ""Adventure""]",23,0.788,0.458
USR-6226,8.02,26.32,"[""Comedy"", ""Animation""]",23,0.669,0.228
USR-5428,8.85,33.54,"[""Comedy"", ""Animation""]",20,0.758,0.227
USR-8601,29.03,44.46,"[""Crime"", ""Mystery"", ""Documentary""]",26,0.682,0.15
USR-4982,7.57,23.06,"[""Animation"", ""Comedy""]",27,0.534,0.307
USR-7503,28.43,64.95,"[""Documentary"", ""Drama"", ""Crime"", ""Romance""]",26,0.805,0.519
USR-3894,37.83,123.35,"[""Sci-Fi"", ""Thriller""]",24,0.709,0.319
USR-3670,37.1,90.48,"[""Action"", ""Sci-Fi""]",16,0.901,0.382
USR-4978,,22.1,"[""Animation""]",8,0.689,0.376
USR-9591,5.21,33.26,"[""Comedy"", ""Family""]",8,0.312,0.838
USR-1280,30.89,88.23,"[""Action"", ""Thriller"", ""Crime""]",34,0.781,0.348
USR-7888,26.64,51.82,"[""Romance"", ""Sci-Fi"", ""Mystery"", ""Crime"", ""Documentary""]",31,0.924,0.405
USR-7248,33.59,48.83,"[""Drama"", ""Crime"", ""Adventure"", ""Sci-Fi""]",32,0.815,0.449
USR-8182,30.18,74.7,"[""Sci-Fi"", ""Mystery"", ""Documentary""]",26,0.835,0.525
USR-2695,22.49,76.25,"[""Sci-Fi"", ""Action""]",32,0.938,0.407
USR-10006,2.14,38.43,"[""Comedy""]",7,0.403,0.711
USR-4480,11.91,23.07,"[""Animation"", ""Comedy""]",9,0.799,0.368
USR-5417,12.24,,"[""Animation"", ""Comedy""]",16,0.541,0.238
USR-8763,20.59,53.19,"[""Adventure"", ""Drama"", ""Mystery"", ""Crime""]",37,0.98,0.366
USR-8906,18.09,60.81,"[""Documentary"", ""Drama"", ""Sci-Fi""]",21,0.578,0.386
USR-10382,5.29,33.87,"[""Comedy"", ""Family""]",2,0.409,0.615
USR-9712,2.63,21.42,"[""Family""]",4,0.61,0.611
USR-8956,28.78,65.4,"[""Drama"", ""Mystery"", ""Romance"", ""Sci-Fi"", ""Adventure""]",24,0.695,0.355
USR-5297,8.92,23.82,"[""Comedy"", ""Animation""]",19,0.804,0.574
USR-5701,5.29,20.28,"[""Animation"", ""Comedy""]",21,0.596,0.178
USR-7217,,67.92,"[""Crime"", ""Romance"", ""Sci-Fi"", ""Mystery"", ""Documentary""]",27,0.733,0.402
USR-3210,33.29,96.6,"[""Action"", ""Sci-Fi""]",19,0.812,0.224
USR-8776,30.62,74.15,"[""Adventure"", ""Drama"", ""Documentary"", ""Mystery""]",24,0.704,0.201
USR-9545,4.22,21.44,"[""Comedy""]",3,0.428,0.692
USR-1185,,96.19,"[""Thriller"", ""Sci-Fi""]",32,0.975,0.423
USR-10508,3.37,57.42,"[""Family"", ""Drama""]",5,0.378,0.616
USR-5958,5.59,18.41,"[""Animation"", ""Comedy""]",21,0.737,0.409
USR-5517,5.18,23.33,"[""Animation"", ""Comedy"", ""Romance""]",17,0.62,0.474
USR-3351,49.46,107.53,"[""Thriller"", ""Sci-Fi"", ""Experimental Indie Noir""]",21,0.893,0.371
USR-1554,33.47,107.98,"[""Thriller"", ""Action""]",22,0.849,0.4
USR-2398,41.36,86.58,"[""Action"", ""Sci-Fi""]",29,0.795,0.279
USR-2385,35.45,88.84,"[""Sci-Fi"", ""Thriller""]",27,0.787,0.512
USR-5853,10.77,12.99,"[""Comedy"", ""Animation"", ""Romance""]",16,0.627,0.438
USR-8744,26.61,49.96,"[""Crime"", ""Romance"", ""Documentary"", ""Mystery""]",24,0.769,0.599
USR-1298,36.58,119.67,"[""Thriller"", ""Action""]",15,0.979,0.43
USR-1444,32.86,66.89,"[""Action"", ""Sci-Fi"", ""Thriller""]",16,0.793,0.615
USR-8507,30.3,70.7,"[""Sci-Fi"", ""Documentary"", ""Mystery"", ""Crime"", ""Adventure""]",25,0.83,0.406
USR-3078,45.83,90.42,"[""Sci-Fi"", ""Action""]",11,0.912,0.51
USR-8991,25.39,43.45,"[""Romance"", ""Adventure"", ""Crime""]",22,0.73,0.559
USR-3230,47.88,94.88,"[""Sci-Fi"", ""Thriller"", ""Action""]",32,0.897,0.32
USR-3843,38.77,65.15,"[""Thriller"", ""Action"", ""Sci-Fi"", ""Adventure""]",20,0.865,0.41
USR-3538,40.23,119.37,"[""Thriller"", ""Action"", ""Sci-Fi"", ""Adventure""]",17,0.843,0.508
USR-7406,36.14,65.85,"[""Sci-Fi"", ""Mystery"", ""Crime"", ""Adventure"", ""Documentary""]",24,0.693,0.49
USR-9395,4.69,28.09,"[""Drama""]",5,0.425,1.0
USR-7596,22.22,52.56,"[""Romance"", ""Adventure"", ""Documentary"", ""Crime""]",32,0.842,0.21
USR-4368,11.72,30.08,"[""Comedy"", ""Animation""]",23,0.546,0.395
USR-7424,20.54,53.1,"[""Adventure"", ""Crime"", ""Documentary"", ""Drama"", ""Sci-Fi""]",15,0.691,0.519
USR-3579,30.8,112.05,"[""Sci-Fi"", ""Thriller""]",28,0.622,0.269
USR-2132,50.73,88.69,"[""Thriller"", ""Sci-Fi"", ""Adventure""]",8,0.881,0.347
USR-5930,8.0,28.74,"[""Comedy""]",17,0.663,0.46
USR-1321,37.0,77.9,"[""Sci-Fi"", ""Thriller""]",17,0.891,0.48
USR-2372,39.77,82.68,"[""Action"", ""Sci-Fi""]",23,0.991,0.404
USR-5043,11.47,30.96,"[""Comedy"", ""Animation""]",19,0.719,0.157
USR-5711,10.97,16.38,"[""Comedy"", ""Animation""]",17,0.65,0.423
USR-6283,4.99,19.67,"[""Comedy""]",19,0.631,0.45
USR-1908,29.18,104.41,"[""Sci-Fi"", ""Action"", ""Thriller""]",15,0.815,0.422
USR-7101,30.06,70.4,"[""Romance"", ""Mystery"", ""Documentary"", ""Crime"", ""Sci-Fi""]",27,0.716,0.52
USR-4951,10.05,18.51,"[""Animation""]",31,0.566,0.138
USR-5823,8.43,29.92,"[""Comedy"", ""Animation""]",31,0.635,0.287
USR-9980,4.0,36.37,"[""Comedy""]",6,0.323,0.714
USR-7851,15.03,65.69,"[""Drama"", ""Sci-Fi"", ""Mystery"", ""Crime"", ""Adventure""]",26,0.817,0.563
USR-6093,9.69,25.06,"[""Animation"", ""Comedy""]",20,0.782,0.545
USR-9357,3.35983764783155,38.58,"[""Drama"", ""Family""]",8,0.41,0.708
USR-9498,3.33,40.26,"[""Drama"", ""Comedy""]",6,0.269,0.847
USR-1927,37.18,78.71,"[""Thriller"", ""Sci-Fi"", ""Action""]",28,0.81,0.478
USR-10298,2.24,37.73,"[""Family""]",5,0.358,0.598
USR-1016,34.15,91.74,"[""Sci-Fi"", ""Thriller""]",14,0.764,0.321
USR-1144,46.05,85.45,"[""Action"", ""Thriller"", ""Adventure""]",27,0.846,0.468
USR-3364,45.35,92.12,"[""Action"", ""Thriller"", ""Sci-Fi""]",20,0.739,0.534
USR-1130,41.36,89.74,"[""Sci-Fi"", ""Thriller"", ""Adventure""]",16,0.736,0.481
USR-2162,37.42,53.31,"[""Sci-Fi"", ""Thriller"", ""Action""]",34,0.752,0.391
USR-9128,24.25,61.33,"[""Sci-Fi"", ""Documentary"", ""Drama""]",29,0.718,0.562
USR-8408,30.96,57.16,"[""Adventure"", ""Drama"", ""Documentary""]",19,0.835,0.487
USR-5774,12.08,25.15,"[""Animation"", ""Comedy""]",25,0.708,0.26
USR-6157,7.59,19.9,"[""Animation"", ""Comedy""]",21,0.584,0.381
USR-6999,26.28,41.45,"[""Mystery"", ""Crime"", ""Adventure"", ""Sci-Fi"", ""Drama""]",26,0.752,0.307
USR-2877,25.95,85.16,"[""Thriller"", ""Sci-Fi"", ""Action""]",26,0.977,0.401
USR-3489,40.65,57.99,"[""Thriller"", ""Action"", ""Sci-Fi""]",34,0.853,0.291
USR-5863,10.21,28.89,"[""Animation""]",15,0.628,0.405
USR-10625,4.49,21.04,"[""Family""]",4,0.316,0.898
USR-2183,24.83,77.5,"[""Action"", ""Thriller"", ""Sci-Fi"", ""Adventure""]",30,0.956,0.322
USR-8713,25.99,48.02,"[""Crime"", ""Romance"", ""Mystery"", ""Sci-Fi"", ""Drama""]",40,0.726,0.15
USR-6482,5.47,33.56,"[""Animation"", ""Comedy""]",23,0.615,0.487
USR-2171,33.99,89.46,"[""Action"", ""Thriller"", ""Sci-Fi""]",17,0.887,0.58
USR-3183,36.59,83.4,"[""Thriller"", ""Sci-Fi"", ""Action""]",23,0.918,0.429
USR-4372,4.51,26.5,"[""Animation"", ""Comedy""]",25,0.656,0.599
USR-9208,26.3,37.03,"[""Romance"", ""Mystery"", ""Documentary"", ""Drama""]",17,0.737,0.192
USR-2860,33.5,98.44,"[""Sci-Fi"", ""Action"", ""Thriller""]",26,0.846,0.378
USR-5973,7.81,17.22,"[""Comedy"", ""Animation""]",17,0.649,0.561
USR-8429,31.570487088592188,61.17,"[""Romance"", ""Crime"", ""Adventure""]",26,0.814,0.284
USR-6425,9.22,20.29,"[""Animation"", ""Comedy""]",19,0.565,0.451
USR-7508,22.44,54.44,"[""Mystery"", ""Documentary"", ""Romance""]",33,0.803,0.672
USR-7750,37.01,46.32,"[""Documentary"", ""Romance"", ""Adventure"", ""Mystery""]",17,0.811,0.54
USR-8554,30.29,55.08,"[""Documentary"", ""Sci-Fi"", ""Drama""]",28,0.762,0.477
USR-6754,12.75,31.26,"[""Animation"", ""Comedy""]",30,0.479,0.419
USR-4122,30.18,95.6,"[""Action"", ""Sci-Fi""]",26,0.791,0.475
USR-1388,31.85,96.6,"[""Thriller"", ""Action""]",25,0.844,0.49
USR-8961,22.67,68.54,"[""Drama"", ""Sci-Fi"", ""Romance""]",22,0.726,0.793
USR-2033,44.78,63.65,"[""Action"", ""Thriller""]",30,0.956,0.399
USR-9028,24.58,63.38,"[""Romance"", ""Drama"", ""Documentary"", ""Sci-Fi"", ""Mystery""]",28,0.891,0.344
USR-6545,7.69,22.9,"[""Animation"", ""Comedy""]",15,0.575,0.353
USR-1932,,73.33,"[""Thriller"", ""Sci-Fi""]",23,0.969,0.486
USR-5020,2.2,,"[""Comedy"", ""Animation""]",15,0.717,0.417
USR-1692,38.47,102.64,"[""Action"", ""Sci-Fi""]",22,0.788,0.501
USR-7799,17.99,40.36,"[""Romance"", ""Sci-Fi"", ""Documentary"", ""Adventure""]",28,0.807,0.15
USR-9280,33.14,52.95,"[""Romance"", ""Documentary"", ""Drama"", ""Crime""]",35,0.797,0.476
USR-1830,40.26,77.95,"[""Sci-Fi"", ""Thriller"", ""Action""]",23,0.963,0.497
USR-4499,4.87,29.52,"[""Animation""]",17,0.566,0.447
USR-3082,,89.6,"[""Thriller"", ""Action"", ""Silent Cinema""]",25,0.894,0.431
USR-10005,4.33,26.56,"[""Drama""]",6,0.445,0.869
USR-10538,4.19,28.14,"[""Drama""]",6,0.619,0.755
USR-1045,38.57,82.52,"[""Action"", ""Sci-Fi""]",30,0.838,0.337
USR-4940,9.22,29.5,"[""Animation"", ""Comedy""]",22,0.664,0.28
USR-6382,9.18,28.7,"[""Comedy"", ""Animation""]",21,0.742,0.312
USR-5707,8.77,19.99,"[""Comedy"", ""Romance""]",24,0.65,0.331
USR-5320,7.78,28.47,"[""Animation"", ""Experimental Indie Noir""]",22,0.6,0.247
USR-3966,25.06,83.14,"[""Thriller"", ""Action""]",14,0.986,0.513
USR-4970,6.03,21.88,"[""Animation"", ""Comedy""]",20,0.774,0.21
USR-2188,36.39,101.34,"[""Thriller"", ""Action""]",15,0.821,0.45
USR-1285,40.95,111.78,"[""Thriller"", ""Action"", ""Sci-Fi""]",26,0.82,0.29
USR-10018,2.88,37.22,"[""Drama""]",8,0.446,1.0
USR-5160,8.73,18.02,"[""Animation"", ""Comedy""]",35,0.792,0.284
USR-4093,40.4,98.78,"[""Action"", ""Sci-Fi"", ""Thriller""]",34,0.746,0.454
USR-5557,5.74,,"[""Animation"", ""Comedy""]",20,0.633,0.224
USR-6962,24.27,45.3,"[""Sci-Fi"", ""Documentary"", ""Drama"", ""Adventure""]",32,0.77,0.239
USR-5324,5.68,21.78,"[""Animation""]",21,0.809,0.413
USR-7119,28.98,65.74,"[""Romance"", ""Adventure"", ""Mystery"", ""Sci-Fi"", ""Drama""]",21,0.77,0.264
USR-6448,,28.49,"[""Animation"", ""Comedy""]",19,0.95,0.405
USR-4365,10.84,23.47,"[""Comedy""]",5,0.59,0.281
USR-10199,3.27,32.87,"[""Family"", ""Drama""]",2,0.436,0.887
USR-4196,46.99,80.49,"[""Action"", ""Sci-Fi"", ""Thriller""]",21,0.854,0.34
USR-6255,8.25,31.39,"[""Comedy"", ""Animation""]",14,0.684,0.231
USR-1970,47.54,119.71,"[""Action"", ""Thriller""]",25,0.942,0.469
USR-4735,11.91,13.13,"[""Animation""]",19,0.712,0.229
USR-1926,42.03,85.28,"[""Thriller"", ""Action"", ""Adventure""]",24,0.835,0.615
USR-10594,2.74,31.37,"[""Comedy""]",7,0.277,0.863
USR-7604,22.4,39.34,"[""Sci-Fi"", ""Drama"", ""Documentary""]",30,0.73,0.439
USR-6759,8.54,24.91,"[""Animation"", ""Comedy""]",24,0.639,0.422
USR-3852,39.92,79.15,"[""Action"", ""Thriller""]",32,0.802,0.344
USR-6329,6.36,25.05,"[""Animation"", ""Comedy""]",23,0.681,0.449
USR-9355,4.51,38.21,"[""Family""]",6,0.339,0.664
USR-10905,2.75,10.68,"[""Family"", ""Drama""]",3,0.445,0.705
USR-8986,23.27,48.14,"[""Drama"", ""Sci-Fi"", ""Mystery"", ""Documentary"", ""Adventure""]",28,0.676,0.379
USR-5472,5.98,28.64,"[""Comedy"", ""Romance""]",21,0.571,0.391
USR-6267,4.79,24.19,"[""Comedy""]",22,0.805,0.264
USR-5349,11.19,20.51,"[""Comedy"", ""Animation""]",16,0.648,0.343
USR-9079,15.8,53.07,"[""Drama"", ""Sci-Fi"", ""Romance"", ""Crime""]",24,0.847,0.364
USR-4627,10.08,20.95,"[""Comedy""]",14,0.632,0.454
USR-2790,47.07,93.28,"[""Action"", ""Thriller"", ""Sci-Fi""]",28,0.775,0.27
USR-9382,4.05,21.09,"[""Comedy"", ""Drama""]",5,0.337,0.767
USR-3060,37.93,121.94,"[""Action"", ""Thriller""]",24,1.0,0.385
USR-6734,8.5,21.75,"[""Animation"", ""Comedy""]",15,0.494,0.467
USR-5014,9.13,19.0,"[""Comedy""]",21,0.79,0.319
USR-2903,45.26,90.23,"[""Thriller"", ""Sci-Fi"", ""Action"", ""Adventure""]",29,0.705,0.459
USR-5687,10.95,16.35,"[""Comedy"", ""Animation""]",24,0.656,0.54
USR-6704,13.79,33.51,"[""Animation""]",26,0.713,0.316
USR-8083,27.09,53.09,"[""Crime"", ""Adventure"", ""Sci-Fi""]",39,0.93,0.575
USR-1076,42.78,102.39,"[""Action"", ""Thriller"", ""Sci-Fi""]",26,0.916,0.249
USR-3346,35.44,94.71,"[""Sci-Fi"", ""Action"", ""Thriller"", ""Crime""]",25,0.95,0.451
USR-6813,9.41,19.69,"[""Comedy"", ""Animation""]",24,0.916,0.365
USR-1431,32.3,96.02,"[""Thriller"", ""Action""]",34,0.797,0.382
USR-5587,5.37,19.45,"[""Animation"", ""Romance""]",28,0.606,0.503
USR-7276,31.33,47.05,"[""Mystery"", ""Sci-Fi"", ""Adventure"", ""Drama"", ""Romance""]",25,0.832,0.492
USR-9698,3.62,26.51,"[""Family""]",4,0.508,0.623
USR-9261,28.93,64.8,"[""Crime"", ""Mystery"", ""Drama"", ""Adventure""]",19,0.942,0.378
USR-10764,5.58,29.76,"[""Family"", ""Drama""]",5,0.32,0.65
USR-2554,49.48,105.11,"[""Action"", ""Thriller"", ""Sci-Fi""]",23,0.788,0.409
USR-1241,39.45,80.54,"[""Sci-Fi"", ""Action"", ""Thriller""]",30,0.859,0.253
USR-1784,41.52,84.52,"[""Sci-Fi"", ""Thriller""]",20,0.888,0.288
USR-4067,25.88,80.0,"[""Action"", ""Thriller""]",31,0.905,0.462
USR-1978,42.98,92.94,"[""Sci-Fi"", ""Thriller"", ""Action""]",30,0.822,0.324
USR-3942,44.46,77.35,"[""Thriller"", ""Action"", ""Adventure""]",27,0.776,0.352
USR-6504,9.35,24.95,"[""Comedy"", ""Animation""]",23,0.744,0.203
USR-5839,7.47,19.12,"[""Animation"", ""Romance""]",27,0.634,0.331
USR-2621,36.36,112.3,"[""Action"", ""Sci-Fi"", ""Thriller"", ""Avant-Garde Doc""]",21,0.801,0.436
USR-3147,32.87,86.57,"[""Thriller"", ""Action""]",19,0.742,0.334
USR-2802,30.09,79.34,"[""Thriller"", ""Sci-Fi"", ""Action""]",24,0.857,0.21
USR-3096,51.1,82.25,"[""Action"", ""Sci-Fi"", ""Thriller""]",36,0.975,0.467
USR-7265,24.91,64.89,"[""Drama"", ""Adventure"", ""Crime"", ""Documentary""]",28,0.745,0.587
USR-6370,1.0,36.23,"[""Comedy"", ""Animation""]",28,0.654,0.371
USR-2358,44.32,80.66,"[""Thriller"", ""Sci-Fi"", ""Action""]",28,0.777,0.423
USR-9521,5.82,33.79,"[""Comedy""]",6,0.462,0.622
USR-7322,25.93,41.92,"[""Mystery"", ""Drama"", ""Adventure"", ""Crime""]",37,0.864,0.54
USR-9457,,35.22,"[""Comedy""]",8,0.353,0.719
USR-5897,6.34,30.82,"[""Comedy"", ""Animation""]",21,0.823,0.284
USR-7161,22.03,63.86,"[""Adventure"", ""Romance"", ""Crime""]",20,0.861,0.419
USR-7760,31.406720069150893,73.17,"[""Romance"", ""Sci-Fi"", ""Crime"", ""Mystery"", ""Documentary""]",25,0.741,0.338
USR-9862,2.87,38.91,"[""Comedy""]",5,0.271,0.642
USR-8390,25.18,55.68,"[""Romance"", ""Crime"", ""Drama""]",27,0.733,0.752
USR-2610,29.65,93.49,"[""Sci-Fi"", ""Action"", ""Thriller"", ""Adventure""]",29,0.797,0.437
USR-4097,32.46,97.54,"[""Sci-Fi"", ""Action"", ""Adventure""]",17,0.948,0.42
USR-6665,7.75,22.33,"[""Animation""]",22,0.745,0.286
USR-3416,26.26,,"[""Sci-Fi"", ""Thriller"", ""Action""]",10,0.839,0.428
USR-3018,46.57,80.93,"[""Action"", ""Sci-Fi"", ""Thriller""]",25,0.811,0.395
USR-7162,27.39,52.5,"[""Sci-Fi"", ""Documentary"", ""Mystery"", ""Adventure""]",32,0.898,0.549
USR-5126,12.84,19.97,"[""Animation"", ""Comedy""]",16,0.735,0.422
USR-10901,4.17,28.43,"[""Comedy""]",6,0.36,0.868
USR-4247,10.59,21.59,"[""Animation"", ""Comedy""]",14,0.583,0.238
USR-1125,33.81,97.28,"[""Sci-Fi"", ""Thriller""]",34,0.845,0.364
USR-7577,16.09,61.17,"[""Mystery"", ""Crime"", ""Documentary""]",30,0.753,0.778
USR-10762,2.61,21.9,"[""Family"", ""Comedy""]",4,0.204,0.753
USR-8633,22.47,78.17,"[""Documentary"", ""Romance"", ""Sci-Fi"", ""Mystery""]",36,0.776,0.558
USR-10253,3.76,38.9,"[""Family""]",5,0.418,0.737
USR-4342,7.16,29.15,"[""Animation""]",11,0.813,0.576
USR-1599,37.81,109.86,"[""Sci-Fi"", ""Action"", ""Thriller"", ""Slow TV""]",15,0.827,0.398
USR-3124,37.21,78.14,"[""Thriller"", ""Action"", ""Sci-Fi""]",23,0.915,0.39
USR-8262,21.91,56.96,"[""Sci-Fi"", ""Adventure"", ""Documentary"", ""Drama""]",28,0.681,0.353
USR-9027,22.96,64.1,"[""Romance"", ""Mystery"", ""Sci-Fi"", ""Documentary"", ""Crime""]",34,0.728,0.304
USR-8212,15.87,56.2,"[""Crime"", ""Documentary"", ""Sci-Fi""]",29,0.881,0.537
USR-10760,1.24,22.69,"[""Comedy"", ""Drama""]",5,0.234,0.809
USR-3198,46.32,109.9,"[""Thriller"", ""Action"", ""Sci-Fi""]",17,1.0,0.389
USR-5052,11.34,21.67,"[""Comedy"", ""Animation""]",24,0.685,0.326
USR-10853,0.1,,"[""Comedy"", ""Drama""]",7,0.506,0.88
USR-4363,10.78,32.11,"[""Animation"", ""Comedy""]",22,0.567,0.417
USR-9723,6.0,45.94,"[""Family""]",9,0.287,0.736
USR-1726,48.5,,"[""Sci-Fi"", ""Action""]",23,0.849,0.579
USR-6710,8.83,28.97,"[""Animation"", ""Comedy""]",25,0.758,0.42
USR-1979,52.86,85.78,"[""Action"", ""Thriller"", ""Sci-Fi""]",32,0.862,0.457
USR-1809,39.32,106.46,"[""Sci-Fi"", ""Action"", ""Thriller""]",35,0.86,0.302
USR-6184,4.58,22.4,"[""Comedy"", ""Animation""]",11,0.659,0.483
USR-2476,50.2,87.81,"[""Action"", ""Thriller""]",19,0.813,0.353
USR-7073,23.11,45.96,"[""Drama"", ""Documentary"", ""Sci-Fi"", ""Adventure""]",25,0.843,0.411
USR-10131,3.52,54.16,"[""Family""]",5,0.563,0.904
USR-8504,23.36,69.67,"[""Romance"", ""Documentary"", ""Drama""]",23,0.79,0.629
USR-4963,12.0,25.31,"[""Comedy""]",23,0.635,0.447
USR-9659,4.6,29.48,"[""Drama"", ""Comedy""]",3,0.26,0.662
USR-6020,8.85,26.07,"[""Comedy""]",22,0.654,0.318
USR-2236,56.99,106.49,"[""Sci-Fi"", ""Thriller"", ""Action""]",20,0.99,0.223
USR-2226,25.19,96.94,"[""Action"", ""Thriller""]",20,0.744,0.379
USR-9145,28.75,72.95,"[""Romance"", ""Documentary"", ""Crime""]",25,0.69,0.397
USR-7500,28.53,64.29,"[""Sci-Fi"", ""Documentary"", ""Romance"", ""Crime"", ""Mystery""]",31,0.828,0.627
USR-9626,1.59,47.42,"[""Family"", ""Comedy""]",5,0.33,0.827
USR-6207,5.37,17.41,"[""Comedy""]",13,0.818,0.306
USR-9810,4.55,31.52,"[""Comedy"", ""Drama""]",5,0.143,0.825
USR-4218,4.6,17.78,"[""Animation"", ""Romance""]",21,0.719,0.242
USR-1288,32.11,101.17,"[""Action"", ""Thriller""]",26,0.873,0.577
USR-6139,9.5,26.95,"[""Animation""]",25,0.74,0.334
USR-3967,36.12,94.17,"[""Thriller"", ""Sci-Fi""]",9,0.754,0.409
USR-4165,28.94,97.89,"[""Sci-Fi"", ""Thriller"", ""Crime""]",24,0.928,0.387
USR-7144,33.86,59.3,"[""Documentary"", ""Crime"", ""Adventure"", ""Romance""]",13,0.813,0.15
USR-9981,2.69,44.84,"[""Comedy"", ""Drama""]",5,0.341,0.741
USR-2658,30.44,92.0,"[""Action"", ""Sci-Fi"", ""Adventure""]",21,0.872,0.529
USR-2976,32.7,89.87,"[""Thriller"", ""Action"", ""Sci-Fi""]",19,0.83,0.365
USR-3398,34.83,121.61,"[""Sci-Fi"", ""Action""]",28,0.745,0.323
USR-1453,27.7,88.23,"[""Thriller"", ""Sci-Fi""]",25,0.711,0.414
USR-3711,26.24,98.72,"[""Action"", ""Thriller""]",29,0.869,0.577
USR-8604,40.29,45.43,"[""Romance"", ""Crime"", ""Sci-Fi""]",19,0.664,0.401
USR-4682,8.48,17.06,"[""Comedy""]",20,0.576,0.458
USR-1423,44.96,99.6,"[""Action"", ""Thriller""]",33,0.874,0.486
USR-7193,22.46,91.29,"[""Documentary"", ""Adventure"", ""Sci-Fi"", ""Crime""]",19,0.576,0.515
USR-1658,39.41,76.32,"[""Sci-Fi"", ""Thriller""]",23,0.857,0.325
USR-4302,8.95,24.66,"[""Animation"", ""Comedy""]",21,0.734,0.447
USR-8970,38.48,51.29,"[""Crime"", ""Documentary"", ""Romance"", ""Drama"", ""Sci-Fi""]",31,0.68,0.585
USR-3846,48.96,82.14,"[""Thriller"", ""Action""]",31,0.836,0.378
USR-7425,19.76,74.8,"[""Documentary"", ""Adventure"", ""Romance"", ""Crime""]",29,0.848,0.579
USR-10179,0.5,32.32,"[""Drama""]",4,0.315,0.848
USR-2002,37.18,77.1,"[""Action"", ""Thriller""]",33,0.787,0.469
USR-5199,8.28,23.14,"[""Comedy""]",14,0.587,0.176
USR-3419,37.06,87.6,"[""Sci-Fi"", ""Thriller"", ""Action""]",16,0.802,0.413
USR-10581,2.4,22.07,"[""Comedy""]",5,0.183,0.775
USR-10749,3.39,38.65,"[""Drama"", ""Comedy""]",6,0.244,0.681
USR-4848,10.24,,"[""Comedy""]",17,0.728,0.407
USR-1962,45.78,127.35,"[""Action"", ""Sci-Fi"", ""Adventure""]",16,0.845,0.542
USR-2581,40.57,82.94,"[""Thriller"", ""Sci-Fi"", ""Action""]",25,0.732,0.308
USR-10322,1.15,51.06,"[""Family"", ""Drama""]",6,0.347,0.508
USR-3207,28.65,75.23,"[""Sci-Fi"", ""Action"", ""Adventure""]",32,0.844,0.547
USR-7461,33.62,50.76,"[""Documentary"", ""Romance"", ""Drama""]",33,0.887,0.364
USR-7015,23.08,40.78,"[""Mystery"", ""Sci-Fi"", ""Adventure"", ""Drama"", ""Crime""]",33,0.756,0.428
USR-5232,5.55,21.66,"[""Comedy""]",19,0.703,0.313
USR-1758,41.8,92.9,"[""Thriller"", ""Action""]",23,0.922,0.474
USR-3285,37.46,79.07,"[""Action"", ""Thriller""]",26,0.806,0.431
USR-7819,31.51,65.08,"[""Sci-Fi"", ""Crime"", ""Adventure"", ""Mystery""]",26,0.728,0.583
USR-5865,8.3,19.22,"[""Comedy"", ""Animation"", ""Romance""]",18,0.595,0.376
USR-6169,10.96,21.93,"[""Animation""]",26,0.563,0.274
USR-1808,33.48,101.85,"[""Sci-Fi"", ""Thriller""]",24,0.982,0.674
USR-7067,19.92,49.34,"[""Adventure"", ""Crime"", ""Mystery""]",25,0.934,0.688
USR-3612,28.942017944734133,97.72,"[""Sci-Fi"", ""Thriller"", ""Action""]",22,0.854,0.203
USR-2957,39.67,102.43,"[""Sci-Fi"", ""Action""]",35,0.817,0.455
USR-3446,39.48,90.0,"[""Thriller"", ""Action""]",25,0.881,0.38
USR-8443,33.93,48.09,"[""Mystery"", ""Romance"", ""Sci-Fi"", ""Crime"", ""Drama""]",41,0.709,0.352
USR-9266,25.79,57.16,"[""Romance"", ""Sci-Fi"", ""Adventure"", ""Crime"", ""Drama""]",34,0.684,0.386
USR-10251,4.54,18.33,"[""Comedy""]",3,0.292,0.805
USR-3403,34.3,102.59,"[""Sci-Fi"", ""Action""]",22,0.873,0.473
USR-2074,24.65,97.26,"[""Action"", ""Sci-Fi"", ""Thriller""]",21,0.834,0.469
USR-7712,30.29,58.2,"[""Mystery"", ""Documentary"", ""Sci-Fi"", ""Romance"", ""Crime""]",30,0.893,0.611
USR-5241,5.35,24.57,"[""Comedy""]",21,0.71,0.419
USR-9601,4.2,48.8,"[""Drama"", ""Family""]",6,0.391,0.559
USR-3092,33.5,81.27,"[""Action"", ""Thriller"", ""Sci-Fi""]",18,0.758,0.3
USR-5528,11.87,22.5,"[""Animation"", ""Comedy"", ""Romance""]",12,0.686,0.333
USR-9984,4.58,29.24,"[""Family""]",6,0.451,0.67
USR-7953,24.83,66.39,"[""Documentary"", ""Adventure"", ""Drama"", ""Sci-Fi"", ""Crime""]",29,0.846,0.564
USR-8404,21.77,70.46,"[""Drama"", ""Romance"", ""Sci-Fi"", ""Documentary"", ""Adventure""]",23,0.851,0.489
USR-8592,29.39,54.07,"[""Romance"", ""Sci-Fi"", ""Crime""]",32,0.739,0.436
USR-5833,5.85,27.16,"[""Animation"", ""Comedy""]",19,0.754,0.335
USR-7995,27.11,73.65,"[""Romance"", ""Sci-Fi"", ""Documentary""]",17,0.745,0.709
USR-2004,,102.34,"[""Sci-Fi"", ""Thriller"", ""Action"", ""Crime""]",19,0.787,0.467
USR-10195,3.05,51.01,"[""Drama""]",3,0.543,0.68
USR-8144,33.5,64.61,"[""Drama"", ""Documentary"", ""Adventure"", ""Crime"", ""Mystery""]",27,0.698,0.596
USR-8935,16.47,71.36,"[""Mystery"", ""Adventure"", ""Documentary""]",29,0.764,0.327
USR-5652,4.45,24.13,"[""Comedy""]",22,0.541,0.482
USR-6439,10.77,29.91,"[""Animation"", ""Comedy""]",22,0.477,0.243
USR-2486,24.57,98.51,"[""Thriller"", ""Action"", ""Sci-Fi""]",33,0.868,0.397
USR-10900,1.4,35.89,"[""Family""]",6,0.471,0.589
USR-2412,37.79,80.97,"[""Thriller"", ""Action""]",26,1.0,0.454
USR-7859,31.77,56.53,"[""Romance"", ""Adventure"", ""Documentary""]",37,0.678,0.439
USR-1710,43.78,,"[""Thriller"", ""Sci-Fi""]",27,0.766,0.446
USR-6934,32.91,55.89,"[""Romance"", ""Mystery"", ""Adventure"", ""Drama"", ""Documentary""]",21,0.822,0.602
USR-4604,12.04,35.0,"[""Comedy"", ""Animation"", ""Romance""]",21,0.344,0.322
USR-8378,32.91,51.83,"[""Adventure"", ""Documentary"", ""Crime"", ""Drama""]",20,0.8,0.266
USR-4077,41.3,101.47,"[""Sci-Fi"", ""Thriller"", ""Action""]",23,0.733,0.424
USR-7044,29.46,50.48,"[""Mystery"", ""Drama"", ""Romance"", ""Crime"", ""Sci-Fi""]",27,0.736,0.441
USR-5102,8.12,24.3,"[""Comedy"", ""Animation""]",28,0.634,0.249
USR-6232,8.7,22.67,"[""Animation"", ""Comedy""]",13,0.564,0.355
USR-3723,36.96,79.23,"[""Sci-Fi"", ""Thriller"", ""Adventure""]",24,0.869,0.46
USR-10455,4.22,40.7,"[""Family"", ""Drama""]",5,0.337,0.73
USR-2269,35.22,101.79,"[""Thriller"", ""Action""]",22,0.876,0.443
USR-3463,49.9,78.45,"[""Thriller"", ""Sci-Fi""]",18,0.777,0.455
USR-8613,34.05,56.27,"[""Adventure"", ""Documentary"", ""Crime""]",19,0.693,0.585
USR-1269,41.57,99.08,"[""Thriller"", ""Action""]",31,1.0,0.459
USR-4581,3.08,27.74,"[""Animation"", ""Comedy""]",21,0.674,0.372
USR-5751,8.25,25.87,"[""Comedy"", ""Animation""]",21,0.598,0.216
USR-9975,1.41,28.87,"[""Drama""]",6,0.348,0.683
USR-7632,24.41,54.71,"[""Romance"", ""Drama"", ""Documentary""]",28,0.818,0.416
USR-8068,24.59,46.25,"[""Adventure"", ""Romance"", ""Documentary"", ""Crime""]",27,0.871,0.641
USR-7756,20.33,62.65,"[""Mystery"", ""Romance"", ""Drama"", ""Crime""]",24,0.844,0.617
USR-3822,30.21,100.64,"[""Sci-Fi"", ""Thriller""]",31,0.693,0.367
USR-6564,11.28,26.34,"[""Comedy"", ""Animation""]",27,0.687,0.416
USR-1590,37.42,108.43,"[""Sci-Fi"", ""Action""]",23,0.823,0.47
USR-8458,28.07,51.02,"[""Crime"", ""Sci-Fi"", ""Romance"", ""Drama""]",35,0.736,0.216
USR-6379,8.54,22.38,"[""Comedy"", ""Animation""]",24,0.773,0.443
USR-8243,29.9,51.93,"[""Romance"", ""Sci-Fi"", ""Mystery"", ""Adventure""]",31,0.704,0.493
USR-9803,3.17,22.17,"[""Comedy""]",2,0.238,0.579
USR-9872,2.7,26.46,"[""Comedy"", ""Drama""]",5,0.315,0.723
USR-6590,6.58,23.27,"[""Comedy"", ""Animation""]",22,0.587,0.338
USR-8365,33.3,61.08,"[""Romance"", ""Crime"", ""Adventure"", ""Mystery"", ""Documentary""]",26,0.902,0.32
USR-3029,30.24,95.94,"[""Action"", ""Thriller""]",20,0.743,0.411
USR-7977,24.46,48.53,"[""Drama"", ""Crime"", ""Mystery""]",23,0.804,0.629
USR-1678,43.39,109.52,"[""Thriller"", ""Action"", ""Sci-Fi""]",29,0.908,0.642
USR-6897,12.75,22.76,"[""Animation"", ""Comedy""]",20,0.757,0.434
USR-2233,45.46,105.12,"[""Thriller"", ""Sci-Fi""]",29,0.88,0.442
USR-6422,2.7,14.85,"[""Animation"", ""Comedy""]",15,0.645,0.408
USR-8270,35.85,53.95,"[""Crime"", ""Adventure"", ""Mystery""]",29,0.817,0.392
USR-10525,1.31,49.39,"[""Drama"", ""Family""]",6,0.313,0.618
USR-5857,10.5,27.01,"[""Comedy"", ""Animation""]",16,0.62,0.268
USR-1095,35.549594998179096,95.6,"[""Sci-Fi"", ""Thriller""]",26,0.853,0.287
USR-3433,30.51,94.99,,28,0.846,0.526
USR-9875,3.58,23.78,"[""Family"", ""Comedy""]",4,0.163,0.765
USR-9482,3.12,29.26,"[""Comedy"", ""Drama""]",4,0.491,0.48
USR-7179,30.86,62.36,"[""Mystery"", ""Documentary"", ""Drama""]",21,0.714,0.347
USR-7384,27.62,48.06,"[""Drama"", ""Documentary"", ""Mystery"", ""Romance""]",22,0.778,0.747
USR-1897,44.81,98.25,"[""Thriller"", ""Sci-Fi""]",24,0.849,0.444
USR-2612,38.6,64.95,"[""Action"", ""Sci-Fi""]",23,0.691,0.333
USR-7890,16.32,62.3,"[""Mystery"", ""Drama"", ""Adventure"", ""Crime"", ""Documentary""]",30,0.776,0.556
USR-6643,6.26,19.89,"[""Animation"", ""Comedy""]",28,0.7,0.378
USR-9238,32.95,74.09,"[""Romance"", ""Mystery"", ""Adventure"", ""Drama""]",42,0.792,0.556
USR-4807,6.32,20.49,"[""Comedy"", ""Animation""]",27,0.513,0.36
USR-7164,32.02,52.67,"[""Adventure"", ""Drama"", ""Crime""]",23,0.779,0.661
USR-9172,27.07,44.35,"[""Sci-Fi"", ""Drama"", ""Mystery"", ""Documentary"", ""Romance""]",9,0.712,0.561
USR-5702,7.59,21.84,"[""Comedy"", ""Animation""]",19,0.573,0.415
USR-4962,8.04,27.61,"[""Comedy"", ""Animation""]",11,0.664,0.326
USR-8131,20.91,71.17,"[""Crime"", ""Documentary"", ""Adventure""]",23,0.914,0.52
USR-1891,36.36,80.7,"[""Sci-Fi"", ""Thriller""]",34,0.703,0.389
USR-6115,4.49,,"[""Animation"", ""Comedy"", ""Romance""]",33,0.829,0.399
USR-8677,17.63,60.29,"[""Mystery"", ""Romance"", ""Adventure""]",28,0.757,0.595
USR-8029,19.2,56.64,"[""Documentary"", ""Drama"", ""Sci-Fi"", ""Adventure""]",40,0.724,0.444
USR-9759,5.77,24.41,"[""Drama""]",6,0.455,0.627
USR-8093,31.87,67.61,"[""Romance"", ""Sci-Fi"", ""Crime""]",22,0.843,0.625
USR-8429,30.76,,"[""Romance"", ""Crime"", ""Adventure""]",26,0.814,0.284
USR-3800,37.23,113.12,"[""Action"", ""Thriller"", ""Sci-Fi"", ""Adventure""]",16,0.965,0.472
USR-1585,34.53,72.51,"[""Thriller"", ""Action""]",26,0.801,0.424
USR-4269,9.0,15.22,"[""Comedy""]",24,0.724,0.288
USR-4933,4.65,23.72,"[""Comedy"", ""Animation""]",27,0.683,0.572
USR-2261,50.9,87.03,"[""Action"", ""Thriller""]",23,0.784,0.37
USR-7077,25.12,64.44,"[""Mystery"", ""Documentary"", ""Sci-Fi"", ""Drama""]",29,0.89,0.561
USR-1311,41.75,92.7,"[""Sci-Fi"", ""Action""]",25,0.797,0.49
USR-8965,22.35,51.48,"[""Romance"", ""Drama"", ""Documentary"", ""Crime"", ""Adventure""]",20,0.671,0.419
USR-6061,,25.58,"[""Animation""]",25,0.404,0.288
USR-8392,26.1,47.16,"[""Drama"", ""Documentary"", ""Sci-Fi"", ""Adventure"", ""Crime""]",19,0.779,0.492
USR-7019,13.16,65.33,"[""Mystery"", ""Romance"", ""Adventure"", ""Documentary"", ""Sci-Fi""]",33,0.835,0.415
USR-5669,6.2,29.81,"[""Comedy"", ""Animation""]",22,0.727,0.451
USR-5299,11.87,28.23,"[""Comedy""]",15,0.532,0.38
USR-4784,5.61,16.45,"[""Comedy"", ""Animation""]",21,0.642,0.35
USR-2009,40.29,81.76,"[""Sci-Fi"", ""Thriller""]",19,0.799,0.382
USR-9588,3.4,44.54,"[""Comedy"", ""Family""]",4,0.334,0.759
USR-3186,23.77,81.44,"[""Thriller"", ""Sci-Fi""]",18,0.812,0.41
USR-4624,,30.96,"[""Animation""]",19,0.569,0.383
USR-8202,24.17,68.81,"[""Adventure"", ""Mystery"", ""Drama"", ""Documentary"", ""Crime""]",31,0.98,0.343
USR-8785,34.45,48.06,"[""Adventure"", ""Documentary"", ""Mystery"", ""Crime""]",26,0.749,0.489
USR-10772,5.11,21.83,"[""Family"", ""Drama""]",7,0.37,0.575
USR-7536,22.0,53.37,"[""Romance"", ""Drama"", ""Documentary"", ""Crime""]",20,0.775,0.683
USR-5835,9.61,26.79,"[""Comedy"", ""Animation""]",21,0.72,0.26
USR-7113,19.07,62.59,"[""Romance"", ""Mystery"", ""Drama""]",30,0.872,0.565
USR-5757,10.11,29.04,"[""Animation""]",21,0.585,0.496
USR-3313,31.156504641644784,88.89,"[""Action"", ""Sci-Fi""]",32,0.709,0.374
USR-1091,47.17,61.56,"[""Thriller"", ""Sci-Fi""]",20,0.8,0.677
USR-7114,27.12,77.18,"[""Drama"", ""Adventure"", ""Mystery""]",32,0.8,0.578
USR-7570,21.35,-59.0888580982573,"[""Adventure"", ""Documentary"", ""Drama"", ""Romance""]",33,0.781,0.473
USR-8732,37.68,56.38,"[""Crime"", ""Documentary"", ""Drama""]",24,0.873,0.409
USR-9082,23.02,68.73,"[""Documentary"", ""Romance"", ""Adventure"", ""Mystery""]",34,0.788,0.442
USR-3118,23.62,96.09,"[""Thriller"", ""Action"", ""Adventure""]",41,0.855,0.426
USR-3938,40.8,100.26,"[""Sci-Fi"", ""Action""]",29,0.826,0.496
USR-7591,26.3,67.45,"[""Adventure"", ""Sci-Fi"", ""Documentary"", ""Crime""]",39,0.708,0.396
USR-1984,41.0,81.21,"[""Sci-Fi"", ""Action""]",33,0.778,0.117
USR-8119,21.37,67.99,"[""Romance"", ""Sci-Fi"", ""Drama"", ""Mystery""]",29,0.788,0.407
USR-6437,9.55,15.61,,21,0.613,0.227
USR-3926,37.38,92.68,"[""Sci-Fi"", ""Action""]",19,0.975,0.481
USR-7921,23.78,39.32,"[""Sci-Fi"", ""Mystery"", ""Adventure""]",38,0.683,0.484
USR-4215,10.33,21.04,"[""Comedy"", ""Animation"", ""Romance""]",16,0.592,0.242
USR-7600,22.04,48.03,"[""Crime"", ""Documentary"", ""Mystery""]",31,0.727,0.28
USR-9354,2.04,37.81,"[""Family""]",5,0.479,0.723
USR-8200,21.31,68.21,"[""Documentary"", ""Mystery"", ""Sci-Fi""]",26,0.794,0.544
USR-6012,10.94,23.94,"[""Animation"", ""Comedy""]",23,0.581,0.428
USR-1628,38.84,95.96,"[""Sci-Fi"", ""Thriller""]",28,0.893,0.522
USR-5948,12.5,25.87,"[""Animation"", ""Comedy""]",26,0.615,0.36
USR-9186,25.3,43.4,"[""Documentary"", ""Adventure"", ""Drama"", ""Sci-Fi"", ""Romance""]",16,0.744,0.21
USR-8699,29.04,47.14,"[""Drama"", ""Crime"", ""Mystery""]",18,0.855,0.461
USR-5766,9.84,18.53,"[""Comedy"", ""Animation""]",16,0.692,0.433
USR-2602,36.69,99.71,"[""Thriller"", ""Sci-Fi"", ""Adventure""]",17,1.0,0.538
USR-4498,6.747304616848819,33.39,"[""Comedy"", ""Romance""]",23,0.752,0.416
USR-2270,22.37,100.51,"[""Thriller"", ""Sci-Fi""]",21,0.734,0.525
USR-1129,37.38,107.64,"[""Thriller"", ""Action"", ""Sci-Fi"", ""Crime""]",27,0.887,0.477
USR-8852,21.64,55.77,"[""Mystery"", ""Romance"", ""Drama""]",24,0.821,0.499
USR-2712,46.23,85.64,"[""Sci-Fi"", ""Action""]",21,0.915,0.265
USR-9038,30.91,70.99,"[""Sci-Fi"", ""Romance"", ""Adventure"", ""Crime""]",22,0.711,0.521
USR-5236,4.6,25.01,"[""Comedy"", ""Animation""]",24,0.771,0.292
USR-6314,10.85,23.89,"[""Comedy""]",20,0.8,0.433
USR-3399,36.76,86.81,"[""Action"", ""Sci-Fi""]",26,0.844,0.556
USR-8042,24.390355906138584,51.77,"[""Mystery"", ""Crime"", ""Romance"", ""Documentary""]",22,0.748,0.282
USR-7201,23.39,59.72,"[""Adventure"", ""Mystery"", ""Drama"", ""Sci-Fi""]",32,0.823,0.389
USR-9517,0.1,32.15,"[""Family""]",7,0.398,0.72
USR-2187,44.59,100.96,"[""Thriller"", ""Sci-Fi"", ""Adventure""]",18,0.849,0.538
USR-7157,24.04,60.97,"[""Mystery"", ""Adventure"", ""Drama""]",19,0.978,0.54
USR-10892,3.7,28.4,"[""Comedy"", ""Drama""]",4,0.3,0.662
USR-7152,20.11,47.29,"[""Mystery"", ""Drama"", ""Documentary""]",26,0.98,0.574
USR-2978,35.77,69.96,"[""Action"", ""Thriller"", ""Sci-Fi""]",20,0.875,0.441
USR-10987,2.48,28.46,"[""Drama"", ""Family""]",7,0.404,0.692
USR-5248,9.25,21.97,"[""Animation""]",26,0.77,0.333
USR-10706,3.75,33.45,"[""Drama""]",4,0.38,0.641
USR-1916,45.94,113.98,"[""Sci-Fi"", ""Action""]",21,0.862,0.401
USR-2306,23.34,86.4,"[""Action"", ""Thriller"", ""Crime""]",28,0.856,0.405
USR-6582,12.22,28.38,"[""Comedy""]",22,0.802,0.299
USR-4050,38.67,103.65,"[""Action"", ""Thriller"", ""Sci-Fi""]",16,0.894,0.581
USR-10619,3.91,34.83,"[""Comedy""]",1,0.393,0.7
USR-2274,40.02,96.69,"[""Action"", ""Sci-Fi"", ""Thriller""]",34,0.741,0.281
USR-10011,2.95,23.88,"[""Drama""]",7,0.455,0.626
USR-3797,46.07,93.7,"[""Action"", ""Thriller"", ""Sci-Fi""]",19,0.702,0.481
USR-2399,29.81,97.52,,27,0.881,0.537
USR-4359,6.66,36.31,"[""Animation"", ""Comedy""]",24,0.608,0.273
USR-1184,47.04,98.51,"[""Sci-Fi"", ""Thriller""]",25,0.876,0.403
USR-6172,6.8,16.28,"[""Animation"", ""Comedy""]",21,0.711,0.255
USR-6829,9.74,24.69,"[""Animation"", ""Comedy""]",22,0.688,0.223
USR-7267,34.94,42.91,"[""Sci-Fi"", ""Documentary"", ""Romance"", ""Mystery"", ""Drama""]",27,0.793,0.761
USR-6441,10.4,28.85,"[""Comedy""]",23,0.501,0.241
USR-8220,33.16,53.92,"[""Documentary"", ""Sci-Fi"", ""Adventure"", ""Romance""]",30,0.789,0.218
USR-8149,28.66,52.89,"[""Drama"", ""Documentary"", ""Sci-Fi"", ""Crime"", ""Mystery""]",20,0.884,0.396
USR-5568,9.53,23.09,"[""Comedy"", ""Animation""]",17,0.457,0.454
USR-9206,25.47,59.58,"[""Adventure"", ""Sci-Fi"", ""Documentary"", ""Mystery""]",27,0.763,0.566
USR-3657,52.05,79.49,"[""Thriller"", ""Sci-Fi"", ""Action""]",24,0.814,0.378
USR-9398,2.37,30.3,"[""Drama""]",5,0.348,0.815
USR-8017,31.88,50.91,"[""Adventure"", ""Mystery"", ""Crime"", ""Documentary""]",26,0.866,0.426
USR-2962,43.96,100.86,"[""Thriller"", ""Action"", ""Crime""]",21,0.89,0.468
USR-5993,13.65,26.75,"[""Animation""]",24,0.702,0.378
USR-5892,8.26,27.69,"[""Comedy""]",23,0.773,0.129
USR-8912,24.88,74.52,"[""Documentary"", ""Romance"", ""Drama""]",39,0.837,0.656
USR-8085,30.89,55.12,"[""Drama"", ""Sci-Fi"", ""Romance"", ""Adventure""]",34,0.794,0.408
USR-7557,22.37037847280084,54.24,"[""Drama"", ""Mystery"", ""Sci-Fi""]",24,0.798,0.424
USR-2252,32.95,95.17,"[""Action"", ""Thriller"", ""Sci-Fi"", ""Crime""]",26,0.8,0.394
USR-4177,49.11,59.33,"[""Action"", ""Thriller"", ""Sci-Fi""]",26,0.798,0.375
USR-8936,33.52,66.35,"[""Sci-Fi"", ""Adventure"", ""Documentary"", ""Mystery""]",19,0.716,0.591
USR-6129,7.94,17.88,"[""Comedy"", ""Animation""]",21,0.644,0.125
USR-8508,25.76,75.08,"[""Sci-Fi"", ""Romance"", ""Adventure"", ""Crime""]",33,0.643,0.359
USR-7694,32.6,67.52,"[""Documentary"", ""Adventure"", ""Sci-Fi"", ""Romance"", ""Mystery""]",27,0.884,0.492
USR-4290,5.48,19.6,"[""Animation""]",17,0.671,0.585
USR-10430,712.5436596406631,443.0315251900355,"[""Drama""]",5,0.308,0.514
USR-9819,5.11,24.93,"[""Comedy""]",6,0.261,0.818
USR-8782,26.97,58.65,"[""Crime"", ""Documentary"", ""Drama""]",23,0.831,0.252
USR-8336,31.78,39.84,"[""Romance"", ""Documentary"", ""Mystery"", ""Adventure"", ""Crime""]",16,0.932,0.43
USR-8047,22.33,43.61,"[""Mystery"", ""Documentary"", ""Romance"", ""Adventure""]",31,0.886,0.723
USR-2052,32.45,84.07,"[""Action"", ""Thriller""]",38,0.826,0.333
USR-5070,10.84,25.61,"[""Animation"", ""Comedy""]",20,0.556,0.311
USR-8552,30.34,,"[""Mystery"", ""Sci-Fi"", ""Crime""]",34,0.781,0.573
USR-6683,13.99,17.52,"[""Comedy"", ""Animation""]",17,0.585,0.342
USR-1273,41.46,104.65,"[""Thriller"", ""Action""]",22,0.801,0.403
USR-3043,33.84,77.81,"[""Sci-Fi"", ""Thriller""]",23,0.916,0.379
USR-5764,12.88,21.65,"[""Animation""]",23,0.533,0.309
USR-7606,23.93,66.83,"[""Adventure"", ""Mystery"", ""Sci-Fi"", ""Documentary""]",26,0.855,0.695
USR-6326,13.63,23.55,"[""Comedy"", ""Animation""]",28,0.609,0.451
USR-6408,9.52,29.51,"[""Animation"", ""Comedy""]",16,0.59,0.282
USR-2087,28.19,95.17,"[""Action"", ""Thriller"", ""Crime""]",26,0.769,0.369
USR-6938,24.35,43.99,"[""Crime"", ""Romance"", ""Documentary"", ""Drama"", ""Mystery""]",29,0.749,0.345
USR-7496,25.56,56.24,"[""Drama"", ""Crime"", ""Mystery"", ""Adventure"", ""Documentary""]",28,0.849,0.374
USR-6596,11.75,31.2,"[""Comedy""]",26,0.574,0.239
USR-10655,3.52,20.04,"[""Comedy"", ""Drama""]",3,0.511,0.747
USR-5323,5.1,24.86,"[""Animation"", ""Comedy""]",21,0.88,0.417
USR-8107,27.4,54.35,"[""Crime"", ""Drama"", ""Adventure""]",20,0.658,0.465
USR-8922,40.76,63.29,"[""Sci-Fi"", ""Documentary"", ""Crime"", ""Silent Cinema""]",20,0.766,0.517
USR-6729,,31.78,"[""Animation""]",17,0.604,0.257
USR-6649,10.0,26.91,"[""Animation""]",30,0.444,0.472
USR-6236,8.59,24.76,"[""Comedy"", ""Animation""]",25,0.594,0.47
USR-10162,3.95,26.69,"[""Comedy"", ""Drama""]",8,0.184,0.381
USR-5710,4.83,29.66,"[""Animation"", ""Comedy""]",16,0.7,0.21
USR-9244,25.93,73.65,"[""Documentary"", ""Crime"", ""Romance""]",31,0.596,0.506
USR-6763,9.23,26.42,"[""Comedy"", ""Animation""]",29,0.59,0.525
USR-10210,2.51,13.99,"[""Family"", ""Drama""]",6,0.473,0.406
USR-4479,10.88,25.41,"[""Animation"", ""Comedy""]",27,0.861,0.378
USR-8282,27.51,52.93,"[""Documentary"", ""Mystery"", ""Adventure"", ""Crime"", ""Drama""]",23,0.683,0.488
USR-4925,8.9,19.91,"[""Animation"", ""Comedy""]",28,0.652,0.273
USR-2749,32.53,119.04,"[""Sci-Fi"", ""Thriller"", ""Action""]",32,0.792,0.527
USR-1733,30.11,60.31,,30,0.895,0.492
USR-3554,44.88,131.75,"[""Sci-Fi"", ""Action"", ""Thriller"", ""Crime""]",27,0.919,0.489
USR-7616,30.65,57.96,"[""Drama"", ""Documentary"", ""Romance""]",18,0.838,0.428
USR-10702,0.43,30.42,"[""Family"", ""Comedy""]",6,0.565,0.574
USR-3663,36.81,94.87,"[""Action"", ""Sci-Fi"", ""Thriller"", ""Crime""]",33,1.0,0.393
USR-6562,7.74,24.65,"[""Comedy"", ""Animation""]",21,0.568,0.235
USR-10898,3.46,21.53,"[""Family"", ""Comedy""]",4,0.441,0.604
USR-4114,34.9,67.55,"[""Thriller"", ""Sci-Fi"", ""Adventure""]",25,0.833,0.365
USR-4304,10.58,15.36,"[""Animation""]",14,0.532,0.489
USR-2345,39.28,90.8,"[""Action"", ""Thriller""]",15,0.857,0.518
USR-2691,,96.46,"[""Thriller"", ""Action"", ""Adventure""]",18,0.952,0.142
USR-10686,726.71092652504,667.4672525308993,"[""Drama"", ""Comedy""]",6,0.442,0.866
USR-7654,25.64,55.76,"[""Crime"", ""Mystery"", ""Romance""]",17,0.614,0.415
USR-6049,10.6,29.51,"[""Comedy"", ""Animation""]",18,0.565,0.479
USR-4309,10.0,19.85,"[""Animation"", ""Romance""]",22,0.653,0.233
USR-2505,34.94,82.14,"[""Action"", ""Sci-Fi""]",38,0.84,0.396
USR-2807,41.55,87.57,"[""Thriller"", ""Sci-Fi"", ""Action""]",37,0.942,0.437
USR-7385,29.94,68.15,"[""Romance"", ""Documentary"", ""Sci-Fi"", ""Mystery""]",23,0.76,0.486
USR-9356,,26.66,"[""Comedy""]",7,0.314,0.618
USR-4792,8.47,28.62,"[""Comedy""]",19,0.627,0.217
USR-10618,2.86,21.33,"[""Comedy""]",8,0.441,0.625
USR-8498,30.56,67.19,"[""Drama"", ""Mystery"", ""Adventure""]",22,0.841,0.537
USR-7046,31.54,52.86,"[""Crime"", ""Mystery"", ""Adventure"", ""Documentary"", ""Romance""]",19,0.737,0.476
USR-6757,7.75,22.88,"[""Comedy"", ""Animation""]",11,0.849,0.226
USR-8432,28.09,58.96,"[""Documentary"", ""Romance"", ""Sci-Fi"", ""Adventure""]",28,0.878,0.656
USR-2849,38.76,95.23,"[""Sci-Fi"", ""Action"", ""Thriller""]",16,0.853,0.449
USR-5513,8.71,26.75,"[""Animation"", ""Comedy""]",22,0.71,0.421
USR-3432,40.22,106.37,"[""Action"", ""Thriller"", ""Sci-Fi""]",38,0.787,0.302
USR-5661,12.25,26.06,"[""Comedy"", ""Animation""]",19,0.773,0.387
USR-7968,24.61,55.75,"[""Romance"", ""Adventure"", ""Crime""]",33,0.687,0.21
USR-6715,6.93,31.62,"[""Animation""]",18,0.524,0.421
USR-1143,,117.26,"[""Thriller"", ""Action"", ""Crime""]",20,0.872,0.287
USR-9853,3.72,28.13,"[""Comedy""]",3,0.348,0.91
USR-6664,,21.18,"[""Animation""]",21,0.77,0.334
USR-10811,3.91,37.74,"[""Family""]",4,0.418,0.915
USR-4410,8.2,22.23,"[""Animation"", ""Comedy""]",21,0.574,0.41
USR-2118,33.37,96.02,"[""Thriller"", ""Action""]",30,0.802,0.333
USR-2757,42.05,87.86,"[""Action"", ""Thriller""]",27,0.877,0.465
USR-1498,34.25,68.21,"[""Sci-Fi"", ""Action""]",27,0.877,0.445
USR-9250,26.22,51.12,"[""Mystery"", ""Drama"", ""Sci-Fi""]",26,0.63,0.439
USR-1871,43.22,91.17,"[""Action"", ""Thriller""]",7,0.763,0.478
USR-4358,9.85,23.8,"[""Comedy"", ""Animation""]",15,0.676,0.233
USR-1913,35.74,69.22,"[""Thriller"", ""Sci-Fi""]",26,0.846,0.347
USR-1722,42.92,71.61,"[""Sci-Fi"", ""Thriller""]",22,0.745,0.499
USR-3806,43.2,107.31,[],30,0.872,0.39
USR-6367,8.722039447939055,18.3,"[""Animation""]",20,0.851,0.382
USR-1887,30.73,74.73,"[""Sci-Fi"", ""Action"", ""Thriller""]",18,0.832,0.633
USR-10691,3.68,39.65,"[""Drama""]",5,0.287,0.652
USR-8830,19.73,77.02,"[""Crime"", ""Drama"", ""Adventure"", ""Documentary"", ""Romance""]",21,0.82,0.439
USR-9050,30.24,,"[""Sci-Fi"", ""Documentary"", ""Mystery""]",29,0.802,0.474
USR-2521,48.23,83.86,"[""Action"", ""Thriller"", ""Crime""]",27,0.904,0.34
USR-9782,2.1,34.91,,5,0.486,0.567
USR-3747,30.36,107.03,"[""Action"", ""Sci-Fi"", ""Thriller""]",26,0.885,0.434
USR-8104,28.35,46.18,"[""Mystery"", ""Drama"", ""Sci-Fi"", ""Documentary""]",33,0.834,0.374
USR-6910,32.35,46.71,"[""Documentary"", ""Adventure"", ""Drama""]",25,0.7,0.517
USR-1315,32.95,88.73,"[""Thriller"", ""Action"", ""Sci-Fi"", ""Crime""]",32,0.757,0.436
USR-2800,31.75,101.79,"[""Action"", ""Sci-Fi"", ""Thriller"", ""Crime""]",31,0.813,0.284
USR-1328,38.69,94.15,"[""Sci-Fi"", ""Action""]",29,0.713,0.448
USR-8519,26.59,65.33,"[""Crime"", ""Mystery"", ""Documentary"", ""Adventure""]",43,0.696,0.259
USR-5205,6.79,20.54,"[""Comedy"", ""Animation""]",21,0.668,0.381
USR-4130,54.05,104.36,"[""Thriller"", ""Action""]",28,0.984,0.337
USR-8020,28.35,46.77,"[""Mystery"", ""Romance"", ""Drama""]",25,0.724,0.58
USR-10821,2.71,34.37,"[""Comedy""]",6,0.173,0.621
USR-4969,4.14,21.57,"[""Comedy""]",14,0.649,0.433
USR-6877,8.65,26.57,"[""Animation""]",15,0.922,0.546
USR-8431,26.79,41.3,"[""Drama"", ""Sci-Fi"", ""Mystery"", ""Romance""]",30,0.826,0.523
USR-2974,46.15,113.26,"[""Sci-Fi"", ""Action""]",22,0.892,0.519
USR-1337,27.37,100.4,"[""Thriller"", ""Action"", ""Sci-Fi""]",24,0.803,0.346
USR-3765,40.96,84.1,"[""Sci-Fi"", ""Action"", ""Crime""]",17,0.771,0.335
USR-8832,23.09,55.64,"[""Sci-Fi"", ""Adventure"", ""Crime"", ""Documentary""]",18,0.71,0.527
USR-1276,41.62,101.39,"[""Action"", ""Thriller""]",18,0.726,0.502
USR-3986,27.38,92.59,"[""Sci-Fi"", ""Thriller""]",24,1.0,0.669
USR-8290,-23.099814112717443,61.85,"[""Romance"", ""Crime"", ""Drama"", ""Mystery""]",33,0.849,0.444
USR-9947,2.73,21.9,"[""Family"", ""Comedy""]",6,0.488,0.775
USR-4478,8.91,35.02,"[""Comedy"", ""Animation""]",26,0.632,0.387
USR-6361,7.23,26.46,"[""Comedy"", ""Animation""]",20,0.773,0.387
USR-4559,11.34,24.69,"[""Comedy""]",23,0.756,0.331
USR-3810,32.29,94.9,"[""Sci-Fi"", ""Action""]",26,1.0,0.511
USR-10865,3.71,28.18,"[""Drama""]",8,0.36,0.854
USR-5862,8.65,20.59,"[""Comedy"", ""Animation""]",17,0.757,0.395
USR-7741,39.28,55.15,"[""Adventure"", ""Documentary"", ""Drama"", ""Sci-Fi"", ""Crime""]",35,0.768,0.42
USR-4417,7.2,23.97,"[""Comedy"", ""Animation""]",24,0.496,0.43
USR-1308,35.16,101.32,"[""Sci-Fi"", ""Thriller""]",27,0.917,0.358
USR-4909,10.43,17.91,"[""Comedy"", ""Animation""]",24,0.662,0.454
USR-1349,32.05,106.85,"[""Thriller"", ""Sci-Fi""]",34,0.798,0.557
USR-1827,35.74,113.29,"[""Action"", ""Sci-Fi"", ""Thriller""]",38,0.817,0.405
USR-10599,5.3,35.48,"[""Comedy""]",5,0.231,0.659
USR-5483,7.03,17.42,"[""Animation"", ""Comedy""]",26,0.851,0.487
USR-7731,27.86,62.81,"[""Mystery"", ""Crime"", ""Documentary"", ""Sci-Fi"", ""Drama""]",16,0.902,0.46
USR-4683,13.78,,"[""Animation"", ""Romance""]",20,0.552,0.346
USR-9380,0.51,23.41,"[""Comedy""]",8,0.367,1.0
USR-9699,3.35,33.92,"[""Comedy"", ""Drama""]",6,0.1,0.686
USR-3054,37.78,115.28,"[""Action"", ""Sci-Fi""]",32,0.765,0.413
USR-1072,39.56,79.26,"[""Action"", ""Sci-Fi"", ""Thriller"", ""Adventure""]",28,0.867,0.591
USR-6989,31.013480330387605,58.57,"[""Documentary"", ""Adventure"", ""Crime"", ""Drama""]",16,0.808,0.449
USR-9456,2.76,28.04,"[""Comedy""]",5,0.376,0.578
USR-7423,21.74,72.16,,22,0.674,0.395
USR-9260,24.48,41.21,"[""Crime"", ""Documentary"", ""Sci-Fi""]",26,0.76,0.478
USR-2667,34.48,,"[""Thriller"", ""Sci-Fi"", ""Action""]",31,0.878,0.295
USR-7335,17.74,48.08,"[""Mystery"", ""Crime"", ""Drama"", ""Adventure"", ""Sci-Fi""]",21,0.646,0.584
USR-7623,28.14,65.28,"[""Crime"", ""Adventure"", ""Documentary""]",28,0.747,0.368
USR-6494,8.89,30.06,"[""Comedy"", ""Animation""]",20,0.68,0.283
USR-2446,31.46,114.11,"[""Action"", ""Thriller""]",17,0.855,0.35
USR-6351,4.8,29.94,"[""Comedy"", ""Animation""]",21,0.416,0.282
USR-8224,18.1,51.66,"[""Sci-Fi"", ""Adventure"", ""Crime"", ""Drama""]",28,0.788,0.436
USR-2696,35.28,86.56,"[""Sci-Fi"", ""Thriller"", ""Action"", ""Adventure""]",26,0.964,0.39
USR-3893,40.79,100.19,"[""Thriller"", ""Action"", ""Adventure""]",33,0.782,0.277
USR-2575,29.19,82.56,"[""Sci-Fi"", ""Thriller""]",21,1.0,0.575
USR-4204,8.57,19.41,"[""Animation""]",26,0.714,0.2
USR-5406,7.45,21.51,"[""Animation"", ""Comedy""]",21,0.882,0.19
USR-2631,37.77,124.98,"[""Action"", ""Thriller""]",30,0.826,0.417
USR-8643,32.1,64.88,"[""Adventure"", ""Mystery"", ""Sci-Fi""]",31,0.766,0.734
USR-2882,47.39,98.03,"[""Thriller"", ""Action""]",17,0.872,0.676
USR-6113,14.21,21.24,"[""Comedy""]",17,0.676,0.327
USR-6075,8.44,15.92,"[""Animation""]",17,0.467,0.502
USR-10067,2.48,33.91,"[""Drama""]",8,0.355,0.725
USR-6716,8.21,24.65,"[""Animation"", ""Romance""]",27,0.621,0.562
USR-1849,46.95,80.25,"[""Thriller"", ""Sci-Fi"", ""Action"", ""Esports Highlights""]",30,0.808,0.552
USR-7138,20.05,60.22,"[""Crime"", ""Romance"", ""Drama"", ""Sci-Fi""]",34,0.839,0.598
USR-7337,22.48,63.35,"[""Documentary"", ""Drama"", ""Crime"", ""Mystery"", ""Adventure""]",36,0.796,0.589
USR-8841,16.87,81.34,"[""Drama"", ""Documentary"", ""Adventure""]",32,0.922,0.346
USR-3878,33.18,89.27,"[""Sci-Fi"", ""Action""]",13,0.84,0.589
USR-1187,34.61,85.9,"[""Thriller"", ""Sci-Fi""]",26,0.793,0.342
USR-4780,4.71,20.85,"[""Animation"", ""Comedy""]",23,0.7,0.405
USR-2831,58.22,78.71,"[""Thriller"", ""Sci-Fi""]",15,0.985,0.382
USR-3960,29.68,112.92,"[""Action"", ""Thriller"", ""Adventure""]",24,0.808,0.544
USR-10337,1.55,43.93,"[""Family""]",6,0.304,0.707
USR-8461,27.26,70.19,"[""Romance"", ""Crime"", ""Documentary""]",28,0.787,0.52
USR-2235,30.33,78.51,"[""Action"", ""Thriller""]",29,0.874,0.509
USR-7111,28.46,58.94,"[""Mystery"", ""Drama"", ""Documentary"", ""Crime"", ""Adventure""]",19,0.777,0.44
USR-4916,3.11,26.58,"[""Animation"", ""Comedy""]",26,0.811,0.408
USR-1447,39.39,111.47,"[""Thriller"", ""Action""]",25,0.787,0.4
USR-1845,41.71,96.21,"[""Action"", ""Sci-Fi""]",33,0.649,0.531
USR-9384,2.97,33.97,"[""Family""]",9,0.44,0.828
USR-6830,8.8,15.27,"[""Comedy"", ""Animation""]",20,0.784,0.482
USR-3441,41.08,78.99,"[""Thriller"", ""Sci-Fi""]",32,0.866,0.456
USR-4104,42.4,111.73,"[""Sci-Fi"", ""Action""]",27,0.79,0.333
USR-9678,1.39,13.0,"[""Family"", ""Drama""]",6,0.507,1.0
USR-7949,27.64,42.41,"[""Romance"", ""Mystery"", ""Documentary""]",33,0.789,0.587
USR-9257,14.98,75.44,"[""Drama"", ""Sci-Fi"", ""Adventure"", ""Romance""]",26,0.858,0.322
USR-2295,27.94,79.58,"[""Action"", ""Sci-Fi"", ""Thriller""]",15,0.745,0.468
USR-6197,10.95,28.92,"[""Comedy""]",22,0.577,0.386
USR-10111,5.45,34.31,"[""Drama""]",1,0.329,0.642
USR-6068,13.9,,"[""Animation"", ""Comedy""]",18,0.537,0.321
USR-4443,7.84,27.58,"[""Comedy"", ""Animation""]",14,0.655,0.42
USR-9541,1.21,25.38,"[""Drama"", ""Family""]",6,0.333,0.935
USR-8442,39.62,66.84,"[""Documentary"", ""Adventure"", ""Mystery""]",28,0.911,0.277
USR-7249,26.68,50.09,"[""Drama"", ""Sci-Fi"", ""Documentary""]",28,0.757,0.603
USR-1777,,76.84,"[""Action"", ""Sci-Fi""]",26,0.758,0.592
USR-10815,0.1,40.59,"[""Drama""]",5,0.362,0.769
USR-3154,42.59,119.37,"[""Action"", ""Sci-Fi"", ""Crime""]",23,0.836,0.497
USR-5921,9.01,19.61,"[""Animation"", ""Comedy""]",23,0.62,0.434
USR-10588,3.11,38.77,"[""Drama""]",2,0.347,0.747
USR-10590,2.08,39.88,"[""Comedy""]",5,0.499,0.707
USR-6661,7.31,23.89,"[""Comedy""]",18,0.556,0.396
USR-10528,3.46,49.63,"[""Family""]",9,0.405,0.57
USR-9522,2.08,23.09,"[""Drama""]",5,0.44,0.789
USR-4184,40.46,73.27,"[""Action"", ""Sci-Fi""]",32,0.89,0.368
USR-10312,683.045268137723,681.2087039004157,"[""Family"", ""Comedy""]",6,0.24,0.909
USR-4200,42.38,107.9,"[""Thriller"", ""Sci-Fi"", ""Action"", ""Crime""]",25,0.812,0.454
USR-10141,4.03,10.0,"[""Comedy""]",7,0.293,0.928
USR-2290,41.36,100.33,"[""Thriller"", ""Sci-Fi"", ""Action""]",21,0.824,0.444
USR-5582,8.73,23.01,"[""Animation""]",17,0.665,0.298
USR-7341,26.0,56.99,"[""Drama"", ""Crime"", ""Sci-Fi"", ""Mystery""]",23,0.734,0.402
USR-10030,4.57,36.74,"[""Drama""]",4,0.141,0.897
USR-8316,33.06,69.88,"[""Mystery"", ""Documentary"", ""Romance""]",30,0.777,0.286
USR-7934,21.65,52.93,"[""Sci-Fi"", ""Mystery"", ""Drama""]",33,0.625,0.213
USR-5107,5.55,31.7,"[""Animation"", ""Comedy""]",26,0.816,0.356
USR-5127,9.96,,"[""Comedy"", ""Animation""]",13,0.805,0.37
USR-9301,4.05,40.11,"[""Comedy"", ""Drama""]",7,0.262,0.918
USR-4967,8.16,20.06,"[""Animation""]",14,0.525,0.467
USR-2880,36.59,88.49,"[""Thriller"", ""Action"", ""Crime""]",17,0.836,0.561
USR-9633,2.79,58.0,"[""Family""]",4,0.235,0.842
USR-10395,4.41,35.6,"[""Comedy"", ""Family""]",5,0.363,0.664
USR-6266,8.38,20.2,"[""Comedy"", ""Animation""]",31,0.685,0.192
USR-4588,9.48,23.49,"[""Animation"", ""Comedy"", ""Romance""]",22,0.552,0.399
USR-8541,28.93,56.84,"[""Documentary"", ""Drama"", ""Sci-Fi"", ""Crime"", ""Mystery""]",19,0.826,0.545
USR-4866,11.0,26.27,"[""Comedy"", ""Animation""]",18,0.597,0.376
USR-9043,,66.87,"[""Drama"", ""Romance"", ""Sci-Fi"", ""Crime"", ""Adventure""]",24,0.655,0.536
USR-5132,8.59,23.01,"[""Animation"", ""Comedy""]",23,0.724,0.262
USR-2037,41.53,86.91,"[""Sci-Fi"", ""Action"", ""Thriller""]",21,0.973,0.171
USR-1637,36.49,74.41,"[""Thriller"", ""Action""]",28,0.769,0.383
USR-6640,8.58,20.52,"[""Comedy""]",21,0.529,0.443
USR-5135,8.16,27.1,"[""Animation""]",23,0.597,0.434
USR-6465,10.1,18.12,"[""Animation"", ""Comedy""]",26,0.761,0.305
USR-2084,43.92,109.72,"[""Action"", ""Thriller""]",23,1.0,0.339
USR-1862,30.72,98.62,"[""Thriller"", ""Sci-Fi"", ""Action""]",20,0.71,0.328
USR-6213,9.25,23.57,"[""Comedy"", ""Romance""]",22,0.74,0.375
USR-1904,50.55,83.32,"[""Sci-Fi"", ""Action""]",21,0.736,0.374
USR-1192,43.17,73.89,"[""Sci-Fi"", ""Thriller"", ""Action""]",26,0.838,0.384
USR-1110,37.85,128.37,"[""Thriller"", ""Action""]",21,0.796,0.268
USR-5456,7.7,15.45,"[""Comedy""]",17,0.686,0.291
USR-2943,26.52,74.44,"[""Thriller"", ""Sci-Fi"", ""Crime""]",24,0.793,0.454
USR-6412,6.24,21.22,"[""Comedy"", ""Animation""]",20,0.617,0.329
USR-5332,9.95,14.1,"[""Comedy""]",26,0.552,0.31
USR-9978,4.72,27.96,"[""Comedy""]",3,0.279,0.782
USR-3041,41.37,74.65,"[""Sci-Fi"", ""Thriller""]",30,0.834,0.475
USR-8500,26.06,55.8,"[""Adventure"", ""Crime"", ""Documentary"", ""Drama"", ""Mystery""]",24,0.793,0.712
USR-9403,3.18,30.98,"[""Comedy"", ""Drama""]",6,0.613,0.639
USR-8955,19.38,70.75,"[""Documentary"", ""Romance"", ""Crime"", ""Adventure"", ""Drama""]",14,0.752,0.51
USR-5660,10.76,29.96,"[""Animation"", ""Comedy""]",25,0.665,0.178
USR-7563,28.63,45.69,"[""Romance"", ""Mystery"", ""Crime"", ""Drama""]",24,0.775,0.578
USR-3776,36.55,77.02,"[""Sci-Fi"", ""Action""]",25,0.993,0.644
USR-5146,9.01,24.73,"[""Animation"", ""Comedy"", ""Romance""]",28,0.63,0.226
USR-3324,40.15,113.72,"[""Sci-Fi"", ""Thriller"", ""Action""]",26,0.693,0.484
USR-1763,38.57,100.72,"[""Action"", ""Sci-Fi"", ""Thriller""]",26,0.842,0.348
USR-3618,39.22,118.01,"[""Action"", ""Thriller"", ""Crime""]",22,0.899,0.659
USR-3412,48.96,80.57,"[""Sci-Fi"", ""Action"", ""Thriller""]",25,0.761,0.242
USR-2095,26.28,102.15,"[""Sci-Fi"", ""Action"", ""Crime""]",22,0.912,0.319
USR-10086,4.24,16.4,"[""Drama"", ""Family""]",6,0.28,0.595
USR-8211,34.93,61.43,"[""Adventure"", ""Romance"", ""Drama"", ""Mystery""]",32,0.798,0.471
USR-8226,28.45,61.01,"[""Crime"", ""Documentary"", ""Romance"", ""Mystery""]",25,0.789,0.577
USR-4136,33.4,85.81,"[""Thriller"", ""Action""]",21,0.8,0.519
USR-6820,9.94,32.92,"[""Comedy"", ""Animation""]",24,0.888,0.366
USR-6041,8.46,27.41,"[""Comedy""]",25,0.667,0.459
USR-4806,5.52,24.12,"[""Comedy"", ""Animation""]",21,0.644,0.363
USR-1885,38.8,90.69,"[""Sci-Fi"", ""Action"", ""Thriller""]",22,0.87,0.552
USR-3655,41.92,91.0,"[""Action"", ""Sci-Fi"", ""Thriller""]",16,0.729,0.324
USR-9243,19.72,64.23,"[""Mystery"", ""Sci-Fi"", ""Documentary"", ""Crime"", ""Adventure""]",33,0.825,0.587
USR-9080,28.29,45.59,"[""Adventure"", ""Romance"", ""Sci-Fi"", ""Documentary""]",28,0.697,0.61
USR-9112,26.1,76.2,"[""Drama"", ""Romance"", ""Documentary"", ""Mystery""]",35,0.72,0.485
USR-7900,32.46,57.29,"[""Adventure"", ""Crime"", ""Romance"", ""Mystery""]",24,0.822,0.464
USR-8797,27.27,35.97,"[""Romance"", ""Drama"", ""Documentary"", ""Crime"", ""Adventure""]",32,0.765,0.386
USR-6814,4.76,24.18,"[""Comedy""]",17,0.581,0.354
USR-8169,22.05,64.96,"[""Drama"", ""Sci-Fi"", ""Romance"", ""Documentary""]",22,0.659,0.462
USR-6193,3.85,30.59,"[""Animation""]",17,0.699,0.404
USR-10785,2.51,29.12,"[""Drama""]",5,0.138,0.708
USR-3203,54.74,87.07,"[""Thriller"", ""Sci-Fi""]",22,0.863,0.593
USR-7251,28.79,48.96,"[""Adventure"", ""Romance"", ""Sci-Fi"", ""Crime"", ""Documentary""]",29,0.701,0.377
USR-7513,32.4,48.88,"[""Documentary"", ""Adventure"", ""Drama"", ""Mystery"", ""Romance""]",31,0.749,0.423
USR-2263,40.75,111.11,"[""Sci-Fi"", ""Action"", ""Thriller""]",28,0.866,0.236
USR-8686,16.64,79.63,"[""Sci-Fi"", ""Crime"", ""Adventure"", ""Drama"", ""Mystery""]",36,0.765,0.435
USR-1976,45.06,104.52,"[""Thriller"", ""Action"", ""Sci-Fi""]",25,0.836,0.671
USR-6968,27.51,69.94,"[""Romance"", ""Mystery"", ""Adventure"", ""Documentary""]",25,0.819,0.349
USR-5926,10.97,26.13,"[""Comedy"", ""Animation"", ""Romance""]",25,0.448,0.172
USR-1942,30.63,129.95,"[""Thriller"", ""Sci-Fi""]",24,0.78,0.279
USR-6264,8.48,26.52,[],19,0.634,0.399
USR-5724,11.56,20.98,"[""Animation""]",19,0.642,0.291
USR-3388,28.27,107.35,"[""Thriller"", ""Action""]",21,1.0,0.496
USR-10827,4.61,29.48,"[""Family""]",7,0.151,0.739
USR-6022,10.87,27.06,"[""Animation"", ""Comedy""]",14,0.6,0.131
USR-5392,8.17,28.04,"[""Animation"", ""Comedy""]",20,0.601,0.426
USR-6149,7.05,28.38,"[""Animation"", ""Comedy""]",23,0.513,0.208
USR-4222,3.31,25.17,"[""Comedy"", ""Animation"", ""Romance""]",22,0.786,0.17
USR-4883,5.27,18.59,"[""Animation""]",27,0.619,0.343
USR-10536,3.3,36.31,"[""Comedy"", ""Family""]",5,0.603,0.59
USR-7780,24.04,47.88,"[""Romance"", ""Mystery"", ""Drama""]",18,0.736,0.404
USR-7055,22.71,67.11,"[""Crime"", ""Drama"", ""Mystery""]",26,0.871,0.577
USR-3790,49.65,101.58,"[""Action"", ""Sci-Fi""]",20,0.848,0.305
USR-1945,50.82,101.12,"[""Action"", ""Sci-Fi"", ""Thriller""]",23,0.763,0.239
USR-10002,2.3,30.91,"[""Family"", ""Drama""]",5,0.287,0.727
USR-2858,29.85,99.2,"[""Sci-Fi"", ""Thriller"", ""Action""]",15,0.881,0.212
USR-9762,2.56,35.83,"[""Family"", ""Drama""]",6,0.397,0.609
USR-5109,10.2,35.09,"[""Animation"", ""Romance""]",17,0.75,0.282
USR-6214,8.0,25.1,"[""Comedy"", ""Animation""]",27,0.657,0.352
USR-9605,2.92,46.92,"[""Family""]",5,0.162,0.568
USR-4256,11.05,26.07,"[""Comedy"", ""Animation""]",14,0.644,0.322
USR-3691,,102.58,"[""Action"", ""Thriller""]",18,0.811,0.46
USR-8526,17.82,81.7,"[""Romance"", ""Sci-Fi"", ""Crime""]",23,0.923,0.557
USR-7954,30.13,67.2,"[""Drama"", ""Crime"", ""Documentary"", ""Romance"", ""Sci-Fi""]",14,0.636,0.442
USR-2320,35.61,92.21,"[""Action"", ""Sci-Fi"", ""Thriller""]",26,0.873,0.543
USR-8143,37.25,51.97,"[""Mystery"", ""Documentary"", ""Adventure"", ""Drama""]",37,0.597,0.59
USR-10980,2.28,34.76,"[""Drama""]",4,0.267,0.769
USR-6163,9.55,28.33,"[""Comedy""]",19,0.577,0.391
USR-6966,17.43,49.94,"[""Romance"", ""Sci-Fi"", ""Crime"", ""Drama""]",21,0.758,0.463
USR-7951,24.58,42.68,"[""Mystery"", ""Sci-Fi"", ""Crime"", ""Documentary""]",29,0.854,0.48
USR-7097,20.36,80.47,"[""Romance"", ""Drama"", ""Adventure""]",32,0.812,0.46
USR-7387,22.74,66.82,"[""Adventure"", ""Sci-Fi"", ""Documentary"", ""Mystery""]",21,0.751,0.381
USR-4476,6.24,24.8,"[""Comedy""]",27,0.676,0.382
USR-4506,6.76,14.93,"[""Comedy"", ""Animation""]",14,0.571,0.362
USR-5750,10.27,27.91,"[""Comedy"", ""Animation""]",15,0.516,0.398
USR-3478,39.37,94.25,"[""Thriller"", ""Action"", ""Sci-Fi""]",24,1.0,0.353
USR-6615,12.66,31.86,"[""Comedy""]",24,0.535,0.306
USR-7770,29.62,47.35,"[""Sci-Fi"", ""Romance"", ""Drama"", ""Documentary""]",34,0.677,0.499
USR-3578,53.2790387358264,96.59,"[""Thriller"", ""Sci-Fi""]",25,0.899,0.43
USR-8757,28.0,64.72,"[""Crime"", ""Sci-Fi"", ""Romance""]",19,0.69,0.474
USR-6471,6.97,30.33,"[""Comedy"", ""Animation""]",29,0.584,0.241
USR-10963,0.1,43.41,"[""Family""]",4,0.614,0.616
USR-7915,29.75,77.73,"[""Romance"", ""Adventure"", ""Crime"", ""Sci-Fi"", ""Mystery""]",39,0.737,0.365
USR-2875,39.66,88.46,"[""Sci-Fi"", ""Action"", ""Thriller"", ""Crime""]",28,0.665,0.532
USR-9608,3.36,38.5,"[""Family""]",5,0.306,0.758
USR-8269,26.21,,"[""Crime"", ""Adventure"", ""Documentary"", ""Sci-Fi""]",33,0.776,0.417
USR-8664,27.29,50.75,"[""Adventure"", ""Sci-Fi"", ""Crime"", ""Mystery""]",30,0.753,0.409
USR-6097,10.01,23.95,"[""Animation"", ""Comedy""]",17,0.815,0.439
USR-3905,38.36,78.19,"[""Action"", ""Sci-Fi""]",23,0.938,0.42
USR-1571,26.87,89.08,"[""Sci-Fi"", ""Thriller""]",32,0.728,0.314
USR-2449,33.42,100.3,"[""Action"", ""Sci-Fi""]",35,0.729,0.376
USR-8584,827.1816640749375,597.508755338765,"[""Mystery"", ""Documentary"", ""Sci-Fi"", ""Drama"", ""Crime""]",25,0.843,0.509
USR-7391,32.17,58.27,"[""Mystery"", ""Drama"", ""Documentary"", ""Romance"", ""Adventure""]",25,0.762,0.69
USR-7497,32.77,57.68,"[""Sci-Fi"", ""Drama"", ""Documentary""]",28,0.749,0.668
USR-9976,3.49,37.1,"[""Drama"", ""Comedy""]",6,0.423,0.807
USR-7683,35.97,58.72,"[""Adventure"", ""Crime"", ""Mystery"", ""Documentary"", ""Romance""]",31,0.823,0.394
USR-4227,6.37,14.27,"[""Comedy"", ""Animation"", ""Romance""]",22,0.651,0.212
USR-10843,4.24,40.79,"[""Comedy""]",3,0.681,0.691
USR-4979,6.46,23.04,[],20,0.778,0.325
USR-5384,9.8,28.78,"[""Animation""]",23,0.517,0.252
USR-8822,20.69,36.78,"[""Crime"", ""Documentary"", ""Romance"", ""Sci-Fi""]",16,0.749,0.346
USR-4540,10.04,21.11,"[""Comedy"", ""Animation""]",16,0.913,0.341
USR-6816,9.54,29.02,"[""Comedy""]",13,0.555,0.182
USR-8035,23.98,72.2,"[""Mystery"", ""Adventure"", ""Crime"", ""Drama"", ""Sci-Fi""]",40,0.78,0.274
USR-3828,42.35,104.54,"[""Action"", ""Thriller""]",21,0.794,0.414
USR-10150,5.55,24.85,"[""Drama"", ""Comedy""]",2,0.31,0.695
USR-5997,10.43,23.42,"[""Animation"", ""Comedy""]",21,0.608,0.263
USR-2339,22.23,82.57,"[""Thriller"", ""Action"", ""Sci-Fi""]",19,0.806,0.476
USR-4263,4.32,21.08,"[""Comedy""]",22,0.836,0.406
USR-7538,12.37,42.94,"[""Crime"", ""Mystery"", ""Romance""]",23,0.825,0.383
USR-7149,-12.508009822496113,53.57,"[""Drama"", ""Crime"", ""Documentary"", ""Romance"", ""Adventure""]",19,0.73,0.601
USR-1651,35.76,84.87,"[""Action"", ""Thriller"", ""Sci-Fi"", ""Crime""]",41,0.916,0.303
USR-3903,51.08,106.12,"[""Action"", ""Sci-Fi""]",28,0.957,0.408
USR-3259,46.76,98.74,"[""Sci-Fi"", ""Thriller"", ""Action"", ""Adventure""]",15,0.998,0.602
USR-8572,19.76,52.44,"[""Drama"", ""Romance"", ""Crime""]",29,0.665,0.455
USR-4522,13.94,16.03,"[""Comedy""]",22,0.626,0.366
USR-3731,33.72,85.29,"[""Action"", ""Sci-Fi""]",22,0.812,0.421
USR-10754,1.7,41.02,,11,0.555,0.677
USR-5479,9.1,29.47,"[""Comedy"", ""Animation""]",21,0.676,0.298
USR-2597,27.72,114.33,"[""Sci-Fi"", ""Thriller"", ""Action""]",24,0.873,0.362
USR-8230,24.48,50.97,"[""Sci-Fi"", ""Crime"", ""Adventure""]",42,0.822,0.503
USR-3585,26.67,113.75,"[""Action"", ""Thriller"", ""Sci-Fi"", ""Adventure""]",34,0.856,0.389
USR-10180,1.91,25.45,"[""Family"", ""Drama""]",8,0.452,0.656
USR-4197,35.59,76.07,"[""Sci-Fi"", ""Thriller""]",17,0.949,0.408
USR-10341,4.94,38.33,"[""Family"", ""Comedy""]",5,0.406,0.812
USR-6328,8.13,19.98,"[""Comedy"", ""Animation"", ""Romance""]",26,0.562,0.178
USR-8854,23.4,73.26,"[""Adventure"", ""Sci-Fi"", ""Mystery""]",25,0.752,0.496
USR-6503,10.56,17.81,"[""Comedy""]",19,0.558,0.256
USR-2259,45.65,108.68,"[""Thriller"", ""Action""]",21,0.924,0.628
USR-10285,3.0,28.26,"[""Comedy""]",7,0.499,0.752
USR-1992,29.67,60.56,"[""Action"", ""Thriller"", ""Sci-Fi""]",26,1.0,0.385
USR-4505,8.4,22.48,"[""Comedy"", ""Animation""]",18,0.658,0.3
USR-1114,56.41,99.78,"[""Thriller"", ""Sci-Fi"", ""Action""]",21,0.81,0.403
USR-1920,33.27,72.73,"[""Sci-Fi"", ""Action"", ""Avant-Garde Doc""]",18,0.85,0.376
USR-3510,27.98,100.25,"[""Thriller"", ""Sci-Fi""]",29,0.908,0.542
USR-10500,3.56,29.51,"[""Family""]",6,0.438,0.463
USR-1166,50.21,69.16,"[""Thriller"", ""Sci-Fi"", ""Action""]",34,0.735,0.298
USR-9888,4.66,26.35,"[""Family"", ""Drama""]",4,0.408,0.773
USR-5604,1.0,25.03,"[""Comedy"", ""Animation""]",18,0.753,0.43
USR-1950,51.53,103.06,"[""Thriller"", ""Sci-Fi"", ""Action""]",28,0.82,0.58
USR-5595,2.66,18.11,"[""Comedy""]",30,0.714,0.307
USR-6861,8.84,25.96,"[""Animation"", ""Comedy""]",25,0.487,0.346
USR-4771,8.08,23.27,[],25,0.65,0.339
USR-3507,24.04,,"[""Thriller"", ""Sci-Fi"", ""Action"", ""Adventure""]",25,0.949,0.522
USR-6108,11.06,,"[""Comedy""]",25,0.475,0.393
USR-3851,33.93,86.28,"[""Sci-Fi"", ""Thriller""]",33,0.844,0.288
USR-7640,23.47,49.61,"[""Mystery"", ""Crime"", ""Drama"", ""Adventure""]",30,0.84,0.56
USR-9921,2.84,50.1,"[""Comedy""]",6,0.271,0.608
USR-8612,34.35,55.28,"[""Crime"", ""Sci-Fi"", ""Drama"", ""Documentary"", ""Adventure""]",32,0.817,0.505
USR-5447,6.03,16.6,"[""Animation""]",18,0.767,0.37
USR-5461,12.86,26.58,"[""Animation"", ""Comedy""]",19,0.722,0.412
USR-7965,27.3,42.47,[],21,0.914,0.412
USR-3506,29.7,100.58,"[""Thriller"", ""Sci-Fi""]",24,0.803,0.59
USR-2115,41.71,69.4,"[""Thriller"", ""Action"", ""Sci-Fi""]",24,0.927,0.464
USR-9487,2.91,44.45,"[""Family"", ""Comedy""]",6,0.418,0.809
USR-1299,35.63,107.44,"[""Sci-Fi"", ""Thriller""]",28,0.893,0.431
USR-2676,36.55,93.91,"[""Sci-Fi"", ""Action"", ""Thriller""]",23,0.89,0.258
USR-4348,11.53,27.34,"[""Animation"", ""Comedy"", ""Romance""]",17,0.628,0.431
USR-3736,41.81,102.09,"[""Action"", ""Sci-Fi""]",26,0.784,0.341
USR-10934,2.69,30.64,"[""Drama"", ""Family""]",2,0.426,0.834
USR-5989,5.89,22.76,"[""Animation""]",20,0.633,0.343
USR-10091,1.23,46.07,"[""Family""]",6,0.324,0.837
USR-6954,12.0,57.35,"[""Drama"", ""Documentary"", ""Adventure"", ""Mystery""]",27,0.787,0.473
USR-5326,2.66,18.06,"[""Comedy"", ""Romance""]",20,0.397,0.36
USR-7876,32.63,60.07,"[""Romance"", ""Adventure"", ""Crime"", ""Mystery"", ""Documentary""]",26,0.867,0.725
USR-8583,26.48,76.65,"[""Romance"", ""Sci-Fi"", ""Adventure"", ""Crime"", ""Drama""]",35,0.784,0.628
USR-5551,9.77,21.23,"[""Comedy""]",22,0.728,0.269
USR-6517,9.47,29.12,"[""Animation"", ""Comedy""]",27,0.762,0.1
USR-9023,21.52,55.44,"[""Sci-Fi"", ""Documentary"", ""Mystery""]",38,0.797,0.543
USR-3104,57.29,84.07,"[""Thriller"", ""Sci-Fi""]",18,0.923,0.417
USR-6337,6.4,20.28,"[""Comedy"", ""Animation""]",20,0.562,0.391
USR-10705,3.09,33.6,"[""Family""]",2,0.643,0.647
USR-7919,40.36,69.06,"[""Adventure"", ""Documentary"", ""Mystery""]",27,0.548,0.463
USR-9326,1.98,40.63,"[""Comedy""]",7,0.362,0.741
USR-2838,34.16,63.74,"[""Sci-Fi"", ""Thriller"", ""Action"", ""Crime""]",30,0.743,0.503
USR-9078,31.49,61.28,"[""Documentary"", ""Crime"", ""Mystery"", ""Adventure"", ""Sci-Fi""]",25,0.66,0.341
USR-9407,4.16,49.94,"[""Comedy"", ""Drama""]",5,0.388,0.587
USR-10551,0.83,53.58,"[""Drama"", ""Family""]",3,0.35,0.616
USR-1608,41.26,103.93,"[""Thriller"", ""Action""]",17,0.966,0.421
USR-7178,29.16,59.16,"[""Crime"", ""Documentary"", ""Adventure""]",30,0.836,0.432
USR-2094,23.08,70.92,"[""Sci-Fi"", ""Thriller""]",32,0.812,0.35
USR-6550,4.11,23.52,"[""Animation""]",12,0.684,0.351
USR-7476,32.76,,"[""Sci-Fi"", ""Adventure"", ""Drama"", ""Romance"", ""Mystery""]",27,0.735,0.441
USR-10059,1.94,35.75,"[""Comedy""]",8,0.1,0.602
USR-5488,9.4,19.05,"[""Animation"", ""Comedy""]",23,0.763,0.387
USR-1161,41.58,60.12,"[""Sci-Fi"", ""Action"", ""Thriller""]",26,1.0,0.553
USR-1204,43.51,106.46,"[""Action"", ""Sci-Fi"", ""Thriller""]",23,0.82,0.46
USR-8203,25.93,,"[""Documentary"", ""Mystery"", ""Romance"", ""Drama""]",27,0.684,0.516
USR-7030,21.75,40.25,"[""Mystery"", ""Romance"", ""Adventure"", ""Crime"", ""Documentary""]",23,0.78,0.273
USR-5934,9.73,23.7,"[""Comedy""]",21,0.533,0.289
USR-3935,40.37,94.45,"[""Action"", ""Sci-Fi"", ""Crime""]",37,0.869,0.473
USR-9774,2.09,30.01,"[""Family"", ""Comedy""]",6,0.108,0.561
USR-3436,28.98,107.5,"[""Action"", ""Thriller"", ""Sci-Fi"", ""Crime""]",32,0.708,0.468
USR-2231,32.18,120.83,"[""Action"", ""Sci-Fi"", ""Thriller"", ""Crime""]",32,0.929,0.563
USR-9768,2.63,43.64,"[""Drama""]",4,0.327,0.534
USR-4047,33.23,123.21,"[""Action"", ""Thriller""]",34,0.912,0.377
USR-10753,3.22,24.05,"[""Family""]",4,0.358,0.705
USR-6858,5.54,27.12,"[""Comedy"", ""Animation""]",32,0.605,0.435
USR-8838,24.73,63.79,"[""Drama"", ""Crime"", ""Romance"", ""Mystery"", ""Adventure""]",30,0.76,0.459
USR-7559,29.02,50.28,"[""Mystery"", ""Adventure"", ""Romance"", ""Crime""]",39,0.724,0.433
USR-5252,10.23,16.58,"[""Comedy"", ""Animation""]",26,0.694,0.343
USR-6708,,31.16,"[""Comedy"", ""Animation"", ""Romance""]",12,0.79,0.1
USR-4294,8.2,31.74,"[""Animation"", ""Comedy"", ""Esports Highlights""]",18,0.686,0.262
USR-5035,7.96,15.27,"[""Comedy""]",25,0.758,0.357
USR-3726,25.14,75.54,"[""Action"", ""Sci-Fi"", ""Thriller"", ""Crime""]",31,1.0,0.54
USR-5291,8.95,28.06,"[""Animation"", ""Comedy""]",18,0.814,0.311
USR-5335,8.98,22.93,"[""Comedy""]",18,0.56,0.348
USR-9939,1.67,32.68,"[""Family""]",4,0.318,0.789
USR-4878,4.98,31.01,"[""Animation""]",21,0.625,0.336
USR-6555,6.15,26.25,"[""Animation"", ""Comedy"", ""Romance""]",32,0.501,0.275
USR-5754,4.49,21.18,"[""Comedy""]",24,0.626,0.235
USR-5887,7.55,29.4,"[""Comedy""]",20,0.66,0.422
USR-1858,43.64,89.64,"[""Thriller"", ""Action""]",28,0.753,0.501
USR-8591,18.81,63.23,"[""Documentary"", ""Adventure"", ""Mystery"", ""Drama"", ""Romance""]",18,0.738,0.451
USR-9464,1.23,41.2,"[""Drama""]",1,0.379,0.665
USR-3562,45.51,96.83,"[""Action"", ""Sci-Fi"", ""Thriller""]",26,0.704,0.534
USR-4802,8.78,28.65,"[""Animation"", ""Comedy""]",25,0.782,0.121
USR-3641,43.1,125.96,"[""Thriller"", ""Sci-Fi"", ""Crime""]",18,0.779,0.588
USR-6456,8.61,,"[""Comedy"", ""Romance""]",25,0.456,0.383
USR-10641,3.81,25.28,"[""Drama""]",5,0.505,0.794
USR-5491,7.42,24.72,"[""Animation""]",22,0.681,0.338
USR-3348,46.97,91.32,"[""Thriller"", ""Action"", ""Sci-Fi""]",20,0.882,0.351
USR-1650,41.57,68.0,"[""Action"", ""Sci-Fi"", ""Thriller"", ""Adventure""]",25,0.691,0.402
USR-3782,21.34,81.45,"[""Action"", ""Thriller"", ""Sci-Fi""]",22,0.967,0.536
USR-8949,29.09,74.66,"[""Drama"", ""Documentary"", ""Crime""]",31,0.871,0.445
USR-9636,3.12,21.49,"[""Family""]",6,0.215,0.989
USR-9770,4.07,31.53,"[""Family""]",4,0.263,0.784
USR-10977,2.84,35.42,"[""Drama""]",5,0.389,0.677
USR-1616,18.36,75.83,"[""Sci-Fi"", ""Thriller""]",22,0.786,0.222
USR-9538,1.69,24.26,"[""Family""]",6,0.379,0.643
USR-3576,33.72,101.23,"[""Thriller"", ""Action"", ""Sci-Fi""]",15,0.931,0.379
USR-1054,51.74,,"[""Sci-Fi"", ""Action""]",22,0.877,0.419
USR-4341,11.63,17.5,"[""Comedy"", ""Animation""]",17,0.636,0.258
USR-8199,26.98,61.95,"[""Drama"", ""Documentary"", ""Crime"", ""Sci-Fi"", ""Romance""]",37,0.869,0.438
USR-2706,35.68,97.16,"[""Action"", ""Sci-Fi""]",25,0.86,0.356
USR-10155,3.28,26.8,"[""Drama"", ""Family""]",7,0.498,0.71
USR-10871,0.6,30.14,"[""Family"", ""Comedy""]",6,0.344,0.667
USR-2494,,84.67,"[""Action"", ""Thriller"", ""Sci-Fi"", ""Adventure""]",16,0.787,0.615
USR-4184,41.39761676154693,73.27,"[""Action"", ""Sci-Fi""]",32,0.89,0.368
USR-6765,7.97,17.29,"[""Comedy"", ""Animation"", ""Romance""]",24,0.544,0.391
USR-1804,37.71,104.14,"[""Thriller"", ""Sci-Fi"", ""Action""]",22,0.896,0.269
USR-5954,11.0,17.47,"[""Comedy""]",22,0.687,0.25
USR-8094,30.52,60.85,"[""Drama"", ""Documentary"", ""Mystery"", ""Sci-Fi"", ""Crime""]",29,0.903,0.644
USR-1584,31.168029930692718,130.73,"[""Sci-Fi"", ""Thriller""]",26,0.831,0.296
USR-1991,32.83,72.37,"[""Sci-Fi"", ""Thriller""]",27,0.917,0.549
USR-3775,35.53,73.68,"[""Sci-Fi"", ""Thriller"", ""Action""]",30,0.875,0.556
USR-8640,20.43,70.75,"[""Crime"", ""Romance"", ""Drama"", ""Sci-Fi"", ""Documentary""]",30,0.803,0.576
USR-10949,2.31,28.23,"[""Drama"", ""Family""]",1,0.368,0.464
USR-4514,7.14,18.11,"[""Animation""]",12,0.674,0.413
USR-6606,7.34,,"[""Comedy""]",21,0.524,0.34
USR-9490,4.36,30.88,"[""Comedy"", ""Family""]",8,0.606,0.756
USR-1220,33.38,108.62,[],40,0.896,0.453
USR-7856,19.98,67.13,"[""Romance"", ""Mystery"", ""Adventure""]",31,0.862,0.475
USR-2289,46.49,76.0,"[""Action"", ""Sci-Fi"", ""Thriller""]",22,0.738,0.413
USR-4164,45.21,96.7,"[""Sci-Fi"", ""Thriller""]",11,1.0,0.451
USR-5679,6.18,28.68,"[""Animation"", ""Comedy""]",25,0.501,0.39
USR-3619,25.42,77.73,"[""Thriller"", ""Sci-Fi"", ""Adventure""]",28,1.0,0.349
USR-4613,7.31,,"[""Comedy""]",28,0.568,0.449
USR-1044,53.19,108.87,"[""Thriller"", ""Sci-Fi"", ""Action""]",17,0.912,0.487
USR-10399,4.1,-26.647413740652965,"[""Family""]",3,0.438,0.506
USR-7682,23.18,53.56,"[""Romance"", ""Adventure"", ""Crime"", ""Documentary"", ""Sci-Fi""]",39,0.811,0.417
USR-4793,10.13,31.94,"[""Animation""]",24,0.596,0.538
USR-4572,10.76,19.96,"[""Comedy"", ""Animation""]",26,0.727,0.419
USR-3499,37.683955094314456,86.5,"[""Thriller"", ""Sci-Fi"", ""Action""]",25,0.76,0.685
USR-2504,41.39,99.66,"[""Sci-Fi"", ""Action"", ""Thriller"", ""Crime""]",17,0.961,0.496
USR-7649,20.07,61.32,"[""Adventure"", ""Crime"", ""Drama"", ""Sci-Fi""]",18,0.865,0.411
USR-10929,2.51,29.01,"[""Family""]",7,0.451,0.597
USR-4440,11.6,28.96,"[""Animation"", ""Romance""]",22,0.593,0.435
USR-2893,25.65,93.81,"[""Action"", ""Sci-Fi"", ""Thriller""]",24,0.781,0.443
USR-10419,3.14,42.66,"[""Drama""]",6,0.11,0.605
USR-6256,8.4,32.07,"[""Animation"", ""Comedy""]",20,0.454,0.468
USR-2956,30.78,102.0,"[""Thriller"", ""Sci-Fi""]",29,0.946,0.448
USR-6168,4.57,21.27,"[""Comedy"", ""Animation""]",21,0.64,0.491
USR-5815,9.84,23.25,"[""Comedy"", ""Animation""]",20,0.613,0.356
USR-7413,31.57,73.61,"[""Adventure"", ""Drama"", ""Documentary""]",36,0.668,0.387
USR-2506,21.92,109.29,"[""Sci-Fi"", ""Action""]",16,0.695,0.329
USR-1671,38.97,64.2,"[""Thriller"", ""Sci-Fi""]",30,0.819,0.293
USR-10001,4.29,25.42,"[""Comedy"", ""Family""]",7,0.385,0.618
USR-8218,24.1,72.14,"[""Adventure"", ""Sci-Fi"", ""Romance""]",32,0.783,0.507
USR-1898,41.05,121.9,"[""Action"", ""Sci-Fi"", ""Thriller""]",26,0.982,0.357
USR-7327,,54.05,"[""Documentary"", ""Romance"", ""Mystery"", ""Adventure""]",33,0.671,0.517
USR-3667,35.22,85.36,"[""Action"", ""Sci-Fi""]",28,0.868,0.344
USR-4194,31.33,114.6,"[""Action"", ""Sci-Fi"", ""Crime""]",32,0.795,0.349
USR-3891,48.46,98.32,"[""Action"", ""Sci-Fi""]",23,0.783,0.221
USR-6827,7.44,26.29,"[""Comedy""]",17,0.708,0.252
USR-3622,34.91,82.15,"[""Action"", ""Thriller"", ""Sci-Fi""]",18,0.76,0.36
USR-9737,4.22,30.35,"[""Family"", ""Drama""]",9,0.287,0.84
USR-7095,,52.55,"[""Adventure"", ""Documentary"", ""Sci-Fi"", ""Mystery""]",37,0.785,0.585
USR-1003,44.12,70.67,"[""Action"", ""Thriller"", ""Sci-Fi""]",22,0.791,0.35
USR-3371,42.52,92.76,"[""Action"", ""Sci-Fi"", ""Thriller""]",22,0.872,0.211
USR-9090,29.39,56.47,"[""Romance"", ""Sci-Fi"", ""Crime""]",26,0.753,0.342
USR-2770,40.13,85.98,"[""Sci-Fi"", ""Thriller"", ""Action""]",22,0.96,0.476
USR-9597,1.64,32.08,"[""Drama"", ""Family""]",4,0.132,0.807
USR-10296,3.37,31.32,"[""Drama""]",3,0.398,0.617
USR-1532,34.1,101.82,"[""Action"", ""Sci-Fi""]",29,0.945,0.405
USR-9716,2.74,25.13,"[""Drama""]",4,0.195,0.804
USR-9742,1.19,27.85,"[""Family""]",10,0.495,0.734
USR-9311,3.61,50.13,"[""Drama"", ""Family""]",5,0.315,0.662
USR-10667,3.78,42.16,"[""Family"", ""Comedy""]",6,0.1,0.459
USR-4121,51.77,105.85,"[""Action"", ""Thriller""]",32,0.795,0.44
USR-10117,4.36,24.91,"[""Drama""]",6,0.569,0.937
USR-1732,53.45,106.74,"[""Sci-Fi"", ""Thriller"", ""Action""]",24,0.929,0.383
USR-4407,7.06,27.49,"[""Comedy"", ""Romance""]",19,0.641,0.459
USR-3340,40.82,77.51,"[""Thriller"", ""Sci-Fi""]",27,0.854,0.359
USR-8621,30.19,48.04,"[""Documentary"", ""Romance"", ""Drama"", ""Mystery"", ""Sci-Fi""]",30,0.679,0.646
USR-6982,23.36,65.71,"[""Crime"", ""Romance"", ""Drama"", ""Sci-Fi"", ""Documentary""]",32,0.647,0.396
USR-3566,36.64,107.67,"[""Action"", ""Sci-Fi""]",22,0.873,0.355
USR-8900,27.16,47.42,"[""Romance"", ""Drama"", ""Mystery"", ""Sci-Fi""]",23,0.709,0.451
USR-8996,27.98,35.67,"[""Romance"", ""Adventure"", ""Documentary"", ""Crime"", ""Drama""]",24,0.678,0.445
USR-8655,33.87,62.66,"[""Crime"", ""Mystery"", ""Sci-Fi"", ""Drama""]",28,0.63,0.567
USR-8201,35.54,75.71,"[""Sci-Fi"", ""Adventure"", ""Crime"", ""Romance""]",30,0.747,0.646
USR-6611,6.12,22.75,"[""Animation""]",36,0.828,0.295
USR-7118,21.82,63.36,"[""Crime"", ""Adventure"", ""Mystery"", ""Documentary"", ""Romance""]",32,0.748,0.477
USR-10070,3.75,21.71,"[""Comedy""]",6,0.35,0.63
USR-2256,24.95,97.3,"[""Thriller"", ""Sci-Fi""]",24,0.938,0.289
USR-3105,45.64,83.66,"[""Sci-Fi"", ""Action"", ""Thriller""]",24,0.745,0.527
USR-10289,1.7,45.3,"[""Drama""]",8,0.337,1.0
USR-7850,32.2,80.75,"[""Documentary"", ""Sci-Fi"", ""Mystery"", ""Adventure"", ""Crime""]",20,0.846,0.583
USR-7373,16.07,52.83,"[""Romance"", ""Crime"", ""Drama""]",25,0.754,0.47
USR-10246,2.95,29.84,"[""Comedy"", ""Drama""]",8,0.381,0.503
USR-5995,7.43,19.49,"[""Animation""]",33,0.678,0.329
USR-10064,3.91,18.35,"[""Drama"", ""Family""]",6,0.423,0.802
USR-7998,33.77,80.56,"[""Crime"", ""Sci-Fi"", ""Drama"", ""Documentary""]",29,0.638,0.319
USR-6058,6.46,15.51,"[""Comedy""]",18,0.627,0.322
USR-6983,31.21,75.1,"[""Mystery"", ""Romance"", ""Crime"", ""Documentary""]",25,0.679,0.595
USR-5435,10.83,21.14,"[""Animation""]",23,0.684,0.347
USR-4485,10.66,22.62,"[""Animation""]",19,0.737,0.39
USR-10591,4.68,41.29,"[""Family""]",3,0.547,0.843
USR-6319,10.58,23.0,"[""Comedy"", ""Animation""]",30,0.822,0.207
USR-4817,6.25,24.65,"[""Animation"", ""Comedy""]",19,0.76,0.248
USR-6863,7.26,29.74,"[""Animation"", ""Comedy""]",17,0.494,0.222
USR-10994,2.5,26.89,"[""Drama""]",4,0.621,0.632
USR-9016,22.63,50.05,"[""Mystery"", ""Sci-Fi"", ""Drama"", ""Documentary"", ""Romance""]",21,0.779,0.48
USR-8717,30.03,51.48,"[""Documentary"", ""Sci-Fi"", ""Romance"", ""Adventure"", ""Crime""]",18,0.845,0.539
USR-2622,29.17,89.14,"[""Sci-Fi"", ""Thriller"", ""Action""]",24,0.919,0.505
USR-10520,4.09,,"[""Drama""]",5,0.466,0.594
USR-7456,29.67,69.57,"[""Drama"", ""Adventure"", ""Sci-Fi"", ""Documentary""]",29,0.637,0.775
USR-7390,32.82,59.45,"[""Mystery"", ""Adventure"", ""Sci-Fi""]",16,0.606,0.455
USR-9996,3.69,24.86,"[""Comedy"", ""Drama""]",7,0.389,0.452
USR-2097,57.53,104.15,"[""Sci-Fi"", ""Thriller"", ""Crime""]",27,0.882,0.46
USR-7514,37.84,55.17,"[""Mystery"", ""Drama"", ""Romance"", ""Sci-Fi"", ""Documentary""]",8,0.732,0.429
USR-10579,5.38,25.4,"[""Family"", ""Comedy""]",3,0.411,0.819
USR-7952,19.17,62.51,"[""Documentary"", ""Mystery"", ""Drama"", ""Romance"", ""Adventure""]",23,0.84,0.431
USR-3464,38.4,83.74,"[""Sci-Fi"", ""Action""]",16,0.872,0.641
USR-8318,24.55,45.86,"[""Sci-Fi"", ""Drama"", ""Documentary"", ""Mystery""]",32,0.675,0.601
USR-2789,51.36,99.93,"[""Thriller"", ""Action"", ""Sci-Fi""]",28,0.92,0.591
USR-1251,39.8,104.65,"[""Thriller"", ""Sci-Fi""]",15,0.731,0.473
USR-8563,22.66,37.07,"[""Drama"", ""Romance"", ""Adventure"", ""Mystery"", ""Documentary""]",33,0.718,0.335
USR-8624,24.32,65.92,"[""Crime"", ""Sci-Fi"", ""Mystery""]",28,0.791,0.613
USR-7356,21.92,,"[""Sci-Fi"", ""Documentary"", ""Mystery""]",28,0.751,0.308
USR-1193,33.95,96.4,"[""Sci-Fi"", ""Thriller""]",21,0.872,0.419
USR-1821,43.98,96.72,"[""Action"", ""Sci-Fi""]",15,0.794,0.424
USR-10726,4.25,47.62,"[""Family""]",9,0.541,0.65
USR-9256,22.63,65.87,"[""Drama"", ""Romance"", ""Documentary"", ""Mystery"", ""Crime""]",18,0.745,0.658
USR-8362,14.92,58.7,"[""Crime"", ""Mystery"", ""Adventure""]",31,0.773,0.487
USR-6849,11.18,21.52,"[""Animation"", ""Comedy""]",18,0.508,0.388
USR-5401,9.56,27.98,"[""Animation"", ""Comedy""]",24,0.559,0.357
USR-8206,18.42,47.54,"[""Drama"", ""Documentary"", ""Crime""]",33,0.709,0.264
USR-6389,12.14,28.83,"[""Comedy"", ""Animation""]",17,0.565,0.345
USR-5167,6.44,31.69,,10,0.688,0.428
USR-5952,4.97,,"[""Animation"", ""Comedy""]",21,0.615,0.186
USR-3688,41.79,93.15,"[""Thriller"", ""Action""]",19,0.906,0.3
USR-5391,9.66,26.13,"[""Animation"", ""Comedy""]",25,0.68,0.289
USR-7811,16.64,35.0,"[""Crime"", ""Romance"", ""Sci-Fi""]",26,0.791,0.246
USR-7121,28.1,,"[""Documentary"", ""Mystery"", ""Crime"", ""Romance"", ""Sci-Fi""]",34,0.811,0.343
USR-5928,7.6,23.81,"[""Comedy""]",22,0.636,0.281
USR-9851,0.1,26.46,"[""Family""]",3,0.42,0.835
USR-6553,10.11,26.32,"[""Comedy""]",20,0.782,0.3
USR-3608,42.27,84.52,"[""Thriller"", ""Sci-Fi"", ""Action""]",17,0.914,0.409
USR-8636,22.83,56.95,"[""Romance"", ""Drama"", ""Crime"", ""Adventure""]",34,0.722,0.481
USR-1239,35.01,,,16,0.701,0.503
USR-5016,10.76,14.76,"[""Animation""]",24,0.699,0.283
USR-10358,4.9,14.07,"[""Drama""]",8,0.383,0.628
USR-3978,46.79,87.84,"[""Thriller"", ""Action""]",39,0.888,0.369
USR-7735,26.4,64.35,"[""Mystery"", ""Romance"", ""Sci-Fi""]",33,0.63,0.423
USR-7701,33.28,59.93,"[""Mystery"", ""Romance"", ""Sci-Fi"", ""Documentary""]",31,0.88,0.696
USR-10374,3.15,18.0,"[""Family""]",4,0.419,0.691
USR-6474,8.66,23.55,"[""Comedy"", ""Animation""]",16,0.605,0.533
USR-1946,25.68,94.38,"[""Action"", ""Sci-Fi""]",24,0.833,0.466
USR-7568,32.48,56.82,"[""Documentary"", ""Mystery"", ""Adventure""]",26,0.648,0.376
USR-8853,,69.74,"[""Romance"", ""Drama"", ""Crime"", ""Sci-Fi""]",25,0.752,0.327
USR-6098,6.47,26.42,"[""Comedy""]",17,0.736,0.164
USR-8263,18.72,67.45,"[""Mystery"", ""Crime"", ""Adventure"", ""Sci-Fi""]",25,0.714,0.442
USR-9704,2.97,34.47,"[""Drama""]",7,0.282,0.778
USR-4553,6.94,24.98,"[""Comedy"", ""Romance""]",20,0.521,0.509
USR-9642,3.3400324309038516,30.25,"[""Drama"", ""Family""]",6,0.351,0.561
USR-4361,7.75,23.97,"[""Animation"", ""Comedy""]",25,0.693,0.438
USR-10766,0.27,28.93,"[""Drama""]",3,0.428,0.605
USR-6629,8.25,28.25,"[""Animation"", ""Comedy""]",19,0.485,0.519
USR-3411,38.31,116.96,"[""Sci-Fi"", ""Thriller"", ""Action""]",33,0.891,0.577
USR-5508,4.32,28.77,"[""Comedy"", ""Animation""]",28,0.496,0.508
USR-9552,2.9,31.01,"[""Family"", ""Comedy""]",7,0.4,0.662
USR-4983,3.99,14.12,"[""Comedy""]",22,0.675,0.472
USR-1147,34.13,92.62,"[""Sci-Fi"", ""Thriller"", ""Action""]",17,0.9,0.439
USR-7804,25.49,65.05,"[""Crime"", ""Documentary"", ""Drama""]",21,0.731,0.425
USR-3295,32.95,96.96,"[""Thriller"", ""Action""]",23,0.83,0.445
USR-3254,39.17,117.55,"[""Action"", ""Thriller""]",14,0.758,0.466
USR-4612,11.78,22.25,"[""Comedy"", ""Animation""]",27,0.596,0.316
USR-6354,9.23,23.11,"[""Animation"", ""Comedy""]",24,0.816,0.353
USR-2737,56.71,92.45,"[""Thriller"", ""Action""]",18,0.882,0.372
USR-7001,27.21,47.13,"[""Mystery"", ""Drama"", ""Documentary"", ""Adventure"", ""Sci-Fi""]",25,0.751,0.52
USR-10369,3.91,36.39,"[""Comedy""]",6,0.379,0.687
USR-1115,48.65,84.01,"[""Thriller"", ""Action""]",20,0.888,0.365
USR-9954,3.04,12.93,"[""Family"", ""Comedy""]",5,0.56,0.687
USR-6782,5.48,28.93,"[""Animation"", ""Comedy""]",22,0.625,0.236
USR-10572,0.12,31.43,"[""Comedy"", ""Drama""]",5,0.412,0.64
USR-1499,46.54,93.54,"[""Sci-Fi"", ""Action"", ""Adventure""]",26,0.84,0.432
USR-9930,0.1,38.37,"[""Comedy""]",9,0.404,0.6
USR-1721,38.25,75.33,"[""Sci-Fi"", ""Action""]",30,0.843,0.402
USR-8350,,46.1,"[""Mystery"", ""Documentary"", ""Sci-Fi"", ""Adventure""]",23,0.609,0.48
USR-9937,1.69,30.71,"[""Comedy""]",4,0.253,0.744
USR-6864,3.29,22.49,"[""Animation"", ""Comedy""]",24,0.45,0.1
USR-4090,35.36,87.09,"[""Thriller"", ""Action"", ""Sci-Fi""]",32,0.927,0.457
USR-10916,4.17,30.74,"[""Drama""]",5,0.168,0.484
USR-8475,12.0,48.15,"[""Crime"", ""Drama"", ""Romance"", ""Sci-Fi""]",22,0.778,0.458
USR-10328,4.65,37.17,"[""Comedy"", ""Family""]",3,0.345,0.702
USR-1597,42.92,101.66,"[""Sci-Fi"", ""Action""]",28,0.747,0.418
USR-10187,3.41,36.24,"[""Comedy""]",8,0.444,0.634
USR-10367,2.9,31.69,"[""Comedy""]",8,0.21,0.709
USR-7197,30.26,66.97,"[""Romance"", ""Mystery"", ""Adventure"", ""Sci-Fi""]",31,0.836,0.538
USR-6165,7.35,19.08,"[""Animation"", ""Comedy""]",27,0.567,0.346
USR-2648,46.89,89.26,"[""Action"", ""Thriller""]",33,0.894,0.367
USR-7278,13.5,,"[""Drama"", ""Sci-Fi"", ""Mystery"", ""Crime"", ""Romance""]",22,0.689,0.609
USR-8836,27.75,48.38,"[""Drama"", ""Romance"", ""Documentary"", ""Sci-Fi"", ""Crime""]",31,0.829,0.528
USR-3701,48.6,58.01,"[""Sci-Fi"", ""Thriller"", ""Crime""]",29,0.834,0.405
USR-9463,3.24,38.33,"[""Family"", ""Drama""]",5,0.418,0.689
USR-2701,25.76,102.08,[],22,0.769,0.601
USR-10038,1.36,39.1,"[""Family"", ""Comedy""]",4,0.244,0.698
USR-6405,8.53,20.06,"[""Animation""]",13,0.661,0.424
USR-10986,3.54,30.43,"[""Comedy""]",6,0.27,0.725
USR-7070,28.62,49.04,"[""Sci-Fi"", ""Documentary"", ""Mystery"", ""Drama"", ""Adventure""]",40,0.898,0.546
USR-3943,40.14,86.4,"[""Action"", ""Sci-Fi""]",30,0.823,0.401
USR-7450,28.86,51.46,"[""Mystery"", ""Drama"", ""Crime"", ""Adventure""]",24,0.803,0.536
USR-1087,31.2,81.91,"[""Action"", ""Sci-Fi""]",25,0.731,0.416
USR-3309,40.93,82.84,"[""Sci-Fi"", ""Thriller"", ""Action""]",23,0.793,0.424
USR-3678,43.35,92.73,"[""Sci-Fi"", ""Action""]",22,0.941,0.506
USR-9305,5.14,17.32,"[""Drama"", ""Family""]",5,0.282,0.732
USR-8903,24.57,61.02,"[""Drama"", ""Mystery"", ""Crime""]",26,0.747,0.382
USR-3595,19.32,82.67,"[""Sci-Fi"", ""Thriller"", ""Action""]",20,0.827,0.234
USR-7200,28.61,50.31,"[""Romance"", ""Drama"", ""Documentary""]",36,0.767,0.384
USR-2030,43.35,94.69,"[""Thriller"", ""Action""]",30,0.717,0.295
USR-1137,50.99,107.05,"[""Thriller"", ""Sci-Fi"", ""Action""]",39,0.816,0.385
USR-7990,18.75,62.16,"[""Mystery"", ""Sci-Fi"", ""Drama"", ""Crime"", ""Romance""]",28,0.849,0.304
USR-10867,2.1,18.88,"[""Family"", ""Drama""]",5,0.311,0.872
USR-3855,44.18,102.94,"[""Sci-Fi"", ""Thriller"", ""Adventure""]",26,0.888,0.339
USR-5410,13.52,18.56,"[""Animation"", ""Romance""]",32,0.863,0.341
USR-2201,44.92,84.71,"[""Action"", ""Thriller""]",15,0.969,0.625
USR-5718,9.34,23.38,"[""Comedy"", ""Animation""]",18,0.561,0.268
USR-10615,3.27,26.71,"[""Comedy""]",4,0.696,0.814
USR-8177,30.24,59.83,"[""Documentary"", ""Romance"", ""Sci-Fi""]",31,0.784,0.435
USR-1567,32.37,74.55,,13,0.802,0.615
USR-8433,14.23,60.88,"[""Sci-Fi"", ""Crime"", ""Adventure""]",18,0.748,0.494
USR-6431,9.74,31.15,"[""Comedy""]",28,0.47,0.451
USR-4928,12.85,26.13,"[""Comedy"", ""Animation""]",28,0.819,0.228
USR-9200,31.74,55.36,"[""Adventure"", ""Drama"", ""Romance""]",20,0.557,0.427
USR-8760,25.55,70.89,"[""Documentary"", ""Adventure"", ""Sci-Fi"", ""Romance""]",25,0.879,0.438
USR-8186,21.81,68.98,"[""Romance"", ""Mystery"", ""Drama"", ""Sci-Fi"", ""Crime""]",25,0.771,0.458
USR-7727,29.24,58.02,"[""Drama"", ""Mystery"", ""Romance""]",35,0.949,0.555
USR-7690,38.62,63.66,"[""Mystery"", ""Drama"", ""Adventure""]",28,0.773,0.571
USR-10007,0.37,43.51,"[""Family""]",4,0.31,0.696
USR-9913,4.47,38.66,"[""Comedy"", ""Drama""]",8,0.38,0.582
USR-3331,32.4,88.65,"[""Thriller"", ""Action""]",17,0.901,0.376
USR-4516,3.77,22.06,"[""Comedy"", ""Animation""]",20,0.715,0.474
USR-3188,33.26,109.0,"[""Sci-Fi"", ""Thriller""]",30,0.807,0.361
USR-1196,31.05,73.89,"[""Sci-Fi"", ""Action"", ""Thriller""]",31,0.911,0.478
USR-8426,15.57,70.3,"[""Drama"", ""Sci-Fi"", ""Romance""]",28,0.737,0.636
USR-6799,,31.29,"[""Comedy"", ""Animation""]",26,0.703,0.422
USR-6060,6.32,26.96,"[""Animation""]",20,0.672,0.181
USR-1803,49.54,98.73,"[""Thriller"", ""Action"", ""Sci-Fi""]",38,0.898,0.329
USR-7509,23.43,53.34,"[""Mystery"", ""Drama"", ""Romance""]",23,0.725,0.615
USR-9068,31.44,42.71,"[""Romance"", ""Sci-Fi"", ""Mystery"", ""Crime""]",27,0.819,0.374
USR-3069,48.09,102.14,"[""Sci-Fi"", ""Thriller""]",30,0.732,0.364
USR-7501,28.17,82.65,"[""Drama"", ""Documentary"", ""Crime"", ""Adventure"", ""Sci-Fi""]",28,0.835,0.282
USR-9837,0.75,34.1,"[""Family"", ""Comedy""]",2,0.47,0.685
USR-1645,33.79,98.71,"[""Thriller"", ""Action""]",9,1.0,0.473
USR-10470,5.02,28.81,"[""Family"", ""Comedy""]",7,0.502,0.727
USR-6104,10.92,28.81,"[""Comedy""]",24,0.482,0.281
USR-6461,6.0,21.7,"[""Comedy""]",24,0.639,0.162
USR-2638,44.5,78.72,"[""Action"", ""Thriller"", ""Adventure""]",26,0.828,0.423
USR-1121,37.69,99.78,"[""Action"", ""Sci-Fi"", ""Crime""]",21,0.901,0.577
USR-3982,35.23,97.04,"[""Action"", ""Sci-Fi"", ""Adventure""]",25,0.893,0.542
USR-6070,5.01,28.64,"[""Comedy"", ""Animation"", ""Romance""]",21,0.635,0.406
USR-4075,37.23,115.51,"[""Action"", ""Sci-Fi""]",22,0.673,0.541
USR-10022,2.8,26.85,"[""Comedy"", ""Family""]",3,0.345,0.758
USR-4279,11.71,20.5,,17,0.618,0.4
USR-3136,33.41,109.74,"[""Action"", ""Sci-Fi"", ""Thriller""]",22,0.94,0.642
USR-9009,24.57,65.68,"[""Sci-Fi"", ""Mystery"", ""Adventure"", ""Romance"", ""Drama""]",28,0.86,0.665
USR-5971,10.86,27.63,"[""Comedy""]",17,0.593,0.394
USR-7344,23.53,47.19,"[""Drama"", ""Crime"", ""Mystery"", ""Romance"", ""Documentary""]",16,0.918,0.593
USR-1135,51.59,97.01,"[""Thriller"", ""Action"", ""Sci-Fi""]",27,0.905,0.362
USR-9539,3.54,27.21,"[""Family"", ""Drama""]",6,0.437,0.891
USR-6325,8.44,25.67,"[""Animation""]",12,0.6,0.315
USR-10739,3.42,27.74,"[""Drama"", ""Family""]",4,0.357,0.615
USR-7308,27.02,52.35,"[""Romance"", ""Drama"", ""Sci-Fi"", ""Documentary""]",29,0.83,0.526
USR-3560,35.48,56.64,"[""Action"", ""Sci-Fi"", ""Crime""]",25,0.841,0.437
USR-1063,34.65,85.34,"[""Action"", ""Sci-Fi""]",20,0.805,0.277
USR-2359,34.73,91.54,"[""Sci-Fi"", ""Thriller"", ""Action"", ""Crime""]",25,0.922,0.479
USR-9708,3.2,27.29,"[""Drama""]",9,0.544,0.917
USR-7585,23.83,64.01,"[""Adventure"", ""Romance"", ""Mystery"", ""Crime""]",18,0.85,0.433
USR-6964,29.56,58.75,"[""Documentary"", ""Crime"", ""Drama"", ""Mystery""]",17,0.864,0.537
USR-3468,41.61,91.56,"[""Thriller"", ""Action""]",24,0.987,0.401
USR-1680,33.58,87.45,"[""Action"", ""Sci-Fi"", ""Adventure""]",19,0.798,0.481
USR-7955,22.34,41.99,"[""Crime"", ""Adventure"", ""Romance"", ""Drama""]",10,0.847,0.469
USR-1742,47.13,108.61,"[""Thriller"", ""Sci-Fi"", ""Adventure""]",34,0.806,0.395
USR-6308,8.86,37.15,"[""Animation""]",25,0.758,0.339
USR-7902,20.74,66.82,"[""Mystery"", ""Adventure"", ""Sci-Fi"", ""Documentary"", ""Drama""]",28,0.749,0.522
USR-4642,9.54,24.97,"[""Comedy"", ""Animation""]",15,0.598,0.425
USR-1445,39.29,99.15,"[""Sci-Fi"", ""Thriller""]",39,0.807,0.24
USR-9253,27.6,43.43,"[""Sci-Fi"", ""Romance"", ""Adventure""]",26,0.836,0.31
USR-4259,8.55,27.25,"[""Animation"", ""Comedy""]",21,0.587,0.295
USR-5664,5.11,28.12,"[""Comedy""]",17,0.674,0.383
USR-2874,38.26,81.65,"[""Thriller"", ""Action"", ""Sci-Fi""]",30,0.755,0.31
USR-7518,22.59,57.34,"[""Mystery"", ""Drama"", ""Documentary"", ""Crime""]",19,0.823,0.599
USR-3597,27.86,80.88,"[""Sci-Fi"", ""Thriller"", ""Action"", ""Adventure""]",23,0.743,0.244
USR-2718,43.48,95.68,"[""Action"", ""Thriller"", ""Sci-Fi"", ""Crime""]",31,0.847,0.519
USR-3913,34.53,90.52,"[""Sci-Fi"", ""Thriller""]",26,0.885,0.418
USR-3844,43.62,88.83,"[""Sci-Fi"", ""Action""]",18,0.808,0.444
USR-5028,10.73,29.49,"[""Comedy""]",22,0.754,0.111
USR-6489,9.51,25.29,"[""Animation""]",6,0.609,0.336
USR-9727,4.46,35.98,"[""Comedy""]",5,0.367,0.817
USR-5486,7.0,25.17,"[""Comedy"", ""Animation""]",24,0.764,0.275
USR-3557,33.96,108.59,"[""Action"", ""Thriller"", ""Sci-Fi"", ""Adventure""]",23,0.759,0.374
USR-1490,40.31,90.76,"[""Thriller"", ""Action"", ""Adventure""]",25,0.747,0.431
USR-1494,27.89,98.7,"[""Thriller"", ""Sci-Fi"", ""Action"", ""Adventure""]",29,0.862,0.391
USR-1691,55.86,103.58,"[""Action"", ""Sci-Fi""]",31,0.81,0.317
USR-4822,4.99,24.16,"[""Comedy"", ""Animation""]",15,0.528,0.216
USR-1603,36.04,74.66,"[""Action"", ""Sci-Fi""]",18,0.853,0.235
USR-2912,,92.9,"[""Action"", ""Sci-Fi"", ""Adventure""]",21,0.82,0.333
USR-2015,30.52,77.17,"[""Action"", ""Sci-Fi""]",31,0.819,0.414
USR-8964,34.2,52.51,"[""Sci-Fi"", ""Drama"", ""Adventure""]",32,0.672,0.744
USR-2994,42.88,86.59,"[""Thriller"", ""Action""]",26,0.882,0.277
USR-6903,32.35,63.7,"[""Romance"", ""Mystery"", ""Crime"", ""Sci-Fi""]",40,0.693,0.479
USR-4758,4.48,18.96,"[""Comedy"", ""Animation"", ""Romance""]",14,0.695,0.302
USR-3367,35.08,77.79,"[""Sci-Fi"", ""Thriller""]",21,0.797,0.492
USR-6284,5.09,21.75,"[""Animation"", ""Comedy"", ""Romance""]",22,0.601,0.552
USR-5371,8.97,28.23,"[""Animation"", ""Comedy""]",18,0.808,0.278
USR-8043,28.44,59.36,"[""Romance"", ""Sci-Fi"", ""Documentary"", ""Adventure""]",34,0.531,0.487
USR-8173,26.94,56.03,"[""Documentary"", ""Romance"", ""Crime"", ""Adventure""]",20,0.883,0.498
USR-2362,36.92,97.49,"[""Sci-Fi"", ""Action"", ""Adventure""]",15,0.898,0.495
USR-7126,25.81,43.91,"[""Romance"", ""Drama"", ""Mystery""]",22,0.892,0.636
USR-2527,44.69,74.11,"[""Thriller"", ""Action""]",21,0.896,0.505
USR-2328,34.51,81.04,"[""Thriller"", ""Sci-Fi"", ""Action""]",29,0.775,0.495
USR-7226,33.65,58.45,"[""Adventure"", ""Romance"", ""Documentary""]",15,0.773,0.561
USR-8363,22.83,61.7,"[""Mystery"", ""Crime"", ""Adventure"", ""Sci-Fi"", ""Documentary""]",26,0.647,0.362
USR-2552,30.84,94.21,,26,0.937,0.344
USR-8347,21.45,72.21,"[""Crime"", ""Documentary"", ""Mystery"", ""Adventure""]",34,0.705,0.39
USR-10786,5.5,29.19,"[""Family""]",6,0.489,0.873
USR-2338,30.64,120.07,"[""Thriller"", ""Action"", ""Sci-Fi""]",23,0.872,0.257
USR-4902,4.7,19.37,"[""Comedy"", ""Animation""]",12,0.661,0.261
USR-4011,41.29,99.33,"[""Thriller"", ""Action"", ""Sci-Fi""]",28,0.824,0.393
USR-6042,7.44,23.34,"[""Animation""]",23,0.567,0.499
USR-9919,2.99,38.18,"[""Comedy""]",5,0.161,0.683
USR-3251,35.58,102.62,"[""Action"", ""Sci-Fi"", ""Thriller""]",34,0.853,0.344
USR-7688,28.15,58.76,"[""Sci-Fi"", ""Crime"", ""Adventure"", ""Romance"", ""Mystery""]",30,0.663,0.603
USR-6040,8.03,27.93,"[""Comedy"", ""Animation""]",15,0.639,0.497
USR-3347,28.56,106.83,"[""Thriller"", ""Action"", ""Sci-Fi""]",25,0.806,0.414
USR-10378,4.47,15.1,"[""Family""]",6,0.57,0.556
USR-6486,8.93,19.45,"[""Animation"", ""Comedy""]",26,0.8,0.378
USR-3785,40.39,76.65,"[""Sci-Fi"", ""Action"", ""Thriller"", ""Adventure""]",19,0.995,0.519
USR-6695,10.36,20.54,"[""Comedy"", ""Animation""]",21,0.543,0.306
USR-6120,9.65,22.04,"[""Animation"", ""Comedy""]",26,0.743,0.399
USR-8721,20.15,59.61,"[""Drama"", ""Romance"", ""Adventure"", ""Crime"", ""Documentary""]",33,0.632,0.432
USR-6556,7.99,19.01,"[""Comedy"", ""Animation""]",20,0.715,0.38
USR-6600,7.9,29.54,"[""Comedy"", ""Romance""]",27,0.715,0.389
USR-7835,26.2,64.62,"[""Crime"", ""Drama"", ""Documentary"", ""Adventure"", ""Romance""]",23,0.783,0.648
USR-1151,39.35,,"[""Thriller"", ""Action"", ""Sci-Fi""]",30,0.995,0.321
USR-3805,51.04,97.3,"[""Action"", ""Sci-Fi"", ""Thriller""]",21,0.834,0.348
USR-7011,26.33,83.4,"[""Adventure"", ""Drama"", ""Mystery"", ""Sci-Fi"", ""Crime""]",22,0.738,0.58
USR-3087,40.27,106.56,"[""Sci-Fi"", ""Thriller""]",23,0.754,0.405
USR-4752,8.44,18.62,"[""Comedy"", ""Animation""]",16,0.727,0.369
USR-6613,7.61,33.65,"[""Animation"", ""Comedy""]",28,0.8,0.405
USR-3260,47.55,87.49,"[""Action"", ""Thriller"", ""Silent Cinema""]",27,0.857,0.459
USR-5018,14.84,23.79,[],17,0.596,0.36
USR-8742,27.09,56.78,"[""Documentary"", ""Adventure"", ""Sci-Fi""]",21,0.809,0.537
USR-7202,17.98,58.52,"[""Crime"", ""Romance"", ""Sci-Fi""]",43,0.714,0.41
USR-3425,39.75,89.74,"[""Sci-Fi"", ""Thriller""]",37,0.842,0.376
USR-5139,8.92,21.5,"[""Animation"", ""Comedy""]",20,0.735,0.26
USR-4857,,14.81,"[""Animation"", ""Comedy""]",21,0.63,0.224
USR-1860,40.24,85.54,"[""Sci-Fi"", ""Thriller""]",27,0.788,0.298
USR-6368,6.04,20.13,"[""Animation"", ""Comedy""]",29,0.773,0.362
USR-9420,2.38,25.23,"[""Family""]",6,0.157,0.73
USR-9308,3.24,16.92,"[""Family""]",4,0.226,0.803
USR-8489,26.56,67.68,"[""Crime"", ""Drama"", ""Romance"", ""Mystery""]",20,0.865,0.371
USR-9656,3.48,28.09,"[""Family"", ""Comedy""]",4,0.159,0.674
USR-5740,8.14,23.07,"[""Animation"", ""Comedy""]",23,0.781,0.271
USR-9687,3.55,37.61,"[""Comedy""]",3,0.471,0.579
USR-5463,3.45,15.52,"[""Comedy"", ""Animation""]",15,0.608,0.4
USR-6529,13.71,15.28,"[""Comedy"", ""Animation""]",26,0.584,0.44
USR-2365,28.91,84.29,"[""Thriller"", ""Action"", ""Sci-Fi""]",23,0.87,0.326
USR-2780,44.46,85.16,"[""Action"", ""Sci-Fi""]",42,0.998,0.239
USR-7007,28.33,57.19,"[""Sci-Fi"", ""Crime"", ""Drama""]",22,0.831,0.497
USR-5786,10.84,25.74,"[""Animation"", ""Comedy""]",22,0.703,0.346
USR-7483,30.24,44.91,"[""Sci-Fi"", ""Drama"", ""Crime""]",29,0.765,0.457
USR-2819,41.03,118.86,"[""Action"", ""Thriller""]",20,0.85,0.595
USR-8975,23.09,51.86,"[""Adventure"", ""Documentary"", ""Drama""]",26,0.765,0.442
USR-5938,5.06,30.94,"[""Comedy""]",25,0.604,0.459
USR-3705,45.29,87.82,"[""Sci-Fi"", ""Action"", ""Thriller""]",18,0.745,0.329
USR-6286,9.48,23.98,"[""Comedy"", ""Animation""]",34,0.662,0.423
USR-1176,30.56,95.39,"[""Action"", ""Thriller""]",19,0.908,0.374
USR-9032,29.2,74.78,"[""Documentary"", ""Romance"", ""Drama""]",35,0.898,0.376
USR-3094,49.07,97.27,"[""Thriller"", ""Sci-Fi""]",23,0.916,0.52
USR-9881,2.78,30.1,"[""Family""]",3,0.271,0.711
USR-4492,11.33,21.0,"[""Comedy"", ""Animation""]",20,0.758,0.428
USR-2921,40.39,108.62,"[""Action"", ""Sci-Fi""]",32,0.957,0.424
USR-1083,44.51,78.89,"[""Thriller"", ""Action"", ""Crime""]",19,0.866,0.36
USR-1817,23.45,104.46,"[""Thriller"", ""Action"", ""Sci-Fi""]",17,0.708,0.384
USR-9694,4.77,29.71,"[""Comedy""]",4,0.389,0.531
USR-8523,30.57,58.08,"[""Adventure"", ""Mystery"", ""Romance"", ""Drama""]",25,0.854,0.441
USR-5397,9.16,31.11,"[""Comedy"", ""Animation""]",17,0.466,0.357
USR-9986,2.98,50.09,"[""Drama""]",5,0.38,0.664
USR-6569,7.78,20.5,"[""Animation"", ""Comedy""]",19,0.576,0.298
USR-1284,39.12,92.29,"[""Sci-Fi"", ""Action""]",26,0.749,0.358
USR-5121,8.83,25.76,"[""Animation"", ""Comedy""]",20,0.768,0.365
USR-8650,25.5,51.58,"[""Documentary"", ""Crime"", ""Drama"", ""Romance""]",17,0.693,0.571
USR-1610,46.74,75.52,"[""Sci-Fi"", ""Thriller"", ""Adventure""]",35,0.805,0.503
USR-3916,58.75,78.82,"[""Action"", ""Thriller"", ""Sci-Fi""]",30,0.969,0.502
USR-2814,32.37,92.35,"[""Sci-Fi"", ""Action"", ""Thriller""]",24,0.894,0.363
USR-2272,36.03,85.79,"[""Action"", ""Thriller"", ""Sci-Fi""]",15,0.759,0.416
USR-7062,33.62,67.13,"[""Mystery"", ""Documentary"", ""Romance"", ""Crime""]",30,0.746,0.419
USR-10694,2.58,33.44,"[""Comedy"", ""Family""]",2,0.181,0.839
USR-3995,47.73,73.01,"[""Action"", ""Sci-Fi"", ""Thriller""]",14,0.873,0.388
USR-8276,25.58,73.05,"[""Mystery"", ""Drama"", ""Adventure"", ""Romance""]",26,0.684,0.785
USR-7860,22.66,35.0,"[""Mystery"", ""Sci-Fi"", ""Adventure"", ""Documentary"", ""Romance""]",20,0.86,0.413
USR-8525,21.83,41.77,"[""Mystery"", ""Documentary"", ""Sci-Fi"", ""Crime"", ""Romance""]",30,0.717,0.395
USR-3643,41.93,86.25,"[""Sci-Fi"", ""Action""]",28,0.762,0.333
USR-7708,17.82,57.96,"[""Adventure"", ""Mystery"", ""Sci-Fi""]",33,0.763,0.514
USR-5509,12.6,17.14,"[""Animation"", ""Comedy""]",18,0.695,0.193
USR-3306,41.56,89.68,"[""Action"", ""Thriller"", ""Adventure""]",21,0.887,0.432
USR-9843,5.62,36.08,"[""Comedy""]",8,0.311,0.694
USR-7409,30.21,65.12,"[""Documentary"", ""Romance"", ""Mystery"", ""Crime""]",26,0.868,0.424
USR-5196,7.42,17.0,"[""Animation"", ""Comedy"", ""Romance""]",13,0.543,0.425
USR-6563,10.97,22.9,"[""Comedy"", ""Animation""]",22,0.613,0.355
USR-5841,13.75,28.33,"[""Animation""]",9,0.713,0.505
USR-5656,7.24,27.86,"[""Animation""]",27,0.555,0.344
USR-9258,22.97,54.72,"[""Adventure"", ""Crime"", ""Mystery"", ""Drama"", ""Sci-Fi""]",26,0.743,0.321
USR-5169,8.21,14.23,"[""Comedy"", ""Animation""]",25,0.774,0.393
USR-4850,7.11,31.4,"[""Animation"", ""Comedy""]",19,0.667,0.292
USR-10946,2.45,27.58,"[""Drama""]",10,0.5,0.766
USR-9491,4.25,35.88,"[""Comedy""]",3,0.494,0.915
USR-6254,8.54,18.71,"[""Animation"", ""Comedy""]",21,0.68,0.359
USR-9060,17.43,69.64,"[""Sci-Fi"", ""Crime"", ""Mystery""]",35,0.769,0.35
USR-6534,10.14,22.67,"[""Comedy"", ""Animation""]",13,0.794,0.439
USR-3415,48.38,107.2,"[""Action"", ""Sci-Fi"", ""Crime""]",28,0.801,0.693
USR-4555,7.29,19.66,"[""Animation"", ""Comedy""]",17,0.622,0.432
USR-5692,5.1,26.59,"[""Comedy""]",22,0.633,0.31
USR-5499,8.04,23.12,"[""Animation"", ""Comedy""]",29,0.528,0.241
USR-3196,35.25,112.68,"[""Thriller"", ""Action""]",31,0.952,0.325
USR-6046,11.3,22.23,"[""Animation"", ""Comedy""]",27,0.572,0.374
USR-3601,31.27,100.83,"[""Sci-Fi"", ""Action""]",22,0.783,0.385
USR-2519,34.6,101.16,"[""Sci-Fi"", ""Thriller"", ""Crime""]",24,0.642,0.627
USR-5765,6.65,25.95,"[""Comedy"", ""Animation"", ""Slow TV""]",23,0.879,0.374
USR-5315,8.68,28.23,"[""Comedy""]",23,0.378,0.167
USR-4367,8.55,12.08,"[""Comedy""]",28,0.666,0.56
USR-9125,27.96,66.09,"[""Crime"", ""Mystery"", ""Adventure"", ""Romance"", ""Documentary""]",34,0.854,0.342
USR-10019,2.977088887352788,31.55,"[""Family"", ""Drama""]",3,0.202,0.676
USR-3634,44.85,100.19,"[""Action"", ""Thriller""]",18,0.821,0.414
USR-8261,-13.297572989356029,65.57,"[""Drama"", ""Crime"", ""Sci-Fi"", ""Mystery"", ""Romance""]",26,0.819,0.425
USR-6634,10.38,24.49,"[""Comedy"", ""Romance""]",23,0.734,0.2
USR-9283,26.84,61.44,"[""Crime"", ""Adventure"", ""Drama"", ""Sci-Fi"", ""Romance""]",32,0.89,0.342
USR-9883,1.01,33.45,"[""Drama""]",2,0.215,0.584
USR-3435,38.31,93.6,"[""Thriller"", ""Sci-Fi"", ""Action""]",26,0.847,0.412
USR-9366,1.99,31.25,"[""Drama"", ""Family""]",6,0.534,0.759
USR-7916,26.04,45.71,"[""Mystery"", ""Crime"", ""Documentary"", ""Drama"", ""Romance""]",26,0.862,0.606
USR-9276,18.2,55.92,"[""Romance"", ""Crime"", ""Adventure""]",16,0.899,0.449
USR-7766,17.31,56.6,"[""Drama"", ""Mystery"", ""Documentary""]",28,0.761,0.501
USR-5521,9.73,21.25,"[""Comedy"", ""Animation""]",16,0.568,0.325
USR-6588,7.92,32.14,"[""Comedy"", ""Animation""]",22,0.746,0.115
USR-4546,8.57,23.57,"[""Comedy""]",21,0.501,0.228
USR-7105,31.62,57.65,"[""Mystery"", ""Sci-Fi"", ""Documentary"", ""Adventure"", ""Romance""]",28,0.826,0.419
USR-8071,22.13,43.85,"[""Drama"", ""Romance"", ""Documentary"", ""Mystery""]",21,0.798,0.775
USR-9899,2.71,34.74,"[""Comedy""]",11,0.552,0.685
USR-6532,7.0,20.16,"[""Animation""]",26,0.706,0.56
USR-6445,8.35,22.42,"[""Comedy"", ""Animation""]",21,0.646,0.431
USR-1518,50.17,77.58,"[""Sci-Fi"", ""Action"", ""Thriller"", ""Adventure""]",39,0.819,0.655
USR-7254,22.32,54.57,"[""Crime"", ""Mystery"", ""Documentary"", ""Sci-Fi"", ""Drama""]",23,0.808,0.514
USR-8024,15.22,35.0,"[""Crime"", ""Mystery"", ""Adventure"", ""Romance"", ""Sci-Fi""]",21,0.842,0.53
USR-10177,4.49,29.78,"[""Family""]",10,0.339,0.734
USR-9138,26.99,60.84,"[""Romance"", ""Adventure"", ""Mystery"", ""Crime"", ""Documentary""]",30,0.713,0.527
USR-2416,45.76,68.72,"[""Sci-Fi"", ""Action""]",16,0.82,0.233
USR-5665,9.34,16.92,"[""Comedy""]",28,0.472,0.337
USR-5457,6.4,29.04,"[""Animation"", ""Comedy"", ""Romance""]",24,0.588,0.4
USR-3762,30.28,74.41,"[""Thriller"", ""Action"", ""Sci-Fi""]",28,0.941,0.563
USR-6912,26.49,35.0,"[""Drama"", ""Documentary"", ""Mystery"", ""Sci-Fi"", ""Crime""]",30,0.69,0.486
USR-5856,8.46,20.72,"[""Comedy"", ""Animation""]",16,0.676,0.424
USR-1128,29.97,104.57,"[""Sci-Fi"", ""Thriller""]",23,0.793,0.353
USR-4475,6.87,22.8,"[""Comedy"", ""Animation""]",21,0.699,0.226
USR-9147,28.28,41.94,"[""Drama"", ""Crime"", ""Romance"", ""Adventure""]",24,0.89,0.567
USR-5311,6.85,24.43,"[""Animation"", ""Romance""]",28,0.605,0.538
USR-3439,50.4,98.98,"[""Sci-Fi"", ""Action""]",28,0.946,0.377
USR-4766,7.58,22.03,"[""Animation""]",24,0.505,0.351
USR-8959,20.74,56.87,"[""Drama"", ""Adventure"", ""Romance""]",21,0.926,0.275
USR-7033,24.54,56.17,"[""Documentary"", ""Romance"", ""Adventure""]",34,0.874,0.54
USR-8590,23.02,52.77,"[""Sci-Fi"", ""Documentary"", ""Romance"", ""Drama"", ""Crime""]",23,0.834,0.327
USR-7361,25.51,61.54,"[""Romance"", ""Adventure"", ""Crime""]",36,0.677,0.447
USR-10869,2.48,40.67,"[""Family""]",1,0.322,0.726
USR-2474,36.64,91.17,"[""Thriller"", ""Action""]",20,0.829,0.396
USR-5822,10.5,13.42,"[""Animation""]",23,0.73,0.496
USR-8076,31.14,39.08,"[""Documentary"", ""Crime"", ""Sci-Fi"", ""Mystery""]",30,0.786,0.555
USR-4561,6.72,31.13,"[""Comedy"", ""Animation""]",22,0.641,0.199
USR-4952,9.51,23.64,"[""Comedy"", ""Animation""]",24,0.68,0.281
USR-1050,31.67,65.45,"[""Sci-Fi"", ""Thriller"", ""Action"", ""Crime""]",28,0.837,0.449
USR-6438,7.66,37.3,"[""Comedy"", ""Animation"", ""Romance""]",19,0.657,0.441
USR-10997,3.01,29.19,"[""Family""]",4,0.442,0.723
USR-1888,45.95,87.37,"[""Action"", ""Thriller"", ""Sci-Fi""]",26,0.873,0.411
USR-3617,35.73,84.36,"[""Thriller"", ""Sci-Fi"", ""Action""]",36,0.878,0.475
USR-1517,25.52,,"[""Action"", ""Sci-Fi""]",21,0.854,0.384
USR-4169,45.14,110.92,"[""Action"", ""Thriller"", ""Sci-Fi"", ""Crime""]",36,0.77,0.55
USR-3950,42.5,108.85,"[""Action"", ""Thriller"", ""Sci-Fi""]",30,0.818,0.546
USR-2425,37.76,76.41,"[""Thriller"", ""Sci-Fi""]",22,0.874,0.389
USR-1140,43.68,86.27,"[""Sci-Fi"", ""Action""]",25,0.975,0.266
USR-2925,35.64,98.71,"[""Thriller"", ""Action"", ""Sci-Fi""]",19,0.839,0.331
USR-3379,38.42,101.31,"[""Action"", ""Sci-Fi"", ""Thriller""]",11,0.974,0.2
USR-4198,39.06,94.52,"[""Action"", ""Sci-Fi""]",28,0.886,0.338
USR-6132,11.33,14.84,"[""Animation"", ""Comedy""]",29,0.749,0.282
USR-1113,29.58,97.35,"[""Sci-Fi"", ""Action""]",25,0.889,0.449
USR-5560,8.69,17.83,"[""Comedy"", ""Animation""]",24,0.785,0.39
USR-5596,9.93,22.07,"[""Animation"", ""Comedy""]",12,0.783,0.294
USR-8467,29.74,57.65,"[""Documentary"", ""Adventure"", ""Sci-Fi"", ""Mystery"", ""Drama""]",24,0.844,0.419
USR-4251,11.03,20.34,"[""Comedy""]",36,0.609,0.385
USR-5691,3.75,17.43,"[""Animation"", ""Comedy""]",19,0.684,0.267
USR-10489,6.01,23.89,"[""Drama""]",5,0.298,0.786
USR-8943,22.91,75.58,"[""Adventure"", ""Mystery"", ""Sci-Fi""]",33,0.88,0.334
USR-5547,12.96,23.38,"[""Comedy"", ""Romance""]",17,0.692,0.488
USR-7975,28.91,52.95,"[""Drama"", ""Documentary"", ""Romance"", ""Adventure""]",27,0.75,0.569
USR-4278,8.56,29.12,"[""Comedy"", ""Animation""]",21,0.741,0.404
USR-7429,22.75,49.44,"[""Documentary"", ""Sci-Fi"", ""Drama"", ""Adventure""]",12,0.771,0.533
USR-9812,4.17,26.37,"[""Drama""]",5,0.225,0.69
USR-5069,6.39,24.0,"[""Animation""]",23,0.494,0.442
USR-5409,11.06,16.02,"[""Animation""]",20,0.677,0.377
USR-7297,29.71,35.0,"[""Adventure"", ""Romance"", ""Sci-Fi"", ""Mystery""]",24,0.8,0.474
USR-9886,3.82,35.2,"[""Family""]",5,0.381,0.641
USR-8553,20.73,47.11,"[""Sci-Fi"", ""Drama"", ""Crime"", ""Mystery""]",22,0.777,0.557
USR-4223,6.0,24.94,"[""Animation"", ""Comedy"", ""Romance""]",21,0.638,0.474
USR-9299,29.7,68.36,"[""Crime"", ""Sci-Fi"", ""Documentary""]",17,0.847,0.653
USR-1452,26.95,93.84,"[""Sci-Fi"", ""Thriller"", ""Adventure""]",21,0.831,0.501
USR-4732,9.48,32.83,"[""Animation"", ""Comedy""]",24,0.717,0.26
USR-10048,3.59,31.39,"[""Drama""]",8,0.258,0.567
USR-5987,6.86,34.92,"[""Comedy"", ""Animation""]",29,0.746,0.478
USR-4664,7.05,22.38,"[""Comedy"", ""Animation""]",16,0.722,0.341
USR-3764,34.12,96.49,"[""Sci-Fi"", ""Thriller"", ""Action""]",18,0.836,0.419
USR-1659,45.58,75.05,"[""Sci-Fi"", ""Action""]",19,0.966,0.425
USR-2001,44.73968056871764,75.08,"[""Action"", ""Thriller"", ""Sci-Fi""]",32,0.833,0.223
USR-8848,21.6,47.07,"[""Romance"", ""Adventure"", ""Drama"", ""Mystery"", ""Crime""]",12,0.905,0.482
USR-5621,10.88,17.21,"[""Animation""]",23,0.8,0.192
USR-2000,35.67,111.46,"[""Action"", ""Thriller"", ""Crime""]",32,1.0,0.425
USR-1390,43.44,89.26,"[""Thriller"", ""Action"", ""Sci-Fi""]",33,0.818,0.478
USR-4408,7.8,24.99,"[""Comedy"", ""Animation""]",20,0.688,0.526
USR-2477,26.92,96.57,"[""Sci-Fi"", ""Thriller"", ""Action""]",43,0.974,0.356
USR-3241,,59.8,"[""Action"", ""Thriller""]",21,0.739,0.283
USR-3387,,105.24,"[""Sci-Fi"", ""Thriller"", ""Adventure""]",29,0.813,0.383
USR-10235,2.23,22.72,"[""Comedy"", ""Drama""]",7,0.368,0.608
USR-1993,35.3,100.72,"[""Thriller"", ""Sci-Fi"", ""Crime""]",29,0.729,0.422
USR-5998,6.28,20.27,"[""Animation"", ""Comedy""]",29,0.598,0.408
USR-4923,10.08,18.48,"[""Animation"", ""Comedy""]",13,0.66,0.302
USR-3973,29.95,83.24,"[""Action"", ""Thriller""]",17,0.687,0.447
USR-4387,10.41,23.56,"[""Comedy""]",14,0.782,0.415
USR-9061,30.64,60.67,"[""Adventure"", ""Mystery"", ""Sci-Fi""]",22,0.832,0.336
USR-9264,25.24,58.74,"[""Drama"", ""Sci-Fi"", ""Mystery"", ""Adventure""]",16,0.738,0.479
USR-5770,9.18,20.25,"[""Comedy""]",24,0.639,0.435
USR-2294,33.87,82.45,"[""Action"", ""Thriller"", ""Sci-Fi""]",31,0.811,0.434
USR-2825,38.22,123.37,"[""Sci-Fi"", ""Thriller""]",19,0.821,0.461
USR-3874,35.24,77.46,"[""Action"", ""Sci-Fi""]",34,0.811,0.495
USR-5174,4.92,22.77,"[""Comedy"", ""Animation""]",13,0.499,0.203
USR-3536,19.82,78.66,"[""Action"", ""Thriller"", ""Sci-Fi""]",17,0.76,0.364
USR-10228,3.31,21.56,"[""Family""]",9,0.498,0.724
USR-2908,31.23,103.14,"[""Action"", ""Sci-Fi"", ""Thriller""]",28,0.925,0.306
USR-1043,26.41,80.2,"[""Thriller"", ""Sci-Fi""]",27,0.84,0.4
USR-10589,3.23,29.99,"[""Drama""]",3,0.556,0.752
USR-1369,27.84,77.96,"[""Action"", ""Thriller"", ""Sci-Fi""]",26,0.873,0.371
USR-2152,25.96,95.38,"[""Thriller"", ""Sci-Fi"", ""Action""]",16,0.834,0.389
USR-8928,24.92,55.58,"[""Drama"", ""Crime"", ""Adventure"", ""Romance""]",26,0.821,0.383
USR-8436,20.26,54.63,[],17,0.617,0.421
USR-8066,36.64,45.49,"[""Sci-Fi"", ""Romance"", ""Adventure""]",27,0.74,0.583
USR-7662,37.83,68.15,"[""Sci-Fi"", ""Documentary"", ""Romance"", ""Drama""]",18,0.665,0.404
USR-8696,26.79,60.02,"[""Crime"", ""Mystery"", ""Romance"", ""Adventure"", ""Drama""]",23,0.788,0.493
USR-5161,9.68,27.86,"[""Comedy""]",21,0.578,0.197
USR-5288,10.55,28.36,"[""Animation"", ""Comedy""]",14,0.71,0.218
USR-8951,19.47,42.53,"[""Documentary"", ""Mystery"", ""Drama"", ""Romance""]",21,0.671,0.574
USR-9813,3.08,35.82,"[""Comedy""]",4,0.25,0.626
USR-1175,33.12,99.42,"[""Action"", ""Sci-Fi"", ""Adventure""]",9,0.855,0.383
USR-2904,50.99,83.35,"[""Sci-Fi"", ""Thriller""]",29,0.776,0.379
USR-2100,40.84,106.38,"[""Action"", ""Thriller""]",21,0.728,0.199
USR-9241,,62.59,"[""Documentary"", ""Mystery"", ""Sci-Fi"", ""Crime""]",29,0.674,0.57
USR-4409,10.38,28.18,"[""Comedy"", ""Animation""]",23,0.744,0.282
USR-2539,44.03,87.89,"[""Sci-Fi"", ""Thriller""]",32,0.881,0.324
USR-3293,45.1,115.89,"[""Action"", ""Sci-Fi""]",30,0.76,0.31
USR-10396,4.32,35.19,"[""Family""]",5,0.342,0.688
USR-2364,25.25,82.19,"[""Action"", ""Thriller""]",32,0.823,0.593
USR-9971,1.67,24.61,"[""Drama""]",6,0.549,0.772
USR-8619,,72.18,"[""Documentary"", ""Adventure"", ""Drama""]",30,0.721,0.436
USR-6261,7.76,28.43,"[""Comedy""]",28,0.649,0.445
USR-7974,33.47,65.08,"[""Drama"", ""Documentary"", ""Adventure"", ""Crime"", ""Mystery""]",30,0.731,0.543
USR-10035,3.0,32.55,"[""Comedy"", ""Drama""]",8,0.321,0.577
USR-1681,28.42,105.28,"[""Sci-Fi"", ""Thriller"", ""Crime""]",14,0.887,0.482
USR-10411,3.47,18.15,"[""Drama"", ""Family""]",4,0.353,0.704
USR-8820,22.7,61.58,"[""Sci-Fi"", ""Mystery"", ""Documentary"", ""Romance"", ""Adventure""]",29,0.817,0.355
USR-4665,7.55,26.05,"[""Comedy"", ""Animation""]",21,0.629,0.569
USR-2662,27.12,107.37,"[""Thriller"", ""Sci-Fi"", ""Action"", ""Adventure""]",13,0.933,0.507
USR-1509,41.45,90.98,"[""Sci-Fi"", ""Action""]",29,1.0,0.434
USR-1167,34.09,94.88,"[""Sci-Fi"", ""Action"", ""Adventure""]",16,0.916,0.589
USR-6498,8.2,30.48,"[""Animation"", ""Comedy"", ""Romance""]",25,0.698,0.519
USR-9388,1.84,30.7,"[""Drama""]",8,0.438,0.828
USR-2007,41.16,103.31,"[""Thriller"", ""Sci-Fi""]",25,0.868,0.395
USR-9441,4.25,35.45,"[""Comedy"", ""Drama""]",4,0.438,0.625
USR-2915,32.21,107.78,"[""Thriller"", ""Action""]",21,0.938,0.337
USR-4495,7.14,24.5,"[""Animation"", ""Comedy""]",23,0.778,0.33
USR-10732,3.77,27.51,"[""Drama"", ""Slow TV""]",6,0.26,0.542
USR-10849,4.07,32.19,"[""Comedy""]",7,0.224,0.876
USR-7597,,65.19,"[""Documentary"", ""Drama"", ""Crime""]",39,0.777,0.517
USR-5991,5.21,28.11,"[""Animation""]",18,0.773,0.379
USR-3537,26.44,83.11,"[""Sci-Fi"", ""Thriller"", ""Action"", ""Adventure""]",25,0.736,0.49
USR-2105,34.1,,"[""Thriller"", ""Action""]",14,1.0,0.455
USR-4876,7.9,17.01,"[""Comedy"", ""Animation""]",27,0.543,0.476
USR-9236,14.72,62.26,"[""Mystery"", ""Adventure"", ""Crime"", ""Documentary""]",29,0.863,0.37
USR-2753,36.32,85.0,"[""Thriller"", ""Sci-Fi""]",40,0.867,0.439
USR-6311,11.78,25.45,"[""Animation"", ""Comedy""]",23,0.608,0.459
USR-6953,27.92,53.81,"[""Drama"", ""Mystery"", ""Sci-Fi"", ""Documentary"", ""Adventure""]",26,0.84,0.415
USR-8133,23.15,58.55,"[""Crime"", ""Drama"", ""Documentary"", ""Sci-Fi"", ""Mystery""]",19,0.839,0.34
USR-3917,39.19,98.67,"[""Sci-Fi"", ""Thriller""]",22,0.962,0.433
USR-9217,27.43,57.99,"[""Adventure"", ""Romance"", ""Crime"", ""Drama""]",34,0.924,0.319
USR-6755,14.43,32.52,"[""Comedy"", ""Animation"", ""Romance""]",22,0.776,0.513
USR-1153,43.41,100.9,"[""Thriller"", ""Action""]",32,0.829,0.432
USR-8863,-22.065641484816144,55.66,"[""Sci-Fi"", ""Romance"", ""Drama"", ""Mystery""]",19,0.874,0.569
USR-6680,6.88,21.58,"[""Comedy"", ""Animation""]",21,0.606,0.172
USR-4908,8.68,20.67,"[""Animation"", ""Comedy""]",18,0.619,0.288
USR-10231,3.16,36.47,"[""Family"", ""Comedy""]",6,0.333,0.736
USR-3553,40.23,86.98,"[""Thriller"", ""Action"", ""Adventure""]",26,0.854,0.551
USR-3774,26.5,86.59,"[""Sci-Fi"", ""Action""]",24,0.864,0.378
USR-10400,3.26,33.23,"[""Drama"", ""Family""]",5,0.279,0.896
USR-4552,8.46,29.99,"[""Animation"", ""Comedy""]",26,0.642,0.339
USR-4723,12.97,23.79,"[""Animation"", ""Comedy""]",20,0.511,0.358
USR-7796,22.81,45.07,"[""Crime"", ""Drama"", ""Adventure""]",21,0.786,0.519
USR-1521,43.65,75.38,"[""Action"", ""Sci-Fi"", ""Thriller""]",26,0.947,0.467
USR-9807,4.53,35.27,"[""Drama""]",8,0.394,0.798
USR-5539,7.89,19.04,"[""Animation""]",22,0.631,0.324
USR-7936,23.99,71.99,"[""Sci-Fi"", ""Mystery"", ""Adventure"", ""Drama""]",32,0.653,0.425
USR-2823,20.85,,"[""Thriller"", ""Sci-Fi"", ""Crime""]",31,0.795,0.37
USR-5087,8.49,26.31,"[""Animation"", ""Comedy""]",23,0.645,0.7
USR-9462,1.71,32.87,"[""Drama"", ""Comedy""]",6,0.397,0.727
USR-9835,3.82,35.2,"[""Drama"", ""Family""]",4,0.304,0.854
USR-8499,22.49,55.75,"[""Drama"", ""Mystery"", ""Documentary""]",27,0.838,0.438
USR-8916,28.59,62.96,"[""Romance"", ""Adventure"", ""Sci-Fi""]",25,0.787,0.426
USR-1310,37.44,95.58,"[""Thriller"", ""Action""]",23,0.936,0.456
USR-8894,24.23,52.27,"[""Romance"", ""Sci-Fi"", ""Documentary""]",39,0.837,0.401
USR-7621,26.53,51.99,"[""Crime"", ""Mystery"", ""Sci-Fi"", ""Documentary""]",20,0.658,0.697
USR-8483,24.5,55.5,"[""Sci-Fi"", ""Adventure"", ""Documentary"", ""Crime""]",26,0.794,0.363
USR-4600,10.23,32.16,"[""Comedy"", ""Romance""]",17,0.356,0.291
USR-4623,9.06,25.84,"[""Animation"", ""Comedy""]",20,0.715,0.31
USR-4812,8.17,21.88,"[""Comedy"", ""Animation""]",21,0.769,0.319
USR-7006,26.11,52.47,"[""Mystery"", ""Adventure"", ""Romance"", ""Drama""]",33,0.733,0.483
USR-4451,7.81,24.79,[],28,0.585,0.411
USR-5592,9.74,34.66,"[""Animation"", ""Comedy""]",26,0.654,0.413
USR-1206,41.52,87.53,"[""Sci-Fi"", ""Action"", ""Thriller""]",24,0.921,0.351
USR-10939,4.13,45.46,"[""Comedy"", ""Drama""]",7,0.543,0.66
USR-2136,34.84,62.57,"[""Action"", ""Sci-Fi"", ""Thriller""]",33,0.769,0.41
USR-10480,0.54,37.57,"[""Drama""]",2,0.432,0.643
USR-3750,34.79,82.29,"[""Action"", ""Sci-Fi""]",20,0.647,0.477
USR-4614,11.97,16.35,"[""Animation"", ""Comedy""]",19,0.555,0.241
USR-1306,24.5,99.96,"[""Thriller"", ""Sci-Fi"", ""Action"", ""Crime""]",25,0.723,0.499
USR-2850,47.91,75.34,"[""Thriller"", ""Sci-Fi""]",24,0.752,0.426
USR-7598,20.83,67.46,"[""Documentary"", ""Drama"", ""Mystery"", ""Sci-Fi"", ""Romance""]",27,0.727,0.516
USR-10163,2.2,,"[""Comedy"", ""Family""]",2,0.569,0.626
USR-2989,49.95,81.25,"[""Action"", ""Thriller"", ""Adventure""]",29,0.859,0.32
USR-4241,8.05,15.64,"[""Comedy""]",14,0.628,0.499
USR-3799,39.19,80.22,"[""Thriller"", ""Sci-Fi"", ""Action""]",22,0.8,0.322
USR-5516,8.67,19.47,"[""Comedy"", ""Animation""]",15,0.593,0.255
USR-6631,6.96,17.73,"[""Comedy"", ""Animation""]",21,0.731,0.381
USR-8887,26.63,69.23,"[""Documentary"", ""Crime"", ""Drama""]",29,0.8,0.287
USR-4110,50.76,81.16,"[""Action"", ""Thriller""]",22,0.812,0.341
USR-5940,9.64,21.19,"[""Comedy"", ""Animation""]",17,0.519,0.266
USR-5060,12.43,18.76,"[""Comedy""]",26,0.643,0.188
USR-2988,39.01,67.89,,25,0.885,0.436
USR-8324,23.22,51.38,"[""Mystery"", ""Crime"", ""Drama"", ""Adventure""]",32,0.782,0.671
USR-10637,4.16,33.92,"[""Comedy"", ""Family""]",5,0.416,0.85
USR-10277,2.11,34.18,"[""Comedy"", ""Drama""]",8,0.391,0.685
USR-1384,42.54,89.22,"[""Thriller"", ""Sci-Fi""]",28,0.94,0.338
USR-6635,,27.96,"[""Animation"", ""Comedy""]",12,0.698,0.213
USR-5308,6.83,24.92,"[""Comedy""]",17,0.695,0.365
USR-4389,10.92,33.18,"[""Animation"", ""Comedy""]",21,0.575,0.214
USR-4157,34.21,101.77,"[""Thriller"", ""Action""]",15,0.922,0.55
USR-7054,26.44,53.68,"[""Romance"", ""Sci-Fi"", ""Drama"", ""Documentary"", ""Mystery""]",23,0.847,0.173
USR-2710,40.207110086897195,108.02,"[""Sci-Fi"", ""Action""]",35,0.75,0.411
USR-3728,31.05,109.44,"[""Thriller"", ""Sci-Fi"", ""Action"", ""Crime""]",27,0.761,0.262
USR-7482,13.66,69.05,"[""Mystery"", ""Adventure"", ""Documentary"", ""Romance"", ""Sci-Fi""]",34,0.839,0.515
USR-7427,33.19,53.95,"[""Romance"", ""Documentary"", ""Adventure"", ""Sci-Fi""]",28,0.799,0.68
USR-9777,2.57,39.01,"[""Comedy""]",4,0.357,0.634
USR-9391,3.38,25.87,"[""Comedy""]",4,0.417,0.686
USR-7181,29.23,58.61,"[""Adventure"", ""Mystery"", ""Romance"", ""Drama""]",33,0.933,0.435
USR-4833,8.86,21.67,"[""Comedy""]",31,0.501,0.344
USR-9798,4.72,43.74,"[""Comedy""]",9,0.228,0.682
USR-5777,6.61,25.09,"[""Animation"", ""Comedy""]",30,0.698,0.388
USR-5277,13.55,14.63,"[""Animation"", ""Comedy""]",21,0.616,0.474
USR-1254,29.13,100.83,"[""Sci-Fi"", ""Action""]",21,0.778,0.526
USR-7320,20.52,66.95,"[""Documentary"", ""Crime"", ""Mystery""]",26,0.843,0.215
USR-1002,37.00398110200111,85.43,"[""Sci-Fi"", ""Action""]",28,0.813,0.373
USR-8457,31.85,42.46,"[""Romance"", ""Drama"", ""Adventure"", ""Documentary"", ""Mystery""]",16,0.731,0.462
USR-1279,39.32,93.15,"[""Action"", ""Sci-Fi"", ""Thriller""]",28,0.828,0.511
USR-4253,6.86,23.21,"[""Animation"", ""Esports Highlights""]",20,0.713,0.382
USR-3481,31.0,87.65,"[""Action"", ""Sci-Fi"", ""Thriller""]",25,0.879,0.359
USR-1290,42.49,55.73,"[""Thriller"", ""Sci-Fi""]",24,0.852,0.482
USR-10302,0.1,39.6,"[""Comedy"", ""Family""]",7,0.199,0.653
USR-4076,42.07,93.16,"[""Action"", ""Thriller""]",34,0.91,0.374
USR-5074,10.88,27.76,"[""Comedy"", ""Animation""]",13,0.67,0.49
USR-8769,25.75,48.94,"[""Drama"", ""Documentary"", ""Sci-Fi"", ""Adventure""]",25,0.753,0.459
USR-7555,24.7,65.44,"[""Documentary"", ""Drama"", ""Romance""]",29,0.805,0.307
USR-7109,28.07,57.05,"[""Adventure"", ""Documentary"", ""Mystery"", ""Sci-Fi""]",22,0.804,0.696
USR-6090,5.55,32.62,"[""Comedy"", ""Romance""]",25,0.726,0.571
USR-7839,24.42,52.79,"[""Adventure"", ""Romance"", ""Sci-Fi""]",31,0.814,0.689
USR-9063,,52.93,"[""Crime"", ""Drama"", ""Romance"", ""Adventure"", ""Documentary""]",25,0.777,0.604
USR-10816,6.4,30.26,"[""Family"", ""Comedy""]",3,0.308,0.808
USR-9492,3.39,23.56,"[""Comedy""]",1,0.432,0.76
USR-10052,0.81,27.12,"[""Comedy""]",5,0.415,0.603
USR-8929,37.49,66.82,"[""Romance"", ""Adventure"", ""Drama""]",26,0.799,0.719
USR-8930,22.52,58.66,"[""Sci-Fi"", ""Adventure"", ""Crime""]",23,0.812,0.48
USR-1271,22.45,85.99,"[""Thriller"", ""Action"", ""Sci-Fi""]",26,0.766,0.441
USR-7010,27.45,49.0,"[""Romance"", ""Mystery"", ""Crime"", ""Documentary""]",17,0.856,0.47
USR-5571,6.89,23.66,"[""Comedy"", ""Animation""]",23,0.684,0.494
USR-10050,2.64,36.59,"[""Family""]",6,0.513,0.583
USR-9182,28.25,50.91,"[""Drama"", ""Documentary"", ""Crime"", ""Adventure""]",26,0.846,0.438
USR-3972,37.43,68.63,"[""Action"", ""Sci-Fi""]",34,0.889,0.259
USR-7342,,67.69,"[""Crime"", ""Mystery"", ""Romance"", ""Adventure"", ""Sci-Fi""]",29,0.809,0.413
USR-9861,2.96,35.09,"[""Comedy""]",8,0.523,0.631
USR-5208,9.07,26.26,"[""Comedy""]",20,0.606,0.397
USR-4219,8.99,17.14,"[""Animation""]",24,0.576,0.237
USR-2392,26.98,102.89,"[""Sci-Fi"", ""Thriller"", ""Crime""]",25,0.852,0.496
USR-4976,6.67,26.49,"[""Comedy"", ""Animation""]",24,0.472,0.35
USR-5317,6.4,25.17,"[""Comedy"", ""Animation""]",27,0.615,0.387
USR-8486,-9.787376336271938,53.35,"[""Documentary"", ""Mystery"", ""Crime"", ""Romance""]",35,0.877,0.578
USR-8513,24.91,70.08,"[""Crime"", ""Romance"", ""Adventure""]",29,0.778,0.541
USR-9926,3.62,37.7,"[""Comedy"", ""Drama""]",7,0.372,0.516
USR-1084,47.76,90.74,"[""Thriller"", ""Sci-Fi""]",29,1.0,0.472
USR-1874,34.23,112.04,"[""Action"", ""Thriller""]",23,0.78,0.447
USR-10704,1.96,43.13,"[""Family""]",9,0.217,0.85
USR-10770,3.03,36.19,"[""Family""]",6,0.507,0.666
USR-5558,5.45,23.73,,18,0.858,0.325
USR-5501,7.03,19.86,"[""Animation"", ""Comedy""]",15,0.6,0.379
USR-5648,9.07,21.88,"[""Animation""]",20,0.508,0.377
USR-3039,26.39,103.13,"[""Thriller"", ""Sci-Fi"", ""Crime""]",25,0.912,0.357
USR-10793,1.95,25.13,"[""Family""]",5,0.355,0.547
USR-8654,13.49,51.63,"[""Documentary"", ""Drama"", ""Adventure"", ""Mystery""]",35,0.873,0.438
USR-3451,32.18,,"[""Sci-Fi"", ""Thriller"", ""Action"", ""Adventure""]",29,0.856,0.43
USR-4955,3.03,24.4,"[""Comedy"", ""Animation"", ""Romance""]",18,0.61,0.262
USR-3330,37.82,79.92,"[""Sci-Fi"", ""Action""]",32,0.929,0.555
USR-10220,3.62,26.59,"[""Comedy""]",6,0.432,0.848
USR-10262,2.69,39.49,"[""Drama"", ""Comedy""]",2,0.332,0.68
USR-6043,11.12,26.47,"[""Animation"", ""Comedy""]",22,0.657,0.314
USR-10460,0.96,50.91,"[""Drama""]",7,0.202,0.733
USR-5747,9.64,16.4,"[""Comedy""]",17,0.573,0.262
USR-10463,5.5,31.88,"[""Family"", ""Drama""]",4,0.246,0.874
USR-9314,1.08,36.9,"[""Family"", ""Drama""]",4,0.262,0.576
USR-10057,4.54,29.46,"[""Comedy"", ""Drama""]",6,0.367,0.817
USR-7793,24.41,59.3,"[""Drama"", ""Adventure"", ""Romance"", ""Crime""]",40,0.75,0.513
USR-7506,28.65,70.14,"[""Sci-Fi"", ""Documentary"", ""Crime"", ""Adventure""]",26,0.711,0.265
USR-3402,26.27,93.84,"[""Thriller"", ""Sci-Fi"", ""Adventure""]",23,0.947,0.383
USR-6521,8.08,25.02,"[""Animation"", ""Comedy""]",17,0.667,0.238
USR-2217,41.44,110.37,"[""Action"", ""Sci-Fi""]",17,1.0,0.392
USR-10603,2.0,21.35,"[""Family""]",8,0.324,0.707
USR-7021,13.51,71.1,"[""Adventure"", ""Crime"", ""Drama"", ""Mystery""]",27,0.787,0.695
USR-8217,,65.8,"[""Romance"", ""Crime"", ""Documentary"", ""Mystery""]",25,0.816,0.574
USR-2065,38.34,90.3,"[""Thriller"", ""Sci-Fi""]",17,0.679,0.409
USR-4787,7.09,18.59,"[""Animation"", ""Comedy""]",13,0.557,0.404
USR-5411,12.99,24.48,"[""Comedy""]",29,0.575,0.405
USR-8019,32.59,42.92,"[""Crime"", ""Drama"", ""Sci-Fi"", ""Adventure"", ""Documentary""]",38,0.844,0.544
USR-9594,3.09,33.1,"[""Comedy""]",2,0.572,0.85
USR-6524,12.74,24.39,"[""Animation""]",20,0.767,0.221
USR-6997,32.86,38.71,"[""Drama"", ""Mystery"", ""Sci-Fi"", ""Crime""]",33,0.666,0.557
USR-9927,1.82,18.86,"[""Drama""]",4,0.1,0.721
USR-6889,9.18,25.04,"[""Comedy"", ""Animation""]",21,0.528,0.335
USR-3162,38.2,77.35,"[""Thriller"", ""Sci-Fi""]",27,0.951,0.591
USR-4009,41.85,,"[""Action"", ""Sci-Fi""]",21,0.959,0.56
USR-2106,31.48,92.7,"[""Thriller"", ""Action""]",22,0.861,0.421
USR-9979,3.29,32.89,"[""Drama""]",4,0.411,0.684
USR-1693,34.15,75.21,"[""Sci-Fi"", ""Action""]",35,0.851,0.398
USR-10808,1.69,30.42,"[""Family""]",8,0.509,0.787
USR-5957,7.3,25.01,"[""Animation""]",28,0.649,0.315
USR-7752,12.0,52.95,"[""Crime"", ""Sci-Fi"", ""Romance""]",18,0.786,0.698
USR-9571,4.27,23.39,"[""Family"", ""Drama""]",8,0.467,0.814
USR-5370,11.46,18.03,"[""Comedy"", ""Animation""]",28,0.58,0.274
USR-3766,28.31,100.94,"[""Sci-Fi"", ""Action"", ""Thriller"", ""Adventure""]",26,0.99,0.417
USR-4930,8.17,24.05,"[""Comedy""]",29,0.702,0.388
USR-8301,28.56,58.88,"[""Adventure"", ""Romance"", ""Crime"", ""Mystery""]",30,0.71,0.349
USR-9828,3.75,39.22,"[""Drama"", ""Family""]",10,0.473,0.589
USR-8701,31.49,50.8,"[""Adventure"", ""Romance"", ""Mystery""]",33,0.756,0.68
USR-10181,4.59,24.49,"[""Comedy""]",7,0.241,0.791
USR-1629,45.37,84.39,"[""Action"", ""Thriller""]",31,0.859,0.469
USR-3452,29.77,,"[""Action"", ""Sci-Fi""]",20,0.856,0.525
USR-7388,28.92,67.82,"[""Drama"", ""Mystery"", ""Romance"", ""Crime""]",18,0.839,0.656
USR-10096,3.81,33.87,"[""Drama""]",3,0.303,0.841
USR-4825,9.5,22.18,"[""Comedy"", ""Animation""]",11,0.715,0.418
USR-10072,4.82,28.54,"[""Family"", ""Drama""]",4,0.289,0.815
USR-3653,42.64,89.82,"[""Action"", ""Sci-Fi"", ""Adventure""]",30,0.997,0.404
USR-10203,2.75,29.7,"[""Family"", ""Drama""]",5,0.28,0.785
USR-4744,12.26,15.94,"[""Comedy"", ""Romance""]",13,0.875,0.473
USR-3177,43.45,83.96,"[""Sci-Fi"", ""Thriller"", ""Action""]",29,0.844,0.352
USR-4722,12.428428342165457,23.44,"[""Comedy""]",24,0.648,0.475
USR-10743,1.0,47.4,"[""Drama"", ""Family""]",7,0.229,0.55
USR-4319,9.49,26.58,"[""Animation""]",15,0.806,0.346
USR-7493,36.35,52.72,"[""Crime"", ""Romance"", ""Mystery""]",27,0.814,0.539
USR-3788,36.13,103.3,"[""Action"", ""Sci-Fi"", ""Thriller""]",19,0.966,0.483
USR-5106,12.49,34.81,"[""Comedy"", ""Animation""]",14,0.694,0.302
USR-9731,4.2,50.61,"[""Family"", ""Drama""]",4,0.262,0.756
USR-2677,33.84,81.31,"[""Thriller"", ""Action"", ""Sci-Fi"", ""Adventure""]",25,0.79,0.338
USR-4948,6.58,27.2,"[""Comedy"", ""Animation""]",29,0.683,0.289
USR-5445,8.91,24.46,"[""Animation"", ""Comedy""]",22,0.61,0.351
USR-3937,41.81,95.02,"[""Action"", ""Sci-Fi"", ""Thriller"", ""Crime""]",32,0.743,0.5
USR-7956,21.1,53.23,"[""Mystery"", ""Crime"", ""Drama""]",30,0.634,0.434
USR-10377,4.11,44.05,"[""Drama""]",3,0.307,0.672
USR-6723,12.01,26.54,"[""Animation"", ""Comedy"", ""Romance""]",25,0.639,0.512
USR-8611,20.79,55.21,"[""Crime"", ""Sci-Fi"", ""Documentary"", ""Adventure"", ""Drama""]",32,0.707,0.48
USR-3504,35.0,112.08,"[""Thriller"", ""Action""]",32,0.753,0.41
USR-9573,2.13,32.01,"[""Drama"", ""Family""]",6,0.603,0.759
USR-3370,29.09,97.96,"[""Sci-Fi"", ""Thriller"", ""Action""]",28,0.785,0.228
USR-5968,13.54,27.44,"[""Animation""]",18,0.688,0.455
USR-6884,9.74,19.88,"[""Animation""]",15,0.666,0.254
USR-3218,36.99,100.88,"[""Thriller"", ""Sci-Fi""]",19,0.941,0.386
USR-6848,13.72,21.6,"[""Animation"", ""Comedy""]",14,0.592,0.421
USR-3219,36.37,99.55,"[""Sci-Fi"", ""Thriller"", ""Crime""]",23,0.728,0.506
USR-4327,3.73,25.42,"[""Animation"", ""Comedy""]",22,0.72,0.247
USR-7891,25.81,38.75,"[""Crime"", ""Romance"", ""Sci-Fi"", ""Adventure""]",26,0.734,0.637
USR-4584,10.71,30.58,"[""Comedy"", ""Animation""]",22,0.612,0.594
USR-10923,3.55,20.8,"[""Family""]",7,0.446,0.774
USR-4620,8.9,,"[""Comedy"", ""Animation""]",29,0.472,0.353
USR-7218,23.05,63.55,"[""Romance"", ""Adventure"", ""Drama""]",26,0.673,0.453
USR-8880,25.76,42.14,"[""Adventure"", ""Documentary"", ""Romance"", ""Sci-Fi""]",22,0.776,0.473
USR-7947,32.45,68.19,"[""Crime"", ""Sci-Fi"", ""Mystery"", ""Romance"", ""Documentary""]",22,0.761,0.407
USR-4116,36.8,87.41,"[""Action"", ""Thriller""]",22,0.737,0.488
USR-1086,28.29,76.24,"[""Thriller"", ""Sci-Fi""]",24,0.849,0.288
USR-9559,2.34,30.58,"[""Comedy""]",3,0.2,0.751
USR-6974,16.58,47.91,"[""Crime"", ""Adventure"", ""Documentary"", ""Sci-Fi"", ""Romance""]",17,0.623,0.389
USR-3802,45.32,86.56,"[""Sci-Fi"", ""Thriller""]",19,0.825,0.527
USR-4672,11.17,19.36,"[""Animation"", ""Comedy""]",20,0.592,0.577
USR-4668,6.85,22.48,"[""Animation"", ""Comedy""]",26,0.56,0.278
USR-10893,4.73,35.2,"[""Drama"", ""Family""]",5,0.109,0.773
USR-6159,8.87,24.59,"[""Animation"", ""Comedy""]",17,0.705,0.475
USR-6726,10.8,24.99,"[""Comedy""]",15,0.572,0.446
USR-5591,7.71,27.99,"[""Animation""]",11,0.622,0.281
USR-3020,37.59,93.76,"[""Sci-Fi"", ""Thriller""]",17,0.776,0.35
USR-1040,33.97967449747518,74.66,"[""Thriller"", ""Action"", ""Crime""]",20,1.0,0.416
USR-3526,34.49,96.19,"[""Action"", ""Sci-Fi"", ""Thriller"", ""Crime""]",12,0.875,0.525
USR-9935,1.69,30.14,"[""Family""]",3,0.457,0.695
USR-7378,28.72,68.37,"[""Crime"", ""Sci-Fi"", ""Documentary""]",25,0.831,0.639
USR-4213,3.57,27.1,"[""Comedy"", ""Animation""]",20,0.657,0.296
USR-1520,42.11,113.46,"[""Action"", ""Sci-Fi""]",31,0.861,0.629
USR-6367,8.11,18.3,"[""Animation""]",20,0.851,0.382
USR-7920,36.19,59.55,"[""Romance"", ""Documentary"", ""Adventure""]",35,0.788,0.685
USR-3896,36.14,118.23,"[""Thriller"", ""Sci-Fi""]",28,0.82,0.606
USR-1245,29.05,104.87,"[""Thriller"", ""Action"", ""Sci-Fi""]",31,0.796,0.559
USR-6931,,38.84,"[""Mystery"", ""Drama"", ""Adventure"", ""Documentary"", ""Crime""]",28,0.812,0.371
USR-5715,11.46,23.05,"[""Comedy""]",26,0.578,0.371
USR-10303,2.91,36.71,"[""Family"", ""Drama""]",3,0.437,0.647
USR-4426,8.95,14.47,"[""Animation"", ""Comedy"", ""Romance""]",26,0.784,0.243
USR-9376,3.69,30.42,"[""Drama"", ""Comedy""]",5,0.398,0.699
USR-8092,12.0,52.15,"[""Documentary"", ""Drama"", ""Mystery"", ""Sci-Fi"", ""Romance""]",30,0.858,0.328
USR-7877,33.4,,"[""Sci-Fi"", ""Crime"", ""Romance"", ""Documentary""]",42,0.767,0.388
USR-10596,2.36,37.63,"[""Drama""]",4,0.484,0.687
USR-7326,22.33,61.66,"[""Romance"", ""Drama"", ""Adventure"", ""Crime""]",36,0.892,0.524
USR-8417,23.87,,"[""Romance"", ""Mystery"", ""Documentary"", ""Sci-Fi""]",30,0.797,0.364
USR-6510,9.54,30.13,"[""Animation""]",16,0.68,0.264
USR-7298,17.12,55.07,"[""Romance"", ""Documentary"", ""Adventure"", ""Crime""]",30,0.692,0.317
USR-3002,42.73,77.18,"[""Sci-Fi"", ""Thriller""]",30,0.925,0.519
USR-1886,,105.1,"[""Sci-Fi"", ""Thriller""]",29,0.852,0.33
USR-1870,42.91,90.49,"[""Sci-Fi"", ""Thriller"", ""Action""]",31,0.905,0.56
USR-10787,3.93,47.42,"[""Comedy""]",5,0.563,0.664
USR-6721,9.46,26.16,"[""Animation""]",21,0.588,0.278
USR-1357,30.26,107.59,"[""Thriller"", ""Sci-Fi""]",25,0.761,0.245
USR-7674,24.575627699011093,60.06,"[""Drama"", ""Documentary"", ""Sci-Fi"", ""Mystery""]",23,0.625,0.565
USR-6452,5.51,30.89,"[""Comedy"", ""Animation""]",20,0.664,0.378
USR-9281,21.39,66.75,"[""Mystery"", ""Drama"", ""Crime"", ""Sci-Fi"", ""Romance""]",15,0.768,0.453
USR-7590,33.04,44.2,"[""Mystery"", ""Crime"", ""Documentary"", ""Drama""]",36,0.776,0.429
USR-8877,20.26,46.67,"[""Drama"", ""Romance"", ""Mystery"", ""Adventure""]",26,0.809,0.318
USR-2276,37.72,81.84,"[""Thriller"", ""Sci-Fi"", ""Action""]",24,0.93,0.525
USR-2891,46.08,87.1,"[""Action"", ""Thriller"", ""Crime""]",21,0.629,0.312
USR-9779,3.14,30.61,"[""Drama"", ""Comedy""]",6,0.369,0.692
USR-10036,2.24,24.28,"[""Drama""]",5,0.429,0.502
USR-10279,4.7,40.25,"[""Comedy"", ""Drama""]",4,0.358,0.692
USR-4564,4.42,33.9,"[""Comedy"", ""Animation""]",20,0.668,0.382
USR-6788,9.72,33.67,"[""Animation"", ""Comedy""]",21,0.597,0.238
USR-5959,7.69,25.14,"[""Animation"", ""Comedy""]",19,0.562,0.412
USR-2547,37.32,71.31,"[""Thriller"", ""Sci-Fi""]",30,0.847,0.459
USR-7194,26.49,67.21,"[""Crime"", ""Documentary"", ""Romance""]",32,0.888,0.361
USR-3381,35.0,81.94,"[""Action"", ""Thriller"", ""Sci-Fi""]",29,0.743,0.43
USR-4824,8.68,27.63,"[""Comedy""]",16,0.797,0.419
USR-4233,10.53,23.13,"[""Animation"", ""Comedy""]",18,0.583,0.258
USR-9489,4.89,36.26,"[""Drama""]",2,0.384,0.76
USR-4307,7.2,21.59,"[""Animation""]",17,0.753,0.519
USR-1493,43.95,90.29,"[""Thriller"", ""Sci-Fi""]",22,0.837,0.383
USR-4500,4.81,29.07,"[""Animation"", ""Comedy""]",18,0.683,0.28
USR-9943,2.19,43.69,"[""Family"", ""Comedy""]",10,0.29,0.805
USR-2117,53.89,73.45,"[""Action"", ""Thriller""]",29,0.769,0.356
USR-6638,9.31,18.84,"[""Animation"", ""Romance""]",27,0.689,0.288
USR-9867,2.02,31.15,"[""Family""]",6,0.405,0.792
USR-7147,35.14,51.55,"[""Sci-Fi"", ""Drama"", ""Romance""]",30,0.651,0.59
USR-10967,3.76,,"[""Drama""]",9,0.402,0.658
USR-10622,1.09,30.23,"[""Comedy""]",5,0.403,0.804
USR-7863,28.17,57.63,"[""Adventure"", ""Mystery"", ""Crime"", ""Documentary""]",18,0.851,0.463
USR-9315,2.47,21.47,"[""Family""]",7,0.108,0.782
USR-9143,31.93,42.13,"[""Adventure"", ""Sci-Fi"", ""Romance"", ""Crime"", ""Drama""]",34,0.98,0.393
USR-4646,11.58,20.62,"[""Animation"", ""Comedy"", ""Romance""]",14,0.531,0.239
USR-3501,32.97,92.12,"[""Sci-Fi"", ""Action"", ""Thriller""]",28,0.809,0.181
USR-6678,7.36,22.87,"[""Comedy"", ""Animation""]",25,0.579,0.444
USR-6242,10.21,26.35,"[""Comedy"", ""Animation""]",11,0.559,0.537
USR-7673,23.89,41.35,"[""Adventure"", ""Mystery"", ""Romance""]",26,0.815,0.264
USR-3784,41.28,72.05,"[""Action"", ""Sci-Fi""]",24,0.876,0.492
USR-7159,18.79,46.17,"[""Romance"", ""Drama"", ""Documentary""]",15,0.827,0.471
USR-4810,9.41,21.36,"[""Comedy""]",28,0.676,0.291
USR-7775,24.24,53.03,"[""Documentary"", ""Drama"", ""Adventure"", ""Crime""]",22,0.691,0.523
USR-9739,1.73,35.9,"[""Comedy""]",5,0.305,0.689
USR-8989,28.75,60.82,"[""Mystery"", ""Crime"", ""Romance"", ""Documentary"", ""Adventure""]",23,0.958,0.524
USR-2697,45.64,64.03,"[""Action"", ""Sci-Fi"", ""Crime""]",22,0.933,0.492
USR-6686,6.65,23.31,"[""Comedy"", ""Animation""]",27,0.809,0.139
USR-8342,22.4,63.78,"[""Romance"", ""Sci-Fi"", ""Documentary"", ""Crime""]",31,0.916,0.468
USR-6940,24.67,46.82,"[""Adventure"", ""Mystery"", ""Drama""]",19,0.735,0.379
USR-3053,39.63,,"[""Action"", ""Thriller""]",21,1.0,0.466
USR-2777,39.75,79.52,"[""Sci-Fi"", ""Action"", ""Thriller""]",27,0.95,0.439
USR-7715,34.86,54.54,"[""Adventure"", ""Romance"", ""Crime"", ""Sci-Fi"", ""Documentary""]",30,0.796,0.382
USR-4314,7.04,16.18,"[""Comedy"", ""Animation""]",16,0.574,0.378
USR-5782,9.37,26.94,"[""Comedy""]",18,0.686,0.418
USR-10143,2.68,39.45,"[""Family""]",6,0.382,0.641
USR-10448,4.19,38.01,"[""Comedy""]",5,0.219,0.88
USR-2593,31.39,85.46,"[""Sci-Fi"", ""Action""]",25,0.829,0.379
USR-2724,42.18,108.18,"[""Thriller"", ""Action""]",28,0.872,0.539
USR-1216,47.06,,,26,0.879,0.557
USR-7475,28.74,60.6,"[""Mystery"", ""Documentary"", ""Crime"", ""Drama"", ""Adventure""]",34,0.615,0.47
USR-9345,2.69,14.44,"[""Drama""]",7,0.449,0.637
USR-1491,29.47,92.34,"[""Sci-Fi"", ""Thriller"", ""Adventure""]",26,0.805,0.265
USR-10229,4.75,27.05,"[""Comedy""]",13,0.357,0.528
USR-4484,11.77,26.72,"[""Comedy"", ""Animation""]",21,0.582,0.374
USR-6103,4.12,31.18,"[""Animation"", ""Comedy""]",20,0.605,0.487
USR-6188,6.64,22.06,"[""Animation""]",18,0.845,0.379
USR-4432,10.04,31.23,"[""Animation"", ""Comedy"", ""Romance""]",15,0.759,0.295
USR-7444,30.71,82.16,"[""Romance"", ""Mystery"", ""Documentary"", ""Crime"", ""Drama""]",27,0.827,0.368
USR-8883,26.91,35.0,"[""Drama"", ""Romance"", ""Crime""]",29,0.655,0.428
USR-6514,10.28,26.66,"[""Animation""]",11,0.598,0.422
USR-1026,40.56,130.28,"[""Action"", ""Thriller"", ""Sci-Fi"", ""Crime""]",25,0.737,0.417
USR-4513,13.79,32.53,"[""Animation""]",21,0.622,0.321
USR-3410,32.99,92.47,"[""Thriller"", ""Sci-Fi""]",22,0.825,0.502
USR-4271,10.22,26.9,"[""Animation""]",18,0.781,0.481
USR-6210,5.32,19.96,"[""Comedy"", ""Animation""]",27,0.599,0.27
USR-9804,3.56,32.36,"[""Family"", ""Drama""]",5,0.348,0.873
USR-2553,41.89,85.22,"[""Sci-Fi"", ""Thriller"", ""Crime""]",23,0.847,0.483
USR-10293,0.1,41.27,"[""Family"", ""Comedy""]",11,0.299,0.744
USR-9714,5.19,45.55,"[""Comedy""]",9,0.399,0.724
USR-4872,10.16,20.31,"[""Comedy""]",18,0.595,0.543
USR-4403,4.97,22.27,"[""Animation"", ""Comedy""]",19,0.685,0.336
USR-5530,7.63,18.82,"[""Animation"", ""Comedy""]",16,0.744,0.449
USR-1980,44.76,84.2,,30,0.86,0.608
USR-3656,51.66,84.84,"[""Thriller"", ""Sci-Fi""]",26,0.937,0.523
USR-2848,44.93,99.98,"[""Action"", ""Thriller""]",24,0.717,0.402
USR-9142,31.07,75.88,"[""Drama"", ""Adventure"", ""Documentary"", ""Sci-Fi"", ""Mystery""]",36,0.882,0.507
USR-9329,1.94,22.01,"[""Comedy""]",5,0.306,0.524
USR-9375,2.69,27.34,"[""Comedy""]",6,0.39,0.648
USR-8468,22.88,60.6,"[""Documentary"", ""Adventure"", ""Sci-Fi"", ""Romance"", ""Mystery""]",24,0.739,0.455
USR-6722,7.46,26.42,"[""Comedy"", ""Animation""]",22,0.653,0.166
USR-1516,43.9,66.65,"[""Thriller"", ""Sci-Fi"", ""Action""]",27,0.706,0.354
USR-8373,26.08,60.78,"[""Romance"", ""Adventure"", ""Mystery""]",19,0.79,0.449
USR-9386,3.31,25.44,"[""Comedy""]",2,0.394,0.723
USR-2103,46.37,95.27,"[""Sci-Fi"", ""Action""]",15,0.784,0.359
USR-4277,6.11,21.95,"[""Animation"", ""Comedy""]",28,0.516,0.48
USR-8384,27.33,67.06,"[""Adventure"", ""Mystery"", ""Sci-Fi"", ""Drama""]",26,0.828,0.527
USR-8558,29.3,54.53,"[""Romance"", ""Mystery"", ""Crime"", ""Drama""]",30,0.835,0.399
USR-10172,0.44,40.7,"[""Comedy""]",4,0.413,0.782
USR-9426,4.81,30.49,"[""Comedy""]",3,0.441,0.759
USR-4997,4.73,29.16,"[""Animation""]",21,0.87,0.238
USR-1195,33.33,98.69,"[""Action"", ""Thriller"", ""Sci-Fi""]",23,0.848,0.503
USR-5712,11.28,20.92,"[""Comedy""]",15,0.731,0.443
USR-1644,32.31,89.22,"[""Action"", ""Thriller"", ""Sci-Fi""]",19,0.865,0.479
USR-9479,4.07,14.37,"[""Drama"", ""Comedy""]",6,0.365,0.929
USR-4286,5.0,23.61,"[""Comedy"", ""Animation"", ""Romance""]",25,0.537,0.246
USR-4117,33.39,85.92,"[""Thriller"", ""Sci-Fi"", ""Action""]",17,0.715,0.465
USR-7631,32.1,49.82,"[""Mystery"", ""Drama"", ""Sci-Fi""]",30,0.698,0.451
USR-4576,7.04,24.7,"[""Comedy"", ""Animation""]",16,0.6,0.337
USR-10118,1.79,32.14,"[""Drama""]",8,0.526,0.701
USR-5321,7.15,16.51,"[""Comedy"", ""Animation""]",23,0.718,0.256
USR-6628,7.117325258911384,23.85,"[""Comedy"", ""Animation"", ""Romance""]",26,0.668,0.258
USR-3208,34.96,95.18,"[""Thriller"", ""Action""]",18,0.979,0.509
USR-5553,8.42,24.08,"[""Animation"", ""Comedy""]",21,0.764,0.508
USR-8485,23.74,47.85,"[""Documentary"", ""Adventure"", ""Crime"", ""Drama""]",18,0.784,0.735
USR-4719,6.91,31.24,"[""Animation"", ""Comedy"", ""Romance""]",22,0.61,0.47
USR-1973,41.2,106.16,"[""Action"", ""Thriller"", ""Sci-Fi""]",20,1.0,0.542
USR-5580,6.73,18.83,"[""Animation"", ""Comedy""]",12,0.708,0.515
USR-1720,32.58,91.16,"[""Action"", ""Sci-Fi"", ""Crime""]",16,0.943,0.432
USR-10959,3.29,26.41,"[""Family""]",4,0.408,0.795
USR-7156,29.48,79.75,"[""Sci-Fi"", ""Documentary"", ""Drama"", ""Crime""]",27,0.85,0.604
USR-10527,0.72,40.73,"[""Comedy""]",7,0.305,0.528
USR-4897,6.44,15.7,"[""Comedy""]",17,0.537,0.165
USR-3804,32.71,99.37,"[""Sci-Fi"", ""Action""]",31,0.702,0.388
USR-3567,41.79,94.7,"[""Sci-Fi"", ""Thriller""]",28,0.948,0.415
USR-5026,13.44,17.23,"[""Animation""]",25,0.422,0.277
USR-7199,26.31,50.59,"[""Mystery"", ""Crime"", ""Documentary"", ""Adventure"", ""Romance""]",35,0.764,0.583
USR-1033,35.19,73.92,"[""Sci-Fi"", ""Action"", ""Thriller"", ""Adventure""]",20,0.884,0.289
USR-9396,2.47,38.15,"[""Drama"", ""Family""]",5,0.309,0.567
USR-10568,3.95,33.02,"[""Drama"", ""Comedy""]",4,0.286,0.725
USR-10917,1.1,29.69,"[""Drama""]",4,0.256,0.654
USR-5064,11.64,23.02,"[""Comedy""]",23,0.602,0.392
USR-10043,3.38,49.44,"[""Drama"", ""Family""]",4,0.409,0.863
USR-6541,9.65,24.84,"[""Animation""]",20,0.728,0.345
USR-2698,38.84,73.71,"[""Thriller"", ""Sci-Fi"", ""Action""]",25,0.738,0.511
USR-3793,50.55,88.85,"[""Sci-Fi"", ""Action""]",34,0.85,0.454
USR-3223,43.82,113.63,"[""Thriller"", ""Action""]",22,0.914,0.441
USR-6819,7.15,26.93,"[""Comedy"", ""Animation""]",14,0.623,0.456
USR-10761,2.95,20.52,"[""Family""]",5,0.408,0.651
USR-4765,13.36,27.61,"[""Comedy"", ""Romance""]",22,0.43,0.301
USR-4867,11.38,19.09,"[""Animation""]",13,0.682,0.427
USR-7573,27.58,55.16,"[""Crime"", ""Adventure"", ""Documentary"", ""Drama""]",23,0.689,0.412
USR-10818,2.89,43.21,"[""Drama"", ""Family""]",2,0.156,0.933
USR-10033,2.74,22.91,"[""Drama"", ""Family""]",8,0.37,0.929
USR-7827,21.05,51.04,"[""Drama"", ""Romance"", ""Mystery""]",23,0.708,0.511
USR-8247,35.84,69.01,"[""Documentary"", ""Crime"", ""Drama""]",22,0.706,0.604
USR-4759,6.01,15.63,"[""Animation"", ""Comedy""]",17,0.754,0.334
USR-3832,26.19,107.79,"[""Thriller"", ""Sci-Fi""]",28,0.945,0.449
USR-4228,6.96,11.52,"[""Animation"", ""Comedy""]",21,0.47,0.401
USR-8978,31.86,45.05,"[""Documentary"", ""Romance"", ""Sci-Fi"", ""Adventure"", ""Drama""]",28,0.714,0.644
USR-4924,14.18,24.55,"[""Comedy"", ""Animation""]",26,0.487,0.227
USR-4905,3.01,25.14,"[""Animation"", ""Comedy""]",11,0.726,0.363
USR-3278,42.87,84.72,"[""Sci-Fi"", ""Thriller"", ""Action""]",31,0.783,0.562
USR-7969,24.68,51.16,"[""Drama"", ""Mystery"", ""Adventure"", ""Sci-Fi"", ""Romance""]",30,0.696,0.508
USR-2402,29.34,97.44,"[""Action"", ""Sci-Fi""]",23,0.763,0.7
USR-1740,40.53,,"[""Thriller"", ""Action"", ""Sci-Fi""]",22,0.772,0.224
USR-5267,11.45,17.08,"[""Comedy"", ""Animation""]",26,0.741,0.406
USR-10961,4.26,20.2,"[""Family""]",8,0.192,0.667
USR-8521,22.51,45.64,"[""Crime"", ""Drama"", ""Adventure"", ""Sci-Fi""]",30,0.774,0.584
USR-9130,30.94,59.74,"[""Adventure"", ""Crime"", ""Sci-Fi""]",28,0.768,0.515
USR-4852,,21.48,"[""Comedy""]",23,0.58,0.363
USR-9724,5.63,24.97,"[""Family"", ""Comedy""]",6,0.61,0.834
USR-3662,34.66,102.41,"[""Thriller"", ""Sci-Fi"", ""Action""]",29,0.857,0.302
USR-7659,23.1,69.18,"[""Sci-Fi"", ""Adventure"", ""Documentary"", ""Mystery""]",34,0.838,0.705
USR-9137,28.07,60.12,,28,0.664,0.402
USR-1675,41.69,92.58,"[""Sci-Fi"", ""Thriller"", ""Action""]",20,0.848,0.54
USR-10681,2.14,22.91,"[""Family""]",7,0.506,0.651
USR-9000,,63.72,"[""Mystery"", ""Crime"", ""Drama"", ""Romance"", ""Documentary""]",22,0.673,0.608
USR-4842,8.44,21.13,"[""Animation""]",17,0.466,0.24
USR-2816,33.6,86.02,,21,0.86,0.361
USR-9424,3.08,35.29,"[""Comedy""]",6,0.269,0.635
USR-10937,2.01,33.27,"[""Family"", ""Drama""]",6,0.517,0.633
USR-10297,3.4,30.26,"[""Family"", ""Comedy""]",6,0.4,0.731
USR-5654,11.38,23.91,"[""Comedy""]",22,0.599,0.24
USR-8481,26.19,70.93,"[""Romance"", ""Drama"", ""Adventure"", ""Sci-Fi"", ""Mystery""]",33,0.723,0.376
USR-3101,42.45,109.26,"[""Sci-Fi"", ""Thriller"", ""Action""]",40,0.841,0.494
USR-8884,36.46,39.68,"[""Adventure"", ""Mystery"", ""Drama"", ""Romance"", ""Crime""]",28,0.88,0.325
USR-2674,47.63,111.03,"[""Sci-Fi"", ""Action"", ""Thriller""]",16,0.971,0.458
USR-3102,40.57,118.67,"[""Thriller"", ""Action"", ""Crime""]",24,1.0,0.569
USR-5214,11.67,24.51,"[""Animation""]",14,0.545,0.441
USR-9891,2.11,39.83,"[""Family""]",4,0.3,0.887
USR-2549,46.99,110.87,"[""Thriller"", ""Action""]",21,0.736,0.489
USR-8320,24.72,72.67,"[""Drama"", ""Mystery"", ""Adventure"", ""Crime"", ""Romance""]",24,0.724,0.583
USR-7558,35.16,70.49,"[""Drama"", ""Crime"", ""Romance""]",32,0.761,0.617
USR-4324,6.07,21.25,"[""Animation"", ""Comedy""]",23,0.537,0.395
USR-8421,39.37,52.41,"[""Adventure"", ""Documentary"", ""Sci-Fi""]",32,0.78,0.352
USR-1356,29.18,89.33,"[""Action"", ""Thriller""]",24,0.831,0.367
USR-6185,13.78,30.88,"[""Comedy"", ""Animation""]",25,0.504,0.311
USR-2462,36.65,104.48,"[""Sci-Fi"", ""Thriller""]",27,0.88,0.334
USR-8795,31.88,57.31,"[""Documentary"", ""Romance"", ""Crime"", ""Adventure"", ""Drama""]",31,0.771,0.526
USR-10481,3.37,44.23,"[""Family""]",4,0.24,0.808
USR-4221,8.65,32.56,"[""Comedy"", ""Animation""]",19,0.614,0.409
USR-1940,38.21,96.8,"[""Action"", ""Thriller""]",32,0.788,0.355
USR-10255,3.37,24.43,"[""Family"", ""Drama""]",3,0.279,0.437
USR-6148,12.32,17.4,"[""Animation"", ""Comedy""]",17,0.588,0.296
USR-7418,28.66,71.41,"[""Mystery"", ""Drama"", ""Documentary"", ""Romance""]",21,0.783,0.391
USR-6924,29.9,54.96,"[""Mystery"", ""Crime"", ""Documentary""]",15,0.857,0.267
USR-10069,3.51,35.86,"[""Drama""]",6,0.449,0.756
USR-2752,40.56,84.84,"[""Action"", ""Thriller""]",26,0.779,0.409
USR-9188,34.78,54.84,"[""Mystery"", ""Drama"", ""Documentary"", ""Crime"", ""Romance""]",36,0.761,0.398
USR-8768,12.0,66.59,"[""Documentary"", ""Romance"", ""Mystery"", ""Crime"", ""Drama""]",25,0.866,0.469
USR-2773,30.11,78.31,"[""Sci-Fi"", ""Action""]",24,0.788,0.331
USR-2197,38.25,110.86,"[""Thriller"", ""Action""]",29,0.849,0.442
USR-2879,29.52,88.85,"[""Thriller"", ""Action""]",25,0.815,0.43
USR-3669,44.86,104.16,"[""Thriller"", ""Sci-Fi""]",27,0.761,0.386
USR-4172,42.23,93.43,"[""Thriller"", ""Sci-Fi""]",26,0.846,0.546
USR-3017,37.73,87.99,"[""Thriller"", ""Action"", ""Crime""]",27,0.962,0.442
USR-3006,41.1,,"[""Thriller"", ""Sci-Fi""]",25,0.99,0.461
USR-9361,4.37,46.28,"[""Drama""]",4,0.23,0.823
USR-4894,9.65,22.92,"[""Animation""]",22,0.65,0.239
USR-1128,30.338245015699123,104.57,"[""Sci-Fi"", ""Thriller""]",23,0.793,0.353
USR-4238,4.41,23.06,"[""Comedy"", ""Animation""]",24,0.543,0.539
USR-5425,7.79,,"[""Comedy"", ""Animation""]",18,0.868,0.217
USR-5745,9.19,21.23,"[""Animation""]",16,0.66,0.269
USR-3079,46.44,95.4,"[""Sci-Fi"", ""Thriller""]",21,0.873,0.453
USR-6220,-14.065646013532394,18.44,"[""Comedy""]",23,0.586,0.292
USR-1397,26.71,93.76,"[""Thriller"", ""Action"", ""Sci-Fi"", ""Crime""]",25,0.866,0.462
USR-3789,25.04,81.59,"[""Thriller"", ""Action"", ""Sci-Fi""]",21,0.699,0.527
USR-8308,28.96,53.02,"[""Mystery"", ""Sci-Fi"", ""Adventure"", ""Documentary"", ""Romance""]",19,0.912,0.649
USR-7818,28.87,66.89,"[""Mystery"", ""Romance"", ""Sci-Fi"", ""Documentary""]",26,0.785,0.571
USR-5073,8.5,24.76,"[""Animation"", ""Comedy""]",21,0.448,0.333
USR-6575,8.83,17.47,"[""Animation""]",18,0.461,0.307
USR-9458,2.88,26.09,"[""Comedy"", ""Drama""]",4,0.534,0.885
USR-10605,2.69,36.18,"[""Drama"", ""Comedy""]",2,0.327,0.881
USR-6356,10.49,25.39,"[""Animation"", ""Comedy""]",17,0.662,0.436
USR-8400,25.1,53.16,"[""Romance"", ""Adventure"", ""Drama""]",25,0.777,0.523
USR-8823,30.7,52.9,"[""Drama"", ""Crime"", ""Mystery""]",37,0.741,0.517
USR-7979,20.72,54.43,"[""Crime"", ""Mystery"", ""Sci-Fi""]",26,0.837,0.512
USR-2520,41.25,68.64,"[""Sci-Fi"", ""Thriller"", ""Action""]",31,0.808,0.312
USR-9284,25.72,49.87,"[""Drama"", ""Mystery"", ""Documentary"", ""Romance"", ""Adventure""]",18,0.713,0.391
USR-2379,34.47,112.98,"[""Sci-Fi"", ""Thriller""]",23,0.7,0.414
USR-6673,8.88,13.9,"[""Animation"", ""Comedy""]",23,0.664,0.296
USR-2024,44.39,82.0,"[""Action"", ""Thriller"", ""Sci-Fi""]",32,0.826,0.296
USR-3588,38.76,99.77,"[""Thriller"", ""Sci-Fi""]",20,0.776,0.484
USR-8205,26.23,65.94,"[""Mystery"", ""Crime"", ""Drama""]",31,0.772,0.595
USR-6622,5.28,12.6,"[""Animation"", ""Comedy""]",16,0.731,0.475
USR-8809,21.67,63.02,[],26,0.82,0.507
USR-6009,9.28,31.18,"[""Animation""]",23,0.526,0.593
USR-3858,44.72,93.6,"[""Thriller"", ""Sci-Fi""]",29,0.916,0.235
USR-9343,5.49,33.58,"[""Comedy""]",7,0.328,0.676
USR-6772,8.61,22.4,"[""Animation""]",19,0.819,0.18
USR-6843,10.41,23.09,"[""Comedy"", ""Animation""]",12,0.789,0.356
USR-8321,27.59,50.58,"[""Crime"", ""Adventure"", ""Drama"", ""Sci-Fi""]",19,0.706,0.586
USR-6833,8.78,,"[""Animation"", ""Comedy""]",25,0.816,0.377
USR-2630,23.92,108.36,"[""Thriller"", ""Sci-Fi""]",23,0.9,0.502
USR-5889,9.99,19.23,"[""Animation"", ""Romance""]",15,0.671,0.347
USR-5527,7.28,14.55,"[""Comedy""]",19,0.674,0.251
USR-4524,11.17,28.69,"[""Animation"", ""Comedy""]",30,0.636,0.631
USR-6905,30.97,,"[""Adventure"", ""Sci-Fi"", ""Crime"", ""Drama"", ""Romance""]",29,0.607,0.417
USR-10354,4.2,28.01,"[""Comedy"", ""Family""]",9,0.334,0.831
USR-4608,4.88,23.98,"[""Comedy"", ""Animation""]",21,0.556,0.11
USR-10515,4.09,10.0,"[""Comedy"", ""Drama""]",1,0.372,0.693
USR-6221,8.18,21.6,"[""Comedy"", ""Animation"", ""Romance""]",17,0.584,0.372
USR-1235,31.28,78.97,"[""Sci-Fi"", ""Action"", ""Thriller"", ""Adventure""]",27,0.848,0.358
USR-8931,17.41,56.48,"[""Crime"", ""Adventure"", ""Romance"", ""Mystery"", ""Drama""]",31,0.98,0.591
USR-4797,11.97,26.07,"[""Comedy""]",24,0.602,0.342
USR-5119,9.41,17.9,"[""Comedy"", ""Animation"", ""Romance""]",17,0.649,0.618
USR-7319,32.64,45.32,"[""Crime"", ""Adventure"", ""Drama""]",32,0.883,0.492
USR-6002,10.07,19.74,"[""Animation"", ""Comedy""]",19,0.643,0.346
USR-4801,8.38,28.17,"[""Comedy"", ""Animation""]",20,0.45,0.47
USR-8720,35.0,56.15,"[""Documentary"", ""Sci-Fi"", ""Crime"", ""Drama"", ""Adventure""]",37,0.502,0.557
USR-4900,8.55,28.34,"[""Comedy"", ""Animation""]",16,0.461,0.518
USR-6025,6.26,22.58,"[""Comedy""]",16,0.626,0.219
USR-2949,28.52,83.55,"[""Thriller"", ""Action"", ""Sci-Fi""]",27,0.878,0.486
USR-7362,28.97,56.64,"[""Crime"", ""Mystery"", ""Drama""]",25,0.751,0.448
USR-1471,37.15,,"[""Sci-Fi"", ""Action"", ""Crime""]",26,0.789,0.201
USR-9646,2.86,,"[""Family""]",7,0.393,0.782
USR-4493,8.82,19.12,"[""Animation"", ""Comedy""]",18,0.664,0.371
USR-7092,31.49,67.01,"[""Documentary"", ""Crime"", ""Adventure"", ""Mystery""]",38,0.74,0.391
USR-3672,28.09,102.02,"[""Sci-Fi"", ""Action"", ""Thriller""]",21,0.876,0.39
USR-10899,1.24,29.97,"[""Comedy"", ""Family""]",7,0.453,0.587
USR-3225,26.65,64.61,"[""Thriller"", ""Action"", ""Sci-Fi""]",25,0.64,0.467
USR-2107,29.84,80.35,,21,0.685,0.362
USR-3189,41.99,109.02,"[""Action"", ""Thriller"", ""Adventure""]",27,0.852,0.451
USR-1819,37.21,109.34,"[""Sci-Fi"", ""Thriller"", ""Action""]",16,0.811,0.356
USR-6572,11.37,26.99,"[""Animation"", ""Comedy"", ""Romance""]",21,0.658,0.332
USR-5524,9.35,19.35,"[""Comedy"", ""Animation""]",25,0.675,0.379
USR-6794,11.58,25.04,"[""Comedy""]",19,0.889,0.352
USR-10477,1.53,35.52,"[""Comedy""]",6,0.265,0.561
USR-9873,4.35,38.6,"[""Comedy"", ""Family""]",2,0.398,0.647
USR-8629,25.42,50.96,"[""Documentary"", ""Romance"", ""Drama"", ""Adventure""]",22,0.725,0.42
USR-3625,41.81,96.17,"[""Sci-Fi"", ""Action""]",24,0.909,0.412
USR-8259,25.43,51.93,"[""Mystery"", ""Sci-Fi"", ""Documentary"", ""Drama""]",35,0.804,0.575
USR-10488,4.03,13.63,"[""Family"", ""Drama""]",5,0.319,0.602
USR-7909,22.238000789760598,38.78,"[""Romance"", ""Adventure"", ""Drama"", ""Mystery""]",30,0.68,0.613
USR-10215,5.04,37.82,"[""Comedy""]",10,0.7,0.604
USR-1889,35.97,76.53,"[""Thriller"", ""Action""]",14,0.84,0.317
USR-7922,25.01,60.09,"[""Mystery"", ""Sci-Fi"", ""Crime"", ""Romance"", ""Adventure""]",11,0.789,0.446
USR-3438,39.88,88.6,"[""Sci-Fi"", ""Action""]",33,0.853,0.321
USR-7057,22.9,69.34,"[""Romance"", ""Crime"", ""Sci-Fi"", ""Adventure""]",19,0.767,0.595
USR-9338,1.02,,"[""Family""]",5,0.193,0.387
USR-1818,50.83,79.62,"[""Sci-Fi"", ""Action"", ""Crime""]",25,0.819,0.288
USR-10029,4.57,33.79,"[""Drama"", ""Comedy""]",8,0.491,0.663
USR-4415,7.37,17.39,"[""Comedy"", ""Romance""]",16,0.689,0.609
USR-7353,24.69,66.03,"[""Sci-Fi"", ""Crime"", ""Mystery""]",29,0.833,0.552
USR-3342,45.04,104.69,"[""Sci-Fi"", ""Thriller"", ""Action"", ""Adventure""]",36,0.815,0.421
USR-10124,2.48,46.04,"[""Family""]",5,0.378,0.5
USR-4168,47.0,91.83,"[""Action"", ""Sci-Fi"", ""Thriller""]",28,0.81,0.393
USR-2810,27.32,88.8,"[""Action"", ""Thriller""]",37,0.839,0.2
USR-9204,28.15,62.87,"[""Mystery"", ""Crime"", ""Adventure"", ""Documentary""]",32,0.766,0.447
USR-2265,38.61,85.83,"[""Thriller"", ""Sci-Fi""]",12,0.906,0.476
USR-6087,7.78,23.15,"[""Comedy"", ""Animation"", ""Romance""]",18,0.637,0.346
USR-8625,24.35,40.07,"[""Documentary"", ""Crime"", ""Drama"", ""Sci-Fi""]",28,0.754,0.771
USR-6836,9.31,21.4,"[""Comedy""]",21,0.601,0.231
USR-6195,9.42,13.41,"[""Animation""]",15,0.783,0.412
USR-5450,7.77,18.9,"[""Comedy""]",13,0.676,0.331
USR-5946,9.53,23.82,"[""Comedy"", ""Animation"", ""Romance""]",20,0.797,0.529
USR-5046,6.35,28.89,"[""Animation"", ""Comedy""]",19,0.842,0.423
USR-8227,32.43,67.84,"[""Crime"", ""Documentary"", ""Mystery"", ""Romance"", ""Adventure""]",21,0.83,0.565
USR-4703,7.93,13.88,"[""Comedy"", ""Animation""]",11,0.716,0.211
USR-2036,40.4,85.72,"[""Sci-Fi"", ""Thriller"", ""Action""]",26,0.898,0.505
USR-10352,3.93,25.03,"[""Family""]",9,0.245,0.565
USR-6591,8.31,23.87,"[""Animation"", ""Comedy""]",25,0.619,0.345
USR-2229,37.45,102.73,"[""Thriller"", ""Sci-Fi""]",27,0.964,0.454
USR-8439,31.62,-23.581956084930514,"[""Crime"", ""Sci-Fi"", ""Adventure"", ""Mystery""]",27,0.645,0.555
USR-7970,28.15,46.08,"[""Sci-Fi"", ""Mystery"", ""Crime"", ""Adventure""]",32,0.839,0.523
USR-6142,15.22,16.29,"[""Animation"", ""Romance""]",24,0.63,0.288
USR-7552,30.02,67.18,"[""Documentary"", ""Sci-Fi"", ""Mystery""]",19,0.743,0.419
USR-1053,45.13,83.92,"[""Sci-Fi"", ""Action"", ""Thriller"", ""Crime""]",19,0.889,0.288
USR-10545,3.88,31.46,"[""Drama""]",6,0.158,0.758
USR-7556,36.29,,"[""Romance"", ""Mystery"", ""Adventure"", ""Documentary""]",33,0.924,0.553
USR-9485,2.62,37.92,"[""Comedy"", ""Drama""]",8,0.41,0.515
USR-1160,36.32,83.86,"[""Sci-Fi"", ""Action"", ""Thriller""]",19,0.805,0.473
USR-8723,31.54,50.83,"[""Crime"", ""Documentary"", ""Sci-Fi"", ""Romance""]",25,0.839,0.424
USR-2588,38.92,75.6,"[""Action"", ""Sci-Fi"", ""Thriller"", ""Adventure""]",35,0.847,0.467
USR-2590,32.42,111.39,"[""Sci-Fi"", ""Thriller""]",22,0.87,0.469
USR-10940,3.24,31.88,"[""Drama"", ""Comedy""]",5,0.31,0.747
USR-10424,2.76,26.23,"[""Comedy""]",5,0.151,0.63
USR-8851,19.25,53.82,"[""Mystery"", ""Sci-Fi"", ""Drama"", ""Adventure""]",27,0.766,0.447
USR-7751,33.36,51.37,"[""Drama"", ""Romance"", ""Adventure""]",30,0.692,0.481
USR-7175,21.89,47.84,"[""Drama"", ""Romance"", ""Mystery"", ""Documentary"", ""Crime""]",30,0.786,0.262
USR-8866,25.81,54.72,"[""Sci-Fi"", ""Drama"", ""Crime""]",18,0.818,0.694
USR-4859,8.56,24.52,"[""Comedy"", ""Animation""]",25,0.803,0.253
USR-10913,2.82,21.06,"[""Family"", ""Comedy""]",4,0.503,0.86
USR-7847,30.2,55.75,"[""Crime"", ""Adventure"", ""Romance"", ""Documentary"", ""Sci-Fi""]",31,0.716,0.363
USR-3829,44.08,119.71,"[""Action"", ""Thriller"", ""Sci-Fi""]",38,0.858,0.454
USR-1437,48.84,91.46,"[""Thriller"", ""Action""]",20,0.792,0.544
USR-6790,9.63,23.88,"[""Animation"", ""Comedy""]",20,0.714,0.403
USR-9269,35.81,54.98,"[""Mystery"", ""Crime"", ""Drama""]",37,0.719,0.325
USR-4879,7.73,31.27,"[""Comedy""]",24,0.633,0.288
USR-2589,43.42,94.9,"[""Action"", ""Thriller"", ""Crime""]",19,0.843,0.201
USR-3781,46.05,96.75,"[""Thriller"", ""Sci-Fi"", ""Action"", ""Crime""]",18,0.919,0.403
USR-10076,3.14,39.73,"[""Drama""]",9,0.203,0.649
USR-9654,2.6,35.38,"[""Family"", ""Comedy""]",6,0.496,0.741
USR-6687,10.03,19.41,"[""Comedy"", ""Animation"", ""Romance""]",28,0.394,0.473
USR-4966,5.25,11.09,"[""Comedy"", ""Animation""]",20,0.807,0.464
USR-5728,6.71,21.69,"[""Comedy""]",17,0.695,0.388
USR-1974,41.93,,"[""Sci-Fi"", ""Thriller""]",21,0.844,0.422
USR-2239,45.71,97.61,"[""Sci-Fi"", ""Thriller""]",22,0.829,0.307
USR-3952,32.57,94.75,"[""Sci-Fi"", ""Thriller"", ""Action""]",37,0.899,0.277
USR-3343,46.14,108.53,"[""Action"", ""Thriller""]",23,1.0,0.313
USR-9340,1.57,33.17,"[""Drama"", ""Comedy""]",7,0.194,0.622
USR-8479,21.35,35.64,"[""Sci-Fi"", ""Crime"", ""Adventure""]",19,0.709,0.197
USR-7047,27.4,49.04,"[""Mystery"", ""Crime"", ""Sci-Fi""]",24,0.887,0.624
USR-3159,36.66,80.07,"[""Action"", ""Sci-Fi"", ""Thriller""]",24,0.858,0.41
USR-10384,2.83,39.45,"[""Family"", ""Drama""]",4,0.502,0.503
USR-7744,24.0,43.33,"[""Sci-Fi"", ""Drama"", ""Adventure"", ""Documentary""]",23,0.752,0.633
USR-2498,46.87,98.64,"[""Action"", ""Thriller""]",30,0.906,0.485
USR-5546,7.95,34.38,"[""Comedy"", ""Animation""]",23,0.747,0.374
USR-7466,27.81,46.61,"[""Drama"", ""Crime"", ""Sci-Fi"", ""Romance"", ""Documentary""]",25,0.81,0.347
USR-5258,4.63,23.19,"[""Animation""]",17,0.66,0.354
USR-3423,37.98,97.58,"[""Thriller"", ""Sci-Fi""]",28,0.933,0.161
USR-9657,3.83,20.14,"[""Family"", ""Comedy""]",8,0.46,0.72
USR-6186,9.14,10.0,"[""Animation""]",17,0.617,0.314
USR-6648,9.11,26.18,"[""Comedy""]",21,0.654,0.289
USR-1358,26.54,116.76,"[""Action"", ""Thriller""]",22,0.742,0.365
USR-6243,8.36,13.34,"[""Comedy"", ""Animation""]",10,0.541,0.296
USR-9189,27.9,45.16,"[""Sci-Fi"", ""Crime"", ""Adventure"", ""Romance""]",35,0.901,0.46
USR-10336,1.88,28.23,"[""Family""]",3,0.355,0.644
USR-3093,35.72,88.95,"[""Action"", ""Sci-Fi""]",23,0.869,0.345
USR-6410,7.34,18.05,"[""Comedy"", ""Animation""]",20,0.597,0.359
USR-3016,32.8,70.95,"[""Thriller"", ""Action""]",14,0.915,0.276
USR-10154,1.81,23.42,"[""Comedy""]",8,0.239,0.791
USR-5045,16.03,30.51,"[""Animation"", ""Comedy""]",27,0.685,0.245
USR-1188,44.6,79.94,"[""Action"", ""Thriller"", ""Crime""]",19,0.927,0.415
USR-8018,24.15,47.48,"[""Adventure"", ""Mystery"", ""Documentary"", ""Drama"", ""Crime""]",25,0.856,0.424
USR-4656,12.11,24.44,"[""Animation""]",19,0.763,0.262
USR-4427,10.61,21.5,"[""Comedy"", ""Animation""]",24,0.849,0.305
USR-8361,28.82,59.88,"[""Romance"", ""Sci-Fi"", ""Drama"", ""Crime"", ""Documentary""]",20,0.87,0.541
USR-2382,43.32,78.64,"[""Action"", ""Thriller""]",28,0.847,0.37
USR-8638,20.84,69.74,"[""Adventure"", ""Romance"", ""Documentary"", ""Mystery""]",27,0.719,0.564
USR-1414,31.91,67.73,"[""Thriller"", ""Action"", ""Sci-Fi""]",27,0.768,0.513
USR-6038,,25.06,"[""Animation"", ""Comedy""]",20,0.714,0.416
USR-5898,9.0,25.93,"[""Comedy"", ""Animation"", ""Romance""]",17,0.462,0.419
USR-4337,6.54,28.37,"[""Comedy""]",27,0.803,0.507
USR-4607,5.31,25.78,"[""Comedy"", ""Animation""]",25,0.545,0.291
USR-4176,38.67,95.49,"[""Thriller"", ""Action""]",36,0.769,0.363
USR-3242,39.25,74.77,"[""Thriller"", ""Sci-Fi"", ""Action""]",21,0.789,0.421
USR-10807,3.98,28.67,"[""Family""]",8,0.327,0.747
USR-8972,25.58,52.11,"[""Mystery"", ""Sci-Fi"", ""Crime""]",26,0.836,0.458
USR-1257,31.18,92.4,"[""Action"", ""Sci-Fi""]",24,0.981,0.412
USR-8223,,88.28,"[""Sci-Fi"", ""Crime"", ""Romance"", ""Documentary""]",25,0.73,0.428
USR-1201,46.01,103.88,"[""Sci-Fi"", ""Thriller"", ""Action""]",25,0.955,0.33
USR-3236,38.36,106.48,"[""Thriller"", ""Sci-Fi"", ""Action""]",23,0.86,0.451
USR-5744,6.1,25.94,"[""Comedy""]",22,0.569,0.355
USR-2768,28.65,116.64,"[""Thriller"", ""Sci-Fi"", ""Adventure""]",25,0.842,0.385
USR-5237,6.02,20.38,"[""Comedy"", ""Animation"", ""Romance""]",16,0.621,0.462
USR-10313,3.64,29.66,"[""Family""]",6,0.449,0.46
USR-9540,3.92,16.24,"[""Family"", ""Comedy""]",9,0.416,1.0
USR-8334,30.79,35.0,"[""Mystery"", ""Romance"", ""Sci-Fi""]",24,0.688,0.597
USR-2573,35.51,93.13,"[""Thriller"", ""Sci-Fi""]",25,0.911,0.408
USR-1025,36.16,81.45,"[""Thriller"", ""Action"", ""Sci-Fi""]",19,0.785,0.412
USR-4364,14.36,27.36,,17,0.711,0.256
USR-2089,37.02,111.22,"[""Action"", ""Sci-Fi""]",19,0.717,0.609
USR-5675,11.0,19.59,"[""Animation""]",26,0.766,0.379
USR-3695,38.14,108.93,"[""Sci-Fi"", ""Thriller""]",16,0.9,0.319
USR-8753,22.34,67.33,"[""Romance"", ""Crime"", ""Documentary""]",18,0.742,0.62
USR-4399,6.85,14.18,"[""Comedy"", ""Animation""]",21,0.635,0.163
USR-4560,9.85,29.01,"[""Animation"", ""Comedy""]",18,0.672,0.213
USR-10252,3.53,18.21,"[""Drama""]",6,0.377,0.99
USR-3842,49.64,99.44,"[""Action"", ""Thriller"", ""Sci-Fi"", ""Adventure""]",25,0.85,0.269
USR-3312,34.74,73.31,"[""Thriller"", ""Action"", ""Sci-Fi""]",18,0.806,0.371
USR-9422,3.68,21.51,"[""Comedy"", ""Drama""]",5,0.339,0.61
USR-4235,17.03,22.94,"[""Comedy"", ""Animation""]",12,0.549,0.297
USR-5153,6.59,16.08,"[""Comedy"", ""Animation""]",16,0.629,0.26
USR-2310,32.2,96.57,"[""Thriller"", ""Action""]",30,0.825,0.497
USR-1696,31.36,91.92,"[""Sci-Fi"", ""Thriller""]",19,0.922,0.325
USR-8509,22.61,60.14,"[""Drama"", ""Mystery"", ""Romance""]",22,0.716,0.565
USR-4753,7.83,21.76,"[""Comedy"", ""Animation""]",23,0.661,0.288
USR-7338,22.31,77.61,"[""Crime"", ""Romance"", ""Sci-Fi"", ""Drama""]",29,0.617,0.429
USR-2228,49.2,91.86,"[""Action"", ""Thriller"", ""Sci-Fi""]",18,0.982,0.343
USR-3000,35.53,83.67,"[""Thriller"", ""Action""]",26,0.777,0.316
USR-1277,46.06,72.84,"[""Thriller"", ""Action"", ""Adventure""]",34,0.789,0.439
USR-7928,13.86,46.37,"[""Sci-Fi"", ""Mystery"", ""Adventure"", ""Romance"", ""Drama""]",30,0.857,0.355
USR-8244,27.35,60.32,"[""Mystery"", ""Documentary"", ""Crime"", ""Drama"", ""Romance""]",23,0.769,0.674
USR-6930,30.69,71.91,"[""Crime"", ""Sci-Fi"", ""Romance""]",26,0.77,0.468
USR-3954,37.08,95.21,"[""Thriller"", ""Sci-Fi""]",16,0.901,0.493
USR-4638,11.71,20.54,"[""Comedy"", ""Animation""]",9,0.781,0.322
USR-4907,10.86,25.09,"[""Animation"", ""Comedy""]",19,0.656,0.293
USR-5779,,23.82,"[""Comedy"", ""Animation""]",27,0.741,0.28
USR-6846,10.67,29.39,"[""Comedy"", ""Animation""]",30,0.774,0.48
USR-10797,4.45,30.9,"[""Family""]",3,0.542,0.631
USR-5118,12.01,33.95,"[""Comedy""]",23,0.673,0.181
USR-8192,21.87,59.7,"[""Adventure"", ""Crime"", ""Sci-Fi"", ""Mystery"", ""Documentary""]",25,0.884,0.507
USR-2138,36.39,79.77,"[""Thriller"", ""Sci-Fi"", ""Action""]",29,0.824,0.536
USR-3768,17.29,72.0,"[""Thriller"", ""Sci-Fi"", ""Action""]",24,0.866,0.596
USR-3335,24.88,107.74,"[""Action"", ""Thriller"", ""Sci-Fi""]",26,0.829,0.395
USR-9805,2.97,29.34,"[""Drama""]",4,0.561,0.513
USR-1943,28.56,104.31,"[""Action"", ""Sci-Fi""]",24,0.937,0.438
USR-9609,2.42,47.39,"[""Drama"", ""Family""]",7,0.399,0.553
USR-3491,43.99,86.3,"[""Thriller"", ""Action""]",34,0.895,0.341
USR-10778,1.73,34.02,"[""Comedy""]",7,0.455,0.702
USR-7291,29.81,55.22,"[""Sci-Fi"", ""Adventure"", ""Documentary"", ""Drama"", ""Romance""]",32,0.819,0.491
USR-5936,12.78,26.55,"[""Animation"", ""Comedy""]",11,0.609,0.474
USR-4936,9.31,24.52,"[""Comedy"", ""Animation""]",15,0.621,0.191
USR-9402,2.87,11.24,"[""Comedy"", ""Drama""]",3,0.464,0.703
USR-3385,34.84,66.6,"[""Sci-Fi"", ""Thriller""]",26,0.851,0.433
USR-1116,42.75,80.24,"[""Thriller"", ""Sci-Fi""]",25,0.821,0.478
USR-2864,41.57,111.41,"[""Action"", ""Thriller"", ""Sci-Fi""]",20,0.813,0.416
USR-3936,41.63920108095431,80.21,"[""Sci-Fi"", ""Thriller"", ""Action"", ""Crime""]",22,0.909,0.305
USR-4120,41.91,85.19,"[""Action"", ""Sci-Fi""]",18,0.786,0.346
USR-5259,11.15,19.19,"[""Animation""]",18,0.668,0.39
USR-7861,28.2,60.5,"[""Documentary"", ""Romance"", ""Mystery"", ""Crime"", ""Drama""]",30,0.854,0.577
USR-1903,35.88,109.23,"[""Thriller"", ""Action""]",19,0.777,0.185
USR-3820,38.19,78.4,"[""Sci-Fi"", ""Thriller"", ""Action""]",28,0.839,0.225
USR-4823,10.05,27.59,"[""Animation"", ""Comedy""]",17,0.604,0.409
USR-9781,2.25,35.73,"[""Drama""]",5,0.437,0.739
USR-8051,24.53,61.79,"[""Sci-Fi"", ""Romance"", ""Mystery"", ""Adventure""]",27,0.863,0.308
USR-10193,4.67,27.08,"[""Drama""]",3,0.452,0.541
USR-5700,9.0,24.32,"[""Animation"", ""Comedy""]",27,0.462,0.375
USR-10012,4.38,39.73,"[""Drama"", ""Family""]",7,0.442,0.524
USR-4803,11.8,16.86,"[""Comedy"", ""Animation""]",19,0.681,0.255
USR-7069,26.94,66.89,"[""Documentary"", ""Crime"", ""Romance"", ""Sci-Fi""]",24,0.79,0.85
USR-6811,8.29,30.28,"[""Animation""]",16,0.608,0.277
USR-4537,10.16,,"[""Animation""]",23,0.876,0.466
USR-4826,8.42,21.89,"[""Animation"", ""Comedy"", ""Romance""]",23,0.775,0.371
USR-7643,25.2,64.83,"[""Crime"", ""Romance"", ""Drama"", ""Documentary""]",20,0.846,0.419
USR-9735,1.9,13.17,"[""Comedy"", ""Drama""]",8,0.417,0.571
USR-9701,4.59,30.12,"[""Comedy""]",5,0.391,0.777
USR-5811,7.75,26.89,"[""Comedy"", ""Animation""]",21,0.576,0.237
USR-2947,36.4,87.97,"[""Sci-Fi"", ""Thriller""]",23,0.892,0.508
USR-9019,,64.46,"[""Crime"", ""Sci-Fi"", ""Drama"", ""Mystery"", ""Documentary""]",16,0.751,0.374
USR-8303,25.8,71.36,"[""Mystery"", ""Documentary"", ""Adventure""]",41,0.853,0.621
USR-6336,10.32,23.65,"[""Comedy"", ""Animation""]",17,0.663,0.365
USR-4489,6.65,26.87,"[""Animation""]",18,0.578,0.203
USR-2611,49.69,101.27,"[""Sci-Fi"", ""Thriller"", ""Adventure""]",20,0.843,0.412
USR-8631,13.02,61.16,"[""Romance"", ""Drama"", ""Crime"", ""Adventure""]",22,0.785,0.765
USR-8221,32.09,48.31,"[""Drama"", ""Romance"", ""Documentary""]",23,0.881,0.388
USR-5678,7.88,22.53,"[""Comedy""]",11,0.658,0.272
USR-5960,11.6,28.28,"[""Comedy"", ""Animation""]",27,0.657,0.337
USR-6868,11.66,34.0,"[""Animation""]",11,0.712,0.41
USR-9856,2.61,25.61,"[""Family""]",7,0.278,0.709
USR-5762,4.65,28.71,"[""Comedy""]",21,0.647,0.401
USR-3195,42.83,93.04,"[""Sci-Fi"", ""Thriller""]",27,0.769,0.538
USR-9181,17.82,49.63,"[""Crime"", ""Romance"", ""Documentary"", ""Sci-Fi""]",24,0.842,0.472
USR-6702,14.52,37.73,"[""Animation"", ""Comedy""]",22,0.819,0.349
USR-6114,9.1,17.81,"[""Comedy"", ""Animation""]",26,0.568,0.43
USR-1558,36.08,50.0,"[""Thriller"", ""Sci-Fi""]",28,0.869,0.311
USR-9222,27.03,52.19,"[""Adventure"", ""Sci-Fi"", ""Crime"", ""Drama"", ""Mystery""]",36,0.802,0.381
USR-6140,11.13,32.3,"[""Animation"", ""Comedy"", ""Romance""]",28,0.592,0.417
USR-2208,,61.31,"[""Thriller"", ""Sci-Fi"", ""Crime""]",16,0.905,0.421
USR-8195,32.15,45.33,"[""Documentary"", ""Romance"", ""Adventure"", ""Mystery""]",30,0.782,0.683
USR-8478,33.84,65.11,"[""Adventure"", ""Drama"", ""Romance""]",28,0.727,0.441
USR-2511,35.92,92.49,"[""Sci-Fi"", ""Action"", ""Thriller""]",20,0.838,0.371
USR-7927,27.25,63.96,"[""Romance"", ""Crime"", ""Adventure"", ""Mystery"", ""Drama""]",35,0.797,0.452
USR-4830,6.13,20.5,"[""Comedy"", ""Animation""]",17,0.683,0.267
USR-4733,,32.91,"[""Comedy"", ""Animation""]",26,0.642,0.381
USR-9135,26.68,62.79,"[""Crime"", ""Drama"", ""Sci-Fi"", ""Mystery"", ""Romance""]",26,0.873,0.479
USR-4212,4.94,,"[""Comedy""]",28,0.702,0.378
USR-4631,8.67,16.81,"[""Comedy"", ""Animation""]",17,0.595,0.306
USR-2709,30.44,89.35,,18,0.84,0.593
USR-2846,26.74,88.29,"[""Thriller"", ""Action"", ""Sci-Fi""]",26,0.859,0.532
USR-1267,42.77,74.65,"[""Thriller"", ""Sci-Fi""]",25,0.872,0.556
USR-6986,37.38,35.87,"[""Documentary"", ""Romance"", ""Sci-Fi""]",24,0.907,0.625
USR-2141,42.47,106.94,"[""Action"", ""Thriller""]",33,0.865,0.229
USR-4163,35.32,117.41,"[""Action"", ""Thriller"", ""Sci-Fi""]",14,1.0,0.434
USR-7208,32.29,50.11,"[""Romance"", ""Sci-Fi"", ""Crime"", ""Documentary"", ""Mystery""]",25,0.756,0.605
USR-3047,29.31,95.43,"[""Thriller"", ""Sci-Fi""]",24,0.735,0.428
USR-4731,6.57,34.39,"[""Animation"", ""Comedy""]",18,0.751,0.297
USR-2910,28.2,87.66,"[""Action"", ""Thriller""]",23,0.974,0.427
USR-8476,28.3,66.13,"[""Sci-Fi"", ""Documentary"", ""Drama""]",29,0.764,0.281
USR-3661,43.18,103.5,"[""Action"", ""Sci-Fi"", ""Thriller""]",23,0.75,0.57
USR-1657,42.33,110.24,"[""Thriller"", ""Sci-Fi""]",31,0.876,0.559
USR-7661,15.94,63.78,"[""Documentary"", ""Adventure"", ""Romance"", ""Drama"", ""Mystery""]",21,0.722,0.68
USR-2308,32.15,92.68,"[""Thriller"", ""Sci-Fi""]",32,0.772,0.532
USR-9006,28.73,44.69,"[""Documentary"", ""Crime"", ""Drama""]",22,0.772,0.605
USR-1999,34.03,76.94,"[""Action"", ""Sci-Fi""]",22,0.68,0.346
USR-8602,17.81,65.55,"[""Drama"", ""Romance"", ""Crime"", ""Mystery"", ""Adventure""]",30,0.658,0.473
USR-3835,,89.25,"[""Sci-Fi"", ""Thriller"", ""Action""]",21,0.832,0.509
USR-10526,542.649620364696,708.1710036826188,"[""Drama"", ""Family""]",4,0.19,0.707
USR-6881,8.37,22.79,"[""Animation""]",19,0.503,0.277
USR-2238,39.31,91.19,"[""Action"", ""Thriller"", ""Sci-Fi"", ""Crime""]",21,0.899,0.488
USR-3152,39.0,97.41,"[""Action"", ""Sci-Fi""]",24,0.884,0.34
USR-9095,29.86,58.96,"[""Crime"", ""Mystery"", ""Sci-Fi""]",25,0.694,0.376
USR-10794,2.71,33.99,"[""Comedy"", ""Drama""]",6,0.447,0.554
USR-8356,25.36,57.84,"[""Sci-Fi"", ""Romance"", ""Documentary""]",13,0.731,0.272
USR-5468,7.553990899368081,23.29,"[""Comedy""]",19,0.777,0.341
USR-7579,28.47,67.09,"[""Mystery"", ""Drama"", ""Sci-Fi"", ""Adventure""]",15,0.813,0.515
USR-6092,8.37,23.39,"[""Animation"", ""Comedy""]",25,0.721,0.225
USR-3187,48.47,104.04,"[""Thriller"", ""Action"", ""Sci-Fi""]",18,0.817,0.441
USR-2135,40.93,80.63,"[""Action"", ""Sci-Fi""]",24,0.998,0.243
USR-6005,4.56,25.23,"[""Animation"", ""Comedy"", ""Avant-Garde Doc""]",19,0.464,0.408
USR-9152,27.73,62.42,"[""Adventure"", ""Documentary"", ""Drama"", ""Crime""]",27,0.874,0.417
USR-2304,30.2,77.74,"[""Thriller"", ""Action""]",20,0.814,0.385
USR-9558,2.91,24.34,"[""Comedy"", ""Family""]",6,0.439,0.711
USR-2628,53.52,80.26,"[""Action"", ""Thriller"", ""Sci-Fi""]",20,0.905,0.524
USR-9036,19.04,50.12,"[""Sci-Fi"", ""Drama"", ""Documentary"", ""Crime""]",24,0.702,0.331
USR-2523,31.9,94.53,"[""Thriller"", ""Sci-Fi"", ""Action""]",26,0.954,0.546
USR-10909,4.02,14.39,"[""Drama""]",5,0.28,0.865
USR-1359,49.38,110.92,"[""Sci-Fi"", ""Action""]",9,0.741,0.534
USR-1139,41.62,86.12,"[""Sci-Fi"", ""Action"", ""Thriller""]",31,0.828,0.558
USR-1300,45.37,86.87,"[""Action"", ""Thriller"", ""Adventure""]",27,0.851,0.491
USR-2557,46.19,82.56,"[""Sci-Fi"", ""Action"", ""Thriller""]",29,0.757,0.431
USR-6100,7.92,26.26,"[""Comedy"", ""Animation""]",28,0.689,0.448
USR-1383,28.6,98.48,"[""Thriller"", ""Sci-Fi""]",25,0.799,0.304
USR-9401,5.14,35.34,"[""Family""]",7,0.204,0.774
USR-8109,32.57,42.58,"[""Mystery"", ""Crime"", ""Romance""]",29,0.81,0.647
USR-5858,12.67,19.24,"[""Animation"", ""Comedy""]",20,0.611,0.38
USR-4181,27.42,110.57,"[""Thriller"", ""Sci-Fi"", ""Action""]",38,0.848,0.39
USR-2440,28.13,99.57,"[""Sci-Fi"", ""Action"", ""Thriller""]",28,0.735,0.338
USR-8300,22.37,54.08,"[""Sci-Fi"", ""Crime"", ""Drama"", ""Documentary"", ""Mystery""]",33,0.822,0.635
USR-6674,7.87,25.8,"[""Comedy"", ""Animation""]",22,0.568,0.271
USR-1947,30.97,72.86,"[""Action"", ""Thriller"", ""Sci-Fi""]",25,0.871,0.487
USR-3391,42.95,94.12,"[""Sci-Fi"", ""Action""]",21,0.814,0.318
USR-6499,9.97,21.91,"[""Animation"", ""Comedy""]",19,0.734,0.349
USR-8237,35.31,71.63,"[""Documentary"", ""Romance"", ""Mystery"", ""Adventure""]",25,0.68,0.544
USR-10326,4.3,32.14,"[""Comedy"", ""Family""]",5,0.178,0.656
USR-3722,51.48,110.0,"[""Action"", ""Sci-Fi"", ""Thriller""]",32,0.897,0.286
USR-2933,27.9,87.32,"[""Action"", ""Sci-Fi"", ""Crime""]",28,0.91,0.384
USR-8593,18.6,42.54,"[""Documentary"", ""Romance"", ""Sci-Fi""]",25,0.726,0.56
USR-4237,12.94,25.26,"[""Animation""]",19,0.584,0.405
USR-4141,28.05,75.52,"[""Thriller"", ""Sci-Fi"", ""Action"", ""Crime""]",23,0.86,0.447
USR-5164,10.81,19.55,"[""Comedy"", ""Animation""]",25,0.59,0.34
USR-9982,3.29,24.02,"[""Comedy""]",6,0.397,0.653
USR-4808,9.04,26.62,"[""Animation"", ""Comedy""]",17,0.731,0.334
USR-10577,4.18,35.43,"[""Comedy"", ""Family""]",6,0.445,0.753
USR-8145,27.18,76.62,"[""Drama"", ""Sci-Fi"", ""Documentary"", ""Adventure""]",28,0.955,0.627
USR-9998,2.23,28.7,"[""Comedy""]",5,0.384,0.547
USR-7782,28.17,75.55,"[""Mystery"", ""Drama"", ""Adventure"", ""Documentary"", ""Crime""]",22,0.897,0.484
USR-8054,21.86,90.54,"[""Romance"", ""Adventure"", ""Crime""]",26,0.702,0.366
USR-5155,9.21,18.12,"[""Comedy"", ""Animation""]",13,0.64,0.418
USR-5173,7.16,22.68,"[""Comedy""]",17,0.556,0.473
USR-1797,29.17,95.17,"[""Sci-Fi"", ""Action""]",25,1.0,0.499
USR-3417,39.05,86.23,"[""Sci-Fi"", ""Thriller"", ""Action""]",27,0.865,0.298
USR-8337,23.13,52.68,"[""Crime"", ""Drama"", ""Sci-Fi"", ""Documentary"", ""Romance""]",34,0.68,0.599
USR-7140,24.47,47.6,"[""Drama"", ""Crime"", ""Adventure"", ""Sci-Fi"", ""Mystery""]",27,0.75,0.464
USR-1786,44.23,95.55,"[""Sci-Fi"", ""Action"", ""Crime""]",19,0.805,0.505
USR-8264,30.89,50.69,"[""Sci-Fi"", ""Romance"", ""Adventure""]",21,0.802,0.4
USR-7790,16.16,51.36,"[""Adventure"", ""Romance"", ""Crime"", ""Drama"", ""Sci-Fi""]",32,0.752,0.409
USR-4159,37.67,95.03,"[""Thriller"", ""Sci-Fi""]",23,0.95,0.546
USR-1124,32.72,86.92,[],26,0.705,0.517
USR-10555,4.19,17.61,"[""Comedy""]",6,0.43,0.829
USR-8569,18.96,54.02,"[""Sci-Fi"", ""Adventure"", ""Romance""]",25,0.691,0.48
USR-3173,51.4,86.53,"[""Sci-Fi"", ""Action"", ""Thriller""]",29,0.937,0.421
USR-3170,35.56,86.65,"[""Thriller"", ""Sci-Fi""]",17,0.927,0.413
USR-8040,24.82,59.29,"[""Sci-Fi"", ""Adventure"", ""Mystery"", ""Documentary""]",35,0.764,0.358
USR-5010,10.08,22.46,"[""Comedy""]",12,0.621,0.331
USR-10392,2.56,39.05,"[""Family"", ""Comedy""]",7,0.299,0.747
USR-5341,12.65,22.65,"[""Animation"", ""Comedy""]",24,0.546,0.1
USR-1911,38.67,108.93,"[""Action"", ""Thriller"", ""Sci-Fi""]",29,0.878,0.222
USR-7269,25.3,49.18,"[""Mystery"", ""Crime"", ""Drama"", ""Romance""]",14,0.93,0.489
USR-8947,16.95,65.19,"[""Adventure"", ""Crime"", ""Romance"", ""Mystery"", ""Drama""]",32,0.673,0.514
USR-3310,32.53,90.6,"[""Action"", ""Sci-Fi"", ""Thriller"", ""Crime""]",29,0.861,0.415
USR-10757,3.92,27.72,"[""Family""]",9,0.322,0.606
USR-4635,11.05,25.19,"[""Animation"", ""Comedy""]",21,0.671,0.553
USR-2258,37.7,86.33,"[""Action"", ""Sci-Fi"", ""Thriller"", ""Adventure""]",27,0.798,0.439
USR-7592,26.47,77.55,"[""Documentary"", ""Crime"", ""Mystery"", ""Sci-Fi"", ""Drama""]",15,0.771,0.436
USR-5459,9.4,28.53,"[""Animation""]",22,0.517,0.319
USR-7134,21.87,74.41,"[""Mystery"", ""Adventure"", ""Crime"", ""Romance"", ""Documentary""]",24,0.803,0.46
USR-2179,22.94,99.97,"[""Sci-Fi"", ""Action"", ""Thriller"", ""Adventure""]",28,0.731,0.356
USR-5653,8.45,32.05,"[""Comedy"", ""Romance""]",18,0.756,0.419
USR-7219,28.47,43.17,"[""Drama"", ""Adventure"", ""Crime""]",12,0.77,0.394
USR-4651,9.69,22.77,"[""Animation"", ""Comedy""]",27,0.562,0.333
USR-1443,36.64,85.08,"[""Action"", ""Thriller""]",17,0.852,0.214
USR-4416,12.84,26.61,"[""Animation""]",23,0.556,0.396
USR-2400,37.41,124.2,"[""Action"", ""Sci-Fi""]",16,0.953,0.486
USR-2458,39.57,107.18,[],23,0.813,0.346
USR-9849,5.0,48.61,"[""Drama""]",8,0.467,0.763
USR-6745,10.05,19.83,"[""Comedy""]",20,0.671,0.523
USR-2055,40.67,99.74,"[""Thriller"", ""Action"", ""Sci-Fi""]",23,0.799,0.427
USR-7941,20.99,76.95,"[""Romance"", ""Adventure"", ""Mystery"", ""Sci-Fi""]",37,0.706,0.425
USR-4276,6.76,19.77,"[""Comedy""]",24,0.657,0.437
USR-2464,39.99,73.87,"[""Sci-Fi"", ""Thriller"", ""Action"", ""Crime""]",27,0.86,0.442
USR-4700,10.79,17.85,"[""Animation""]",18,0.677,0.394
USR-4760,8.59,22.55,"[""Comedy"", ""Animation""]",20,0.741,0.379
USR-1930,44.36,83.17,"[""Action"", ""Thriller"", ""Sci-Fi"", ""Crime""]",23,0.912,0.367
USR-6512,12.62,29.98,"[""Comedy"", ""Animation""]",24,0.678,0.392
USR-7469,-11.232339132490818,35.0,"[""Drama"", ""Mystery"", ""Sci-Fi"", ""Adventure""]",28,0.859,0.704
USR-9502,1.98,35.41,"[""Family""]",9,0.449,0.605
USR-2830,38.42,72.78,"[""Thriller"", ""Action"", ""Crime""]",29,0.91,0.27
USR-3929,39.15,75.21,[],19,0.792,0.23
USR-8360,28.09,62.63,"[""Crime"", ""Romance"", ""Documentary"", ""Drama"", ""Mystery""]",44,0.793,0.303
USR-7539,26.25,60.81,"[""Sci-Fi"", ""Crime"", ""Documentary"", ""Drama"", ""Mystery""]",31,0.847,0.416
USR-5222,8.63,28.49,"[""Animation"", ""Comedy""]",13,0.734,0.275
USR-4547,6.49,30.57,"[""Animation"", ""Comedy""]",32,0.821,0.522
USR-6599,9.93,26.51,"[""Animation""]",17,0.677,0.443
USR-10032,3.57,37.27,"[""Drama"", ""Comedy""]",3,0.433,0.663
USR-9808,3.92,17.22,"[""Family""]",7,0.447,0.72
USR-9245,13.69,38.25,"[""Documentary"", ""Romance"", ""Sci-Fi"", ""Crime""]",25,0.875,0.607
USR-3012,30.66,90.23,"[""Thriller"", ""Action""]",22,0.836,0.407
USR-1914,36.58,69.59,"[""Thriller"", ""Action"", ""Crime""]",13,0.852,0.353
USR-9337,3.8,44.84,"[""Family""]",4,0.163,0.657
USR-8434,21.78,,"[""Documentary"", ""Adventure"", ""Mystery""]",21,0.776,0.451
USR-4220,5.93,25.03,"[""Animation"", ""Comedy""]",22,0.703,0.349
USR-3607,33.38,118.96,"[""Action"", ""Thriller""]",29,0.816,0.534
USR-4265,13.8,25.96,"[""Animation"", ""Comedy"", ""Romance""]",20,0.81,0.33
USR-5929,8.58,21.58,"[""Animation""]",23,0.52,0.274
USR-9754,2.77,42.54,"[""Comedy""]",3,0.4,0.596
USR-7565,37.78,51.88,"[""Documentary"", ""Sci-Fi"", ""Adventure"", ""Romance"", ""Crime""]",34,0.752,0.465
USR-9247,24.47,55.23,"[""Documentary"", ""Romance"", ""Mystery"", ""Sci-Fi""]",29,0.742,0.515
USR-1007,21.66,77.39,"[""Action"", ""Sci-Fi""]",26,0.876,0.495
USR-3981,47.68,101.57,"[""Thriller"", ""Action""]",24,0.848,0.329
USR-7584,22.03,56.14,"[""Documentary"", ""Crime"", ""Drama"", ""Adventure"", ""Sci-Fi""]",35,0.797,0.333
USR-4362,9.93,16.86,"[""Animation""]",19,0.517,0.273
USR-5775,7.58,27.36,"[""Comedy"", ""Animation""]",23,0.72,0.419
USR-2944,50.56,81.98,"[""Thriller"", ""Sci-Fi"", ""Action""]",22,0.92,0.243
USR-8622,24.5,61.89,"[""Documentary"", ""Sci-Fi"", ""Romance"", ""Crime"", ""Mystery""]",33,0.91,0.559
USR-6500,4.99,33.79,"[""Comedy""]",10,0.704,0.354
USR-2636,34.3,101.5,"[""Action"", ""Thriller"", ""Sci-Fi""]",22,0.757,0.451
USR-2142,37.62,87.4,"[""Action"", ""Sci-Fi""]",22,0.957,0.391
USR-3042,48.91,91.89,"[""Action"", ""Thriller"", ""Sci-Fi""]",29,0.815,0.44
USR-7816,26.59,83.84,"[""Adventure"", ""Documentary"", ""Romance"", ""Drama"", ""Mystery""]",30,0.787,0.436
USR-7704,29.16,53.64,"[""Mystery"", ""Adventure"", ""Crime"", ""Romance"", ""Drama""]",21,0.891,0.424
USR-9129,23.75,59.2,"[""Mystery"", ""Romance"", ""Sci-Fi""]",35,0.816,0.395
USR-3071,39.6,85.53,"[""Action"", ""Sci-Fi"", ""Thriller""]",15,0.818,0.341
USR-4135,38.35,96.19,"[""Thriller"", ""Action"", ""Sci-Fi"", ""Crime""]",29,0.897,0.431
USR-6161,15.63,19.08,"[""Animation"", ""Comedy"", ""Romance""]",23,0.751,0.435
USR-8937,31.19,45.64,"[""Sci-Fi"", ""Drama"", ""Mystery""]",31,0.703,0.608
USR-6276,7.67,23.72,"[""Comedy"", ""Animation""]",15,0.727,0.204
USR-3243,46.95,91.89,"[""Sci-Fi"", ""Thriller"", ""Action"", ""Crime""]",20,0.807,0.38
USR-2475,35.88,,"[""Sci-Fi"", ""Thriller""]",24,0.73,0.433
USR-9683,1.38,29.23,"[""Family"", ""Drama""]",4,0.354,0.603
USR-2890,43.04,103.53,"[""Sci-Fi"", ""Thriller""]",24,0.947,0.352
USR-4436,7.66,31.27,"[""Animation"", ""Comedy""]",14,0.731,0.494
USR-8764,27.23,60.23,"[""Romance"", ""Sci-Fi"", ""Documentary"", ""Mystery""]",24,0.853,0.653
USR-2224,34.5314009088182,84.38,"[""Sci-Fi"", ""Thriller"", ""Action""]",20,0.845,0.413
USR-4706,9.43,25.68,"[""Comedy"", ""Animation""]",16,0.812,0.342
USR-3022,25.45,81.82,"[""Action"", ""Sci-Fi"", ""Thriller""]",31,0.947,0.328
USR-5021,12.9,27.66,"[""Comedy"", ""Romance""]",23,0.762,0.484
USR-9924,4.84,33.65,"[""Comedy""]",8,0.324,0.709
USR-9533,1.76,18.85,"[""Family"", ""Drama""]",4,0.387,0.781
USR-4501,3.61,21.75,"[""Animation"", ""Comedy""]",15,0.738,0.521
USR-3659,50.27,102.02,"[""Action"", ""Thriller"", ""Sci-Fi""]",23,0.912,0.339
USR-9546,1.48,18.07,"[""Comedy"", ""Drama""]",8,0.376,0.669
USR-8048,24.47,63.01,"[""Adventure"", ""Romance"", ""Crime"", ""Documentary""]",23,0.923,0.457
USR-2131,41.6,111.36,"[""Thriller"", ""Sci-Fi"", ""Action""]",32,0.907,0.484
USR-6558,9.04,23.52,"[""Animation"", ""Comedy"", ""Romance""]",23,0.722,0.376
USR-10942,0.27,15.16,"[""Comedy"", ""Family""]",6,0.256,0.713
USR-2820,27.7,76.35,"[""Action"", ""Sci-Fi"", ""Thriller""]",26,0.77,0.207
USR-8709,21.69,69.2,"[""Adventure"", ""Romance"", ""Mystery"", ""Documentary""]",31,0.793,0.777
USR-8653,21.9,91.86,"[""Mystery"", ""Crime"", ""Documentary""]",28,0.793,0.262
USR-5319,7.28,23.53,"[""Comedy""]",16,0.61,0.291
USR-10703,2.06,28.72,"[""Comedy""]",3,0.539,0.763
USR-5145,9.31,29.2,"[""Animation"", ""Comedy""]",21,0.728,0.386
USR-5670,7.65,22.13,"[""Animation""]",18,0.656,0.245
USR-2237,40.83,112.5,"[""Thriller"", ""Sci-Fi"", ""Adventure""]",24,0.781,0.502
USR-6477,5.03,30.28,"[""Comedy"", ""Animation""]",22,0.84,0.206
USR-10935,2.25,33.04,"[""Comedy"", ""Family""]",6,0.353,0.689
USR-2857,42.79,91.85,"[""Thriller"", ""Sci-Fi""]",22,0.828,0.625
USR-3283,36.27,103.6,"[""Action"", ""Thriller"", ""Sci-Fi""]",16,0.919,0.471
USR-9786,3.11,51.54,"[""Family"", ""Drama""]",3,0.521,0.748
USR-10416,2.38,,"[""Drama"", ""Comedy""]",4,0.409,0.618
USR-5094,8.71,33.9,"[""Comedy"", ""Animation""]",23,0.729,0.455
USR-8225,22.63,60.29,"[""Sci-Fi"", ""Adventure"", ""Romance"", ""Documentary""]",33,0.882,0.589
USR-6201,4.12,10.94,"[""Comedy"", ""Romance""]",25,0.562,0.228
USR-7402,24.67,57.47,"[""Drama"", ""Crime"", ""Romance""]",31,0.687,0.406
USR-6024,4.005660045399879,15.59,"[""Comedy"", ""Animation""]",21,0.675,0.343
USR-4422,4.14,18.6,"[""Animation"", ""Comedy""]",17,0.784,0.177
USR-10365,2.91,17.93,"[""Family"", ""Drama""]",4,0.447,0.655
USR-1387,31.9,64.9,"[""Action"", ""Sci-Fi"", ""Thriller""]",21,0.921,0.377
USR-9641,1.34,17.49,"[""Comedy""]",7,0.295,0.78
USR-2629,31.23,104.95,"[""Action"", ""Sci-Fi"", ""Thriller""]",30,0.822,0.465
USR-4586,6.59,33.73,"[""Comedy"", ""Animation"", ""Romance""]",15,0.565,0.33
USR-8582,29.41,56.74,"[""Romance"", ""Drama"", ""Mystery""]",28,0.626,0.486
USR-3715,40.08,86.21,"[""Action"", ""Thriller""]",25,0.893,0.705
USR-8338,17.12,75.69,"[""Crime"", ""Mystery"", ""Adventure"", ""Sci-Fi""]",12,0.817,0.401
USR-9525,3.45,32.47,"[""Family"", ""Drama""]",8,0.532,0.834
USR-10417,4.26,33.08,"[""Family""]",5,0.439,0.609
USR-6660,7.76,25.43,"[""Comedy""]",15,0.541,0.363
USR-7857,26.56,51.15,"[""Crime"", ""Drama"", ""Adventure"", ""Romance""]",37,0.764,0.377
USR-4190,40.24,80.17,"[""Sci-Fi"", ""Thriller"", ""Action""]",24,0.847,0.362
USR-3219,37.08353336305605,99.55,"[""Sci-Fi"", ""Thriller"", ""Crime""]",23,0.728,0.506
USR-5306,9.23,10.0,"[""Animation"", ""Romance""]",16,0.73,0.105
USR-1910,46.87,76.83,"[""Thriller"", ""Sci-Fi"", ""Action""]",28,0.858,0.647
USR-6386,6.89,27.29,"[""Animation""]",15,0.666,0.309
USR-2997,33.39,92.0,"[""Sci-Fi"", ""Action"", ""Thriller""]",28,0.927,0.47
USR-2867,37.5,93.51,"[""Action"", ""Thriller"", ""Sci-Fi""]",17,0.861,0.331
USR-2843,15.0,88.34,"[""Action"", ""Sci-Fi""]",20,1.0,0.386
USR-3498,34.58,85.07,"[""Thriller"", ""Action""]",17,0.98,0.531
USR-1202,35.73,102.82,"[""Thriller"", ""Action"", ""Sci-Fi""]",30,0.78,0.366
USR-9081,22.64,55.98,"[""Sci-Fi"", ""Documentary"", ""Drama""]",19,0.888,0.296
USR-8898,26.52,52.19,"[""Romance"", ""Crime"", ""Drama""]",38,0.902,0.596
USR-6055,11.49,35.57,"[""Comedy"", ""Animation""]",17,0.614,0.343
USR-6890,11.66,16.15,"[""Comedy"", ""Animation""]",26,0.757,0.486
USR-5007,7.1,29.67,"[""Comedy"", ""Animation""]",14,0.643,0.613
USR-10818,3.49485560645961,43.21,"[""Drama"", ""Family""]",2,0.156,0.933
USR-3703,41.21,85.96,"[""Sci-Fi"", ""Action""]",24,0.987,0.441
USR-4450,9.68,27.16,"[""Comedy"", ""Romance""]",15,0.771,0.219
USR-1332,36.81,103.32,"[""Action"", ""Thriller""]",28,0.959,0.396
USR-8306,25.64,58.71,"[""Drama"", ""Romance"", ""Crime"", ""Adventure"", ""Documentary""]",30,0.825,0.332
USR-10055,3.02,36.22,"[""Comedy""]",4,0.318,0.73
USR-9359,2.56,23.69,"[""Drama"", ""Family""]",5,0.49,0.811
USR-8343,22.97,51.14,"[""Documentary"", ""Drama"", ""Romance""]",27,0.75,0.476
USR-3460,50.18,100.6,"[""Action"", ""Sci-Fi""]",24,0.964,0.257
USR-2775,22.71,77.21,"[""Sci-Fi"", ""Action""]",25,0.876,0.329
USR-7629,32.94,68.08,"[""Mystery"", ""Adventure"", ""Sci-Fi""]",15,0.778,0.225
USR-8767,22.58,62.49,"[""Mystery"", ""Crime"", ""Adventure"", ""Romance"", ""Drama""]",26,0.778,0.605
USR-9164,23.56,48.35,"[""Romance"", ""Adventure"", ""Mystery"", ""Drama""]",22,0.83,0.408
USR-3687,33.61,118.45,"[""Sci-Fi"", ""Action"", ""Thriller""]",20,0.84,0.456
USR-10243,1.96,,"[""Drama""]",8,0.636,0.598
USR-1990,20.56,75.47,"[""Action"", ""Thriller""]",18,1.0,0.334
USR-10126,3.72,10.0,"[""Family"", ""Comedy""]",3,0.337,0.847
USR-9836,3.25,41.24,"[""Drama""]",4,0.324,0.323
USR-10805,2.65,16.37,"[""Comedy"", ""Drama""]",3,0.482,0.763
USR-7994,18.13,55.45,"[""Romance"", ""Drama"", ""Sci-Fi"", ""Adventure"", ""Mystery""]",21,0.877,0.517
USR-9643,3.77,25.57,"[""Drama""]",6,0.184,0.815
USR-6807,9.61,19.84,"[""Comedy""]",19,0.649,0.385
USR-9826,2.44,21.0,"[""Drama"", ""Family""]",3,0.342,0.55
USR-9790,2.17,31.57,"[""Comedy"", ""Drama""]",8,0.499,0.746
USR-7575,23.95,66.98,"[""Crime"", ""Mystery"", ""Sci-Fi""]",16,0.797,0.701
USR-4053,41.7,85.19,"[""Sci-Fi"", ""Action"", ""Adventure"", ""Esports Highlights""]",27,0.91,0.352
USR-9730,4.42,28.07,"[""Drama"", ""Family""]",3,0.545,0.678
USR-6463,9.18,29.44,"[""Comedy"", ""Animation""]",16,0.525,0.529
USR-1174,40.41,101.97,"[""Action"", ""Thriller"", ""Adventure""]",25,0.792,0.683
USR-5955,9.11,22.57,"[""Animation""]",26,0.71,0.349
USR-5616,7.12,34.78,"[""Comedy"", ""Animation""]",23,0.681,0.402
USR-4322,12.94,27.65,"[""Comedy"", ""Animation""]",16,0.48,0.255
USR-8229,24.07,65.36,"[""Adventure"", ""Drama"", ""Mystery"", ""Sci-Fi"", ""Documentary""]",24,0.668,0.465
USR-7247,28.03,71.87,"[""Romance"", ""Crime"", ""Adventure""]",28,0.717,0.287
USR-7746,30.34,80.43,"[""Adventure"", ""Sci-Fi"", ""Documentary"", ""Drama"", ""Mystery""]",29,0.826,0.606
USR-4373,7.72,16.43,"[""Animation"", ""Comedy"", ""Romance""]",18,0.638,0.489
USR-7049,20.26,59.52,"[""Adventure"", ""Romance"", ""Documentary"", ""Mystery""]",23,0.766,0.365
USR-4312,5.53,26.45,"[""Comedy""]",20,0.692,0.266
USR-8586,22.82,56.2,"[""Documentary"", ""Romance"", ""Sci-Fi"", ""Mystery"", ""Drama""]",24,0.854,0.502
USR-8462,28.45,63.9,"[""Adventure"", ""Sci-Fi"", ""Romance"", ""Mystery"", ""Documentary""]",28,0.737,0.397
USR-8755,21.06,35.0,"[""Drama"", ""Sci-Fi"", ""Mystery"", ""Adventure""]",33,0.754,0.441
USR-10473,3.59,24.84,"[""Family""]",4,0.56,0.74
USR-9905,2.64,18.08,"[""Drama"", ""Family""]",4,0.517,0.884
USR-5552,7.08,23.62,"[""Comedy"", ""Animation""]",26,0.572,0.278
USR-5680,12.56,27.15,"[""Comedy""]",13,0.742,0.451
USR-4404,11.32,22.15,"[""Animation"", ""Romance""]",21,0.61,0.428
USR-1019,34.88,104.01,"[""Thriller"", ""Sci-Fi""]",29,0.774,0.366
USR-4692,8.86,18.45,"[""Animation""]",23,0.749,0.424
USR-9747,,27.99,"[""Drama""]",1,0.391,0.684
USR-5097,10.47,24.69,"[""Comedy"", ""Animation""]",18,0.493,0.42
USR-4629,5.43,21.61,"[""Comedy"", ""Animation""]",20,0.463,0.412
USR-9956,3.8,22.99,"[""Drama""]",5,0.337,0.595
USR-3175,42.46,125.9,"[""Sci-Fi"", ""Action"", ""Thriller""]",26,0.708,0.387
USR-2357,31.16,97.18,"[""Thriller"", ""Sci-Fi"", ""Crime""]",33,1.0,0.56
USR-6003,8.27,27.49,"[""Comedy"", ""Animation""]",19,0.924,0.377
USR-8560,25.92,46.91,"[""Drama"", ""Mystery"", ""Romance"", ""Documentary"", ""Adventure""]",22,0.71,0.286
USR-7923,19.07,48.23,"[""Romance"", ""Documentary"", ""Adventure"", ""Sci-Fi"", ""Crime""]",23,0.74,0.516
USR-6824,10.71,21.02,"[""Comedy""]",22,0.674,0.356
USR-10600,2.06,26.77,"[""Family""]",2,0.366,0.653
USR-6671,11.93,26.24,"[""Comedy"", ""Animation"", ""Romance""]",16,0.646,0.492
USR-4113,,72.22,"[""Action"", ""Thriller"", ""Sci-Fi""]",20,0.794,0.496
USR-1183,32.85,85.58,"[""Sci-Fi"", ""Action"", ""Thriller""]",29,0.751,0.464
USR-4643,9.78,21.43,"[""Animation"", ""Comedy""]",21,0.514,0.293
USR-9951,3.38,34.81,"[""Comedy"", ""Drama""]",3,0.301,0.604
USR-2813,,98.08,"[""Thriller"", ""Sci-Fi"", ""Action""]",20,0.731,0.327
USR-10824,3.27,34.24,"[""Drama""]",3,0.327,0.624
USR-9532,4.07,41.54,"[""Drama""]",3,0.628,0.813
USR-5913,6.53,30.21,"[""Comedy"", ""Animation""]",21,0.502,0.242
USR-6669,11.78,24.86,"[""Animation"", ""Comedy""]",25,0.836,0.299
USR-9635,2.38,19.11,[],10,0.132,0.82
USR-2801,34.96,85.31,"[""Sci-Fi"", ""Thriller""]",33,0.8,0.505
USR-10347,6.04,45.2,"[""Drama""]",4,0.397,0.614
USR-3430,35.37,73.53,"[""Sci-Fi"", ""Thriller""]",24,0.808,0.454
USR-6483,9.2,29.3,"[""Comedy""]",19,0.574,0.322
USR-7762,41.25,62.15,"[""Drama"", ""Documentary"", ""Sci-Fi""]",29,0.829,0.525
USR-10938,1.18,44.05,"[""Family""]",9,0.46,0.679
USR-9944,1.92,41.08,"[""Drama"", ""Family""]",2,0.315,0.657
USR-2969,36.88,76.38,"[""Action"", ""Sci-Fi""]",32,0.808,0.351
USR-10414,1.88,40.49,"[""Family"", ""Comedy""]",3,0.342,0.625
USR-9254,31.05,46.98,"[""Mystery"", ""Sci-Fi"", ""Adventure"", ""Documentary""]",31,0.682,0.387
USR-8869,27.11,43.86,"[""Drama"", ""Documentary"", ""Adventure"", ""Mystery""]",18,0.738,0.591
USR-8712,30.41,61.66,"[""Sci-Fi"", ""Adventure"", ""Romance""]",30,0.786,0.439
USR-8009,14.67,43.04,"[""Mystery"", ""Documentary"", ""Romance"", ""Drama"", ""Crime""]",29,0.705,0.511
USR-5988,7.17,21.03,"[""Animation"", ""Romance""]",27,0.752,0.387
USR-10855,3.01,35.73,"[""Comedy"", ""Family""]",7,0.2,0.903
USR-5651,7.93,25.05,"[""Comedy""]",18,0.591,0.394
USR-2160,38.96,95.37,"[""Action"", ""Sci-Fi"", ""Thriller""]",22,0.938,0.506
USR-2214,46.01,101.83,"[""Action"", ""Thriller""]",22,0.856,0.564
USR-8998,35.97,56.91,"[""Drama"", ""Mystery"", ""Sci-Fi"", ""Adventure""]",28,0.799,0.409
USR-2326,32.71,94.43,"[""Action"", ""Sci-Fi"", ""Thriller""]",19,0.838,0.379
USR-8683,32.9,64.43,"[""Sci-Fi"", ""Documentary"", ""Crime"", ""Drama""]",30,0.74,0.68
USR-8751,30.77,45.42,"[""Crime"", ""Adventure"", ""Romance"", ""Sci-Fi""]",25,0.838,0.554
USR-5797,9.91,21.29,"[""Comedy"", ""Animation""]",23,0.644,0.248
USR-7797,25.72,70.1,"[""Crime"", ""Documentary"", ""Drama"", ""Mystery"", ""Adventure""]",33,0.719,0.668
USR-6809,9.01,30.27,"[""Comedy"", ""Animation""]",11,0.871,0.264
USR-6944,36.02,77.74,"[""Crime"", ""Documentary"", ""Drama""]",21,0.72,0.474
USR-10379,4.63,26.84,"[""Drama"", ""Family""]",6,0.433,0.898
USR-10964,2.22,,"[""Comedy"", ""Family""]",7,0.335,0.741
USR-2456,29.95,100.75,"[""Action"", ""Thriller""]",29,0.842,0.498
USR-6411,8.56,25.92,"[""Animation""]",20,0.732,0.473
USR-8865,27.38,44.35,"[""Adventure"", ""Sci-Fi"", ""Mystery""]",20,0.88,0.673
USR-9518,3.55,36.4,"[""Drama"", ""Family""]",4,0.558,0.788
USR-5963,5.99,23.29,"[""Comedy"", ""Animation""]",10,0.759,0.335
USR-3801,38.24,90.62,"[""Thriller"", ""Action"", ""Adventure""]",24,0.83,0.323
USR-2645,37.08,105.14,"[""Sci-Fi"", ""Action"", ""Thriller""]",32,0.914,0.336
USR-3141,42.5,85.63,"[""Thriller"", ""Sci-Fi"", ""Action"", ""Adventure""]",30,0.994,0.371
USR-5537,10.36,33.15,"[""Comedy""]",12,0.821,0.271
USR-5458,9.32,19.25,"[""Comedy"", ""Animation""]",23,0.888,0.271
USR-10046,0.8,24.84,"[""Comedy""]",7,0.284,0.594
USR-6587,5.84,23.5,"[""Animation""]",14,0.562,0.448
USR-5379,9.16,33.43,"[""Animation"", ""Comedy""]",16,0.593,0.233
USR-1730,45.25,86.7,"[""Sci-Fi"", ""Thriller""]",37,0.884,0.292
USR-5358,16.11,25.37,"[""Comedy""]",20,0.669,0.308
USR-8923,24.17,58.08,"[""Romance"", ""Mystery"", ""Drama"", ""Documentary""]",31,0.686,0.598
USR-7717,28.72,40.08,"[""Adventure"", ""Sci-Fi"", ""Documentary"", ""Drama""]",19,0.63,0.498
USR-2937,47.17,78.39,"[""Action"", ""Thriller"", ""Sci-Fi""]",17,0.853,0.388
USR-4794,7.81,13.96,"[""Animation"", ""Comedy""]",24,0.559,0.427
USR-4737,8.08,30.58,"[""Animation"", ""Comedy""]",20,0.725,0.406
USR-3262,32.27,82.84,"[""Action"", ""Sci-Fi"", ""Thriller""]",27,0.772,0.375
USR-5006,9.77,24.42,"[""Animation"", ""Comedy""]",17,0.733,0.204
USR-2111,28.64,75.56,"[""Thriller"", ""Action"", ""Sci-Fi""]",24,0.91,0.527
USR-10123,3.4,40.61,"[""Family""]",3,0.415,0.699
USR-6481,8.89,27.47,"[""Comedy""]",12,0.665,0.37
USR-3999,35.72,85.16,"[""Thriller"", ""Action"", ""Sci-Fi""]",27,0.938,0.466
USR-3395,40.04,77.66,"[""Sci-Fi"", ""Thriller"", ""Adventure""]",29,0.731,0.518
USR-2186,43.6,75.0,"[""Action"", ""Sci-Fi"", ""Thriller""]",24,0.972,0.476
USR-3008,40.93,92.16,"[""Sci-Fi"", ""Action"", ""Thriller"", ""Adventure""]",17,0.745,0.418
USR-1194,42.02,95.37,"[""Action"", ""Thriller"", ""Sci-Fi""]",40,0.895,0.244
USR-6612,8.12,30.32,"[""Animation"", ""Comedy""]",17,0.593,0.377
USR-3902,26.01,81.04,"[""Action"", ""Thriller"", ""Adventure""]",27,0.958,0.324
USR-1579,28.75,89.69,"[""Action"", ""Thriller"", ""Sci-Fi"", ""Adventure""]",30,0.73,0.48
USR-7220,22.27,58.82,"[""Drama"", ""Mystery"", ""Documentary"", ""Sci-Fi""]",34,0.751,0.15
USR-6526,10.11,24.36,"[""Animation"", ""Comedy""]",24,0.533,0.441
USR-1772,43.04,57.91,"[""Action"", ""Sci-Fi""]",29,0.785,0.438
USR-9015,30.66,51.85,"[""Sci-Fi"", ""Adventure"", ""Documentary""]",26,0.902,0.442
USR-3396,60.95,84.87,"[""Thriller"", ""Action"", ""Slow TV""]",26,0.923,0.448
USR-2479,35.29,94.5,"[""Sci-Fi"", ""Thriller""]",5,0.814,0.496
USR-2847,41.45,119.11,"[""Thriller"", ""Action""]",28,0.938,0.391
USR-10204,3.22,30.89,"[""Comedy""]",4,0.414,0.735
USR-5275,7.98,18.95,"[""Animation""]",22,0.597,0.336
USR-4741,8.41,11.24,"[""Animation""]",16,0.897,0.337
USR-5601,6.53,25.76,"[""Comedy""]",29,0.655,0.314
USR-9763,2.71,42.15,"[""Drama"", ""Comedy""]",3,0.255,0.621
USR-10648,3.33,28.54,"[""Drama""]",4,0.523,0.676
USR-7677,21.82,80.25,"[""Crime"", ""Documentary"", ""Drama"", ""Sci-Fi"", ""Mystery""]",26,0.754,0.579
USR-7376,16.53,48.22,"[""Adventure"", ""Mystery"", ""Romance"", ""Documentary""]",38,0.691,0.365
USR-1406,40.63,95.56,"[""Action"", ""Sci-Fi""]",22,0.623,0.422
USR-10636,2.57,38.17,"[""Family""]",8,0.279,0.665
USR-5916,1.0,16.78,"[""Animation"", ""Comedy""]",11,0.555,0.309
USR-3074,28.68,92.37,"[""Thriller"", ""Sci-Fi"", ""Action"", ""Adventure""]",26,0.89,0.459
USR-5755,6.47,25.25,"[""Animation""]",28,0.668,0.351
USR-2897,51.58,96.81,"[""Action"", ""Sci-Fi"", ""Thriller"", ""Crime""]",20,0.817,0.416
USR-9645,5.27,39.09,"[""Drama""]",6,0.567,0.603
USR-7703,36.15,62.34,"[""Adventure"", ""Mystery"", ""Sci-Fi""]",34,0.725,0.613
USR-7318,14.86,50.89,"[""Adventure"", ""Crime"", ""Sci-Fi"", ""Romance""]",22,0.949,0.456
USR-4660,8.34,26.48,"[""Comedy"", ""Animation""]",16,0.794,0.204
USR-7582,18.16,56.28,"[""Documentary"", ""Adventure"", ""Sci-Fi"", ""Mystery""]",30,0.702,0.477
USR-3380,29.91,-39.25428809035021,"[""Action"", ""Sci-Fi""]",24,0.913,0.519
USR-2448,43.36,88.4,"[""Thriller"", ""Action""]",17,0.882,0.346
USR-1343,37.32,106.33,"[""Action"", ""Thriller""]",23,0.794,0.392
USR-6128,7.15,24.89,"[""Animation"", ""Romance""]",24,0.608,0.434
USR-4137,39.0,82.49,"[""Sci-Fi"", ""Thriller"", ""Action""]",26,0.766,0.401
USR-3528,38.68,98.89,"[""Sci-Fi"", ""Action""]",39,0.659,0.46
USR-1728,34.25,89.43,"[""Thriller"", ""Sci-Fi""]",24,0.811,0.53
USR-5578,5.48,,"[""Animation"", ""Comedy""]",11,0.706,0.314
USR-1977,40.3,88.77,"[""Thriller"", ""Action""]",17,1.0,0.344
USR-9481,4.24,22.2,"[""Family""]",5,0.171,0.53
USR-6444,8.74,20.27,"[""Animation"", ""Comedy""]",24,0.583,0.405
USR-10129,4.78,30.81,"[""Family""]",6,0.377,0.775
USR-4517,8.71,19.77,"[""Animation"", ""Comedy""]",25,0.749,0.282
USR-10308,1.89,29.59,"[""Family""]",6,0.448,0.676
USR-8157,29.38,52.2,"[""Documentary"", ""Mystery"", ""Romance""]",28,0.651,0.505
USR-10886,2.22,19.15,"[""Comedy""]",5,0.588,0.758
USR-4941,5.89,17.88,"[""Comedy"", ""Animation""]",23,0.681,0.324
USR-2300,40.79,90.39,"[""Thriller"", ""Sci-Fi""]",17,0.925,0.47
USR-10863,1.83,33.83,"[""Drama""]",3,0.298,0.615
USR-2349,30.38,91.58,"[""Thriller"", ""Action"", ""Sci-Fi""]",23,0.799,0.444
USR-1661,29.85,84.14,"[""Thriller"", ""Sci-Fi"", ""Action"", ""Crime""]",13,0.899,0.445
USR-6887,7.35,26.32,"[""Animation"", ""Avant-Garde Doc""]",19,0.808,0.358
USR-2493,33.05,95.33,"[""Sci-Fi"", ""Action""]",24,0.743,0.327
USR-9329,2.78230760172508,22.01,"[""Comedy""]",5,0.306,0.524
USR-5590,11.14,28.58,"[""Comedy""]",22,0.661,0.432
USR-9622,4.5,35.16,"[""Drama"", ""Comedy""]",4,0.239,0.738
USR-6155,1.0,20.92,"[""Comedy"", ""Romance""]",19,0.668,0.253
USR-3316,26.23,76.27,"[""Sci-Fi"", ""Thriller"", ""Crime""]",23,0.698,0.455
USR-10713,3.03,47.33,"[""Comedy""]",7,0.255,0.656
USR-10675,1.97,39.0,"[""Drama""]",4,0.386,0.676
USR-8025,23.63,64.34,"[""Sci-Fi"", ""Romance"", ""Documentary"", ""Adventure"", ""Slow TV""]",26,0.681,0.374
USR-2086,32.12,70.29,"[""Sci-Fi"", ""Thriller""]",18,0.689,0.352
USR-3525,48.42,115.95,"[""Thriller"", ""Sci-Fi"", ""Adventure""]",24,0.919,0.362
USR-9291,23.02,54.86,"[""Crime"", ""Adventure"", ""Mystery"", ""Drama""]",18,0.838,0.479
USR-9823,2.8,34.01,"[""Comedy""]",9,0.346,0.847
USR-6375,7.75,21.24,"[""Comedy""]",27,0.511,0.366
USR-4199,41.53,97.97,"[""Action"", ""Sci-Fi"", ""Thriller"", ""Adventure""]",23,0.94,0.453
USR-6752,7.21,19.97,"[""Animation"", ""Comedy""]",9,0.661,0.488
USR-5009,7.63,27.22,"[""Comedy""]",16,0.58,0.361
USR-6718,9.11,22.3,"[""Comedy""]",24,0.68,0.343
USR-7658,22.18,70.74,"[""Drama"", ""Mystery"", ""Adventure""]",16,0.699,0.507
USR-9505,,22.3,"[""Comedy""]",8,0.462,0.674
USR-9327,2.75,32.21,"[""Comedy"", ""Family""]",7,0.381,0.799
USR-1068,44.61,97.62,"[""Sci-Fi"", ""Thriller""]",34,0.968,0.619
USR-9099,25.26,68.95,"[""Mystery"", ""Romance"", ""Documentary"", ""Drama"", ""Crime""]",32,0.817,0.537
USR-1041,33.28,104.27,"[""Action"", ""Thriller"", ""Sci-Fi""]",28,0.793,0.241
USR-3270,19.01,81.49,"[""Thriller"", ""Action""]",31,0.809,0.434
USR-3382,39.87,67.62,"[""Action"", ""Sci-Fi"", ""Thriller"", ""Adventure""]",19,0.831,0.418
USR-10734,3.83,34.15,"[""Drama"", ""Comedy"", ""Slow TV""]",2,0.342,0.853
USR-9932,3.95,39.26,"[""Drama""]",4,0.391,0.619
USR-5917,6.27,22.7,"[""Comedy"", ""Animation""]",24,0.73,0.289
USR-6323,10.69,29.03,"[""Animation"", ""Comedy""]",26,0.643,0.301
USR-6774,6.47,21.18,"[""Animation"", ""Comedy"", ""Romance""]",27,0.529,0.295
USR-7233,25.6,57.31,"[""Drama"", ""Adventure"", ""Romance""]",20,0.882,0.715
USR-7964,19.67,45.58,"[""Romance"", ""Adventure"", ""Drama"", ""Sci-Fi""]",32,0.759,0.29
USR-4448,5.3,14.44,"[""Animation"", ""Comedy"", ""Avant-Garde Doc""]",27,0.52,0.238
USR-7817,23.25,68.58,"[""Adventure"", ""Mystery"", ""Sci-Fi"", ""Documentary"", ""Drama""]",17,0.803,0.39
USR-3368,28.28,83.97,"[""Thriller"", ""Action""]",27,0.859,0.437
USR-8397,20.9,51.93,"[""Crime"", ""Drama"", ""Sci-Fi"", ""Documentary""]",24,0.951,0.311
USR-9268,29.2,52.4,"[""Romance"", ""Sci-Fi"", ""Crime""]",29,0.728,0.424
USR-3513,44.53,58.65,"[""Action"", ""Thriller""]",23,0.762,0.434
USR-10718,1.85,27.38,"[""Comedy""]",4,0.445,0.553
USR-3724,39.35,67.09,"[""Action"", ""Sci-Fi""]",19,0.802,0.459
USR-6949,25.49,35.0,"[""Romance"", ""Adventure"", ""Mystery""]",35,0.832,0.498
USR-10281,4.46,,"[""Comedy""]",6,0.41,0.727
USR-10175,2.75,25.52,"[""Comedy"", ""Family""]",7,0.4,0.802
USR-2144,37.74,79.26,[],23,0.79,0.336
USR-10835,3.48,27.19,"[""Family"", ""Drama""]",4,0.132,0.857
USR-8156,13.85,64.09,"[""Romance"", ""Mystery"", ""Crime"", ""Sci-Fi"", ""Drama""]",13,0.731,0.419
USR-8389,32.65,59.94,"[""Drama"", ""Mystery"", ""Documentary""]",30,0.701,0.549
USR-9381,2.01,33.71,"[""Family""]",5,0.311,0.762
USR-10316,2.89,13.12,"[""Comedy""]",5,0.44,0.661
USR-5729,10.35,32.51,"[""Animation"", ""Comedy""]",28,0.574,0.2
USR-6495,4.36,23.69,"[""Animation"", ""Comedy""]",17,0.521,0.333
USR-6756,7.96,23.61,"[""Animation""]",16,0.633,0.304
USR-8733,21.03,60.66,"[""Adventure"", ""Documentary"", ""Romance"", ""Crime"", ""Drama""]",21,0.642,0.524
USR-10343,5.7,48.69,"[""Comedy""]",1,0.476,0.659
USR-9159,26.66,43.32,"[""Drama"", ""Romance"", ""Crime""]",28,0.794,0.505
USR-4790,8.54,26.41,"[""Comedy"", ""Animation""]",22,0.689,0.355
USR-3221,36.0,105.34,"[""Sci-Fi"", ""Action""]",21,0.871,0.407
USR-6076,10.16,17.84,"[""Comedy""]",24,0.575,0.378
USR-3332,47.42,71.06,"[""Sci-Fi"", ""Action""]",13,0.802,0.515
USR-6395,5.63,24.62,"[""Comedy""]",18,0.492,0.463
USR-8609,23.35,66.51,"[""Crime"", ""Sci-Fi"", ""Drama"", ""Documentary"", ""Mystery""]",29,0.787,0.47
USR-9961,3.99,39.99,"[""Family""]",6,0.382,0.8
USR-8091,17.38,58.16,"[""Adventure"", ""Drama"", ""Sci-Fi"", ""Romance"", ""Documentary""]",19,0.813,0.69
USR-10432,1.16,31.24,"[""Comedy"", ""Drama""]",8,0.321,0.714
USR-5089,9.19,25.48,"[""Animation"", ""Comedy""]",28,0.84,0.332
USR-2968,45.38,99.94,"[""Thriller"", ""Action"", ""Sci-Fi""]",24,1.0,0.505
USR-10084,2.59,36.64,"[""Drama""]",7,0.445,0.698
USR-9894,3.27,47.23,"[""Drama"", ""Comedy""]",4,0.146,0.734
USR-7758,28.24,54.71,"[""Documentary"", ""Drama"", ""Crime"", ""Sci-Fi""]",28,0.686,0.453
USR-10684,1.32,28.16,"[""Comedy""]",7,0.197,0.693
USR-5366,10.51,22.05,"[""Comedy"", ""Romance""]",15,0.662,0.345
USR-8000,21.17,77.95,"[""Mystery"", ""Documentary"", ""Sci-Fi""]",14,0.739,0.532
USR-1424,32.57,101.57,"[""Thriller"", ""Action"", ""Sci-Fi""]",24,0.943,0.293
USR-1281,26.56,73.05,"[""Action"", ""Thriller"", ""Sci-Fi""]",23,0.747,0.299
USR-2905,37.59,73.84,"[""Action"", ""Sci-Fi""]",30,0.909,0.352
USR-1596,33.85,90.63,"[""Sci-Fi"", ""Thriller""]",26,0.846,0.386
USR-9672,3.98,15.39,"[""Drama""]",4,0.271,0.846
USR-4918,9.14,19.14,"[""Animation"", ""Romance""]",21,0.722,0.427
USR-7143,22.59,59.73,"[""Documentary"", ""Drama"", ""Adventure"", ""Romance"", ""Sci-Fi""]",29,0.767,0.367
USR-6662,10.85,32.95,"[""Comedy"", ""Animation"", ""Romance""]",22,0.786,0.314
USR-6779,5.94,34.68,"[""Animation"", ""Comedy""]",23,0.767,0.411
USR-4619,7.73,25.69,"[""Comedy""]",16,0.594,0.253
USR-7846,30.26,51.35,"[""Sci-Fi"", ""Crime"", ""Drama"", ""Mystery""]",19,0.675,0.609
USR-1840,42.64,74.04,"[""Action"", ""Sci-Fi""]",29,0.864,0.396
USR-5597,8.63,30.25,"[""Comedy"", ""Animation""]",17,0.644,0.36
USR-8667,19.19,50.96,"[""Mystery"", ""Crime"", ""Romance""]",19,0.842,0.591
USR-1142,43.83,95.23,"[""Action"", ""Sci-Fi""]",11,0.794,0.406
USR-3598,38.21,100.43,"[""Action"", ""Sci-Fi"", ""Thriller""]",25,0.935,0.374
USR-7702,16.2,59.39,"[""Romance"", ""Mystery"", ""Documentary"", ""Sci-Fi""]",22,0.682,0.213
USR-8932,33.38,56.28,"[""Crime"", ""Adventure"", ""Romance""]",36,0.777,0.616
USR-2378,39.51,96.46,,36,0.69,0.303
USR-4675,9.68,21.57,"[""Animation"", ""Comedy"", ""Slow TV""]",27,0.734,0.1
USR-9863,2.37,35.38,"[""Family"", ""Drama""]",8,0.265,0.671
USR-10995,,27.44,"[""Drama"", ""Family""]",5,0.594,0.823
USR-7363,26.55,54.44,"[""Sci-Fi"", ""Drama"", ""Adventure""]",30,0.844,0.782
USR-5742,11.44,16.86,"[""Animation"", ""Romance""]",19,0.595,0.493
USR-4809,7.65,30.16,"[""Comedy""]",20,0.521,0.502
USR-2139,22.1,109.48,"[""Sci-Fi"", ""Thriller""]",27,0.743,0.492
USR-3258,48.79,78.7,"[""Sci-Fi"", ""Thriller"", ""Action""]",20,0.754,0.428
USR-9041,29.89,42.23,"[""Documentary"", ""Romance"", ""Sci-Fi"", ""Drama"", ""Mystery""]",34,0.896,0.599
USR-2788,33.96,107.92,"[""Thriller"", ""Action""]",26,0.802,0.404
USR-4939,4.36,14.94,"[""Comedy"", ""Animation""]",20,0.604,0.333
USR-9077,32.9,62.47,"[""Documentary"", ""Romance"", ""Adventure"", ""Drama"", ""Crime""]",28,0.799,0.561
USR-5647,7.08,29.17,"[""Animation""]",26,0.657,0.306
USR-1460,41.74,88.32,"[""Action"", ""Thriller""]",21,0.773,0.47
USR-7116,26.64,74.41,"[""Sci-Fi"", ""Mystery"", ""Adventure""]",31,0.817,0.557
USR-10640,0.82,-14.953915852761659,"[""Comedy"", ""Family""]",7,0.237,0.908
USR-1949,30.66,92.51,"[""Thriller"", ""Sci-Fi""]",30,0.887,0.439
USR-4701,9.16,26.32,"[""Comedy"", ""Animation""]",22,0.56,0.281
USR-2337,43.78,113.09,"[""Sci-Fi"", ""Thriller""]",22,0.759,0.174
USR-7371,25.46,64.24,"[""Sci-Fi"", ""Drama"", ""Crime""]",25,0.835,0.713
USR-5629,8.36,17.04,"[""Animation"", ""Comedy""]",23,0.595,0.291
USR-7287,26.63,74.54,"[""Documentary"", ""Mystery"", ""Drama"", ""Crime""]",23,0.748,0.519
USR-6926,32.35,60.33,"[""Documentary"", ""Drama"", ""Romance"", ""Crime""]",24,0.733,0.359
USR-6935,22.42,82.37,"[""Sci-Fi"", ""Drama"", ""Documentary""]",30,0.813,0.422
USR-7041,18.06,36.88,"[""Adventure"", ""Drama"", ""Crime"", ""Sci-Fi"", ""Mystery""]",27,0.726,0.374
USR-1442,29.19,101.51,"[""Thriller"", ""Action""]",24,0.808,0.386
USR-7660,33.7,57.38,"[""Crime"", ""Drama"", ""Romance"", ""Documentary""]",17,0.76,0.591
USR-2603,33.9,102.61,"[""Sci-Fi"", ""Action""]",19,0.906,0.37
USR-3239,30.7,82.53,"[""Thriller"", ""Action""]",12,0.958,0.197
USR-1640,40.25,96.3,"[""Thriller"", ""Action"", ""Crime""]",23,0.956,0.333
USR-10919,3.09,32.92,"[""Family"", ""Drama""]",6,0.325,0.807
USR-4831,9.0,25.88,"[""Animation"", ""Comedy""]",26,0.516,0.366
USR-10491,4.52,20.77,"[""Family"", ""Drama""]",8,0.287,0.737
USR-7145,23.39,,"[""Mystery"", ""Drama"", ""Romance"", ""Adventure""]",31,0.828,0.433
USR-10219,3.92,39.36,"[""Drama""]",3,0.352,0.812
USR-10825,2.4,18.23,"[""Family"", ""Drama""]",4,0.35,0.795
USR-7345,16.04,71.63,"[""Adventure"", ""Mystery"", ""Sci-Fi"", ""Crime""]",36,0.833,0.592
USR-3502,27.74,84.91,"[""Sci-Fi"", ""Action"", ""Thriller""]",28,0.836,0.357
USR-2959,52.26,84.54,"[""Sci-Fi"", ""Action"", ""Thriller""]",18,0.842,0.335
USR-2071,26.73,105.94,"[""Sci-Fi"", ""Thriller"", ""Action"", ""Crime""]",19,0.857,0.536
USR-1156,32.88,93.25,"[""Action"", ""Thriller""]",17,0.838,0.257
USR-3296,32.08,130.88,"[""Thriller"", ""Action"", ""Sci-Fi""]",21,0.858,0.25
USR-8953,22.2,52.92,"[""Mystery"", ""Crime"", ""Adventure""]",14,0.892,0.59
USR-5579,5.04,12.31,"[""Animation"", ""Comedy""]",21,0.614,0.298
USR-2090,29.4,115.48,"[""Action"", ""Thriller"", ""Crime""]",18,0.946,0.38
USR-7050,26.35,38.89,"[""Documentary"", ""Sci-Fi"", ""Mystery"", ""Slow TV""]",28,0.659,0.57
USR-7416,14.07,,"[""Mystery"", ""Crime"", ""Documentary""]",29,0.638,0.585
USR-3941,51.48,73.69,"[""Sci-Fi"", ""Thriller"", ""Action"", ""Adventure""]",17,0.915,0.379
USR-1724,33.25,95.01,"[""Sci-Fi"", ""Thriller""]",29,0.904,0.406
USR-5385,8.63,32.93,"[""Comedy"", ""Animation""]",28,0.568,0.444
USR-1931,22.9,96.39,"[""Action"", ""Sci-Fi""]",22,0.774,0.417
USR-3910,38.22,107.9,"[""Action"", ""Sci-Fi"", ""Thriller"", ""Crime""]",27,0.888,0.581
USR-9021,29.85,55.45,"[""Romance"", ""Sci-Fi"", ""Mystery"", ""Adventure"", ""Drama""]",25,0.695,0.49
USR-7764,34.61,70.43,"[""Crime"", ""Mystery"", ""Drama""]",21,0.711,0.413
USR-10983,1.68,34.21,"[""Drama""]",7,0.1,0.741
USR-7417,24.53,51.59,"[""Drama"", ""Crime"", ""Adventure"", ""Romance"", ""Sci-Fi""]",19,0.773,0.445
USR-1896,28.43,88.3,"[""Thriller"", ""Sci-Fi"", ""Action""]",27,0.695,0.182
USR-4248,8.73,31.85,"[""Comedy""]",24,0.658,0.338
USR-3327,40.6,103.32,"[""Thriller"", ""Sci-Fi""]",28,0.832,0.455
USR-8097,33.32,69.29,"[""Sci-Fi"", ""Mystery"", ""Crime"", ""Adventure"", ""Drama""]",19,0.849,0.499
USR-9844,3.11,33.13,"[""Drama""]",6,0.426,0.98
USR-9160,25.16,72.72,"[""Documentary"", ""Drama"", ""Adventure"", ""Mystery"", ""Crime""]",33,0.637,0.421
USR-10841,3.1,45.57,"[""Comedy"", ""Family""]",3,0.255,0.631
USR-6039,8.87,24.71,"[""Comedy"", ""Animation""]",23,0.479,0.238
USR-7451,27.91,62.79,"[""Romance"", ""Crime"", ""Sci-Fi""]",28,0.81,0.292
USR-5137,5.23,26.82,"[""Comedy""]",22,0.583,0.345
USR-10344,2.35,38.74,"[""Family"", ""Drama""]",8,0.356,0.763
USR-2716,38.0,107.61,"[""Thriller"", ""Sci-Fi"", ""Action""]",23,0.785,0.501
USR-2699,41.72,76.89,"[""Sci-Fi"", ""Thriller""]",18,0.802,0.459
USR-10789,2.34,35.13,"[""Family"", ""Drama""]",5,0.413,0.667
USR-10647,2.69,54.57,"[""Family""]",8,0.246,0.863
USR-6382,10.105095431335116,28.7,"[""Comedy"", ""Animation""]",21,0.742,0.312
USR-9313,2.29,31.89,"[""Comedy""]",9,0.55,0.68
USR-4832,13.42,24.85,"[""Animation""]",20,0.61,0.466
USR-7300,25.1,46.11,"[""Crime"", ""Drama"", ""Adventure"", ""Mystery"", ""Sci-Fi""]",17,0.728,0.418
USR-4349,11.16,29.14,"[""Animation"", ""Comedy"", ""Romance""]",16,0.708,0.374
USR-10616,2.84,42.9,"[""Comedy"", ""Drama""]",7,0.339,0.78
USR-1986,26.32,100.84,"[""Sci-Fi"", ""Action"", ""Adventure""]",23,0.95,0.485
USR-2822,36.52,102.74,"[""Sci-Fi"", ""Thriller"", ""Action""]",21,0.917,0.504
USR-5572,10.95,24.17,"[""Comedy"", ""Animation""]",14,0.488,0.47
USR-1588,36.12,103.7,"[""Thriller"", ""Action"", ""Adventure""]",31,0.823,0.405
USR-10856,1.54,33.69,"[""Comedy""]",4,0.1,0.879
USR-6078,6.41,18.78,"[""Comedy"", ""Animation""]",30,0.75,0.229
USR-8958,27.93,71.34,"[""Adventure"", ""Crime"", ""Mystery"", ""Drama""]",27,0.727,0.451
USR-9412,2.17,24.02,"[""Comedy""]",6,0.306,0.72
USR-10620,2.24,28.83,"[""Drama""]",7,0.363,0.731
USR-4559,11.874925921435638,24.69,"[""Comedy""]",23,0.756,0.331
USR-6484,7.08,24.58,"[""Animation"", ""Comedy""]",19,0.549,0.31
USR-8921,20.65,70.08,"[""Crime"", ""Documentary"", ""Mystery""]",28,0.854,0.425
USR-10376,5.0,17.46,"[""Comedy""]",7,0.262,0.773
USR-6515,5.87,26.11,"[""Comedy"", ""Animation""]",28,0.562,0.342
USR-8758,20.73,57.81,"[""Mystery"", ""Adventure"", ""Romance"", ""Documentary""]",33,0.81,0.383
USR-9965,3.53,32.49,"[""Drama"", ""Family""]",3,0.334,0.721
USR-6554,9.06,22.45,"[""Comedy"", ""Animation""]",11,0.654,0.457
USR-4558,8.02,26.56,"[""Comedy"", ""Animation""]",13,0.478,0.387
USR-2396,34.05,106.59,"[""Action"", ""Sci-Fi"", ""Thriller""]",22,0.843,0.4
USR-1265,32.63,96.71,"[""Thriller"", ""Action"", ""Sci-Fi""]",22,0.9,0.303
USR-4548,9.58,32.72,"[""Animation"", ""Romance""]",20,0.607,0.464
USR-7845,29.03,64.58,"[""Sci-Fi"", ""Adventure"", ""Romance"", ""Crime"", ""Mystery""]",27,0.684,0.503
USR-8926,30.07,56.55,"[""Sci-Fi"", ""Romance"", ""Drama"", ""Mystery"", ""Documentary""]",21,0.784,0.636
USR-7789,28.23,56.65,"[""Drama"", ""Documentary"", ""Crime"", ""Sci-Fi"", ""Adventure""]",30,0.788,0.512
USR-4070,31.38,77.97,"[""Action"", ""Sci-Fi""]",29,0.975,0.332
USR-6026,8.33,24.99,"[""Animation"", ""Romance""]",19,0.501,0.433
USR-9486,2.63,15.13,"[""Family"", ""Drama""]",10,0.245,0.7
USR-4865,9.58,21.47,"[""Comedy"", ""Animation""]",8,0.481,0.36
USR-10167,4.42,37.08,"[""Comedy""]",5,0.429,0.799
USR-3401,32.31,70.0,"[""Action"", ""Thriller"", ""Sci-Fi"", ""Adventure""]",23,0.945,0.448
USR-7275,32.63,58.27,"[""Sci-Fi"", ""Crime"", ""Drama"", ""Romance""]",23,0.805,0.519
USR-9575,2.63,47.2,"[""Drama"", ""Family""]",5,0.375,0.664
USR-4712,10.4,19.77,"[""Comedy"", ""Animation""]",20,0.779,0.528
USR-1247,36.1,75.0,"[""Thriller"", ""Action"", ""Sci-Fi"", ""Adventure"", ""Avant-Garde Doc""]",19,0.816,0.425
USR-2595,26.55,111.75,"[""Thriller"", ""Action""]",30,0.667,0.442
USR-10781,3.57,34.21,"[""Family""]",5,0.228,0.833
USR-2530,37.3,98.85,"[""Sci-Fi"", ""Action"", ""Thriller""]",30,0.766,0.488
USR-10711,3.62,42.82,"[""Family""]",6,0.398,0.771
USR-1924,46.78,114.37,"[""Thriller"", ""Action""]",21,0.905,0.422
USR-10644,5.28,43.58,"[""Family""]",5,0.408,0.733
USR-8330,20.6,50.59,"[""Crime"", ""Drama"", ""Mystery"", ""Adventure"", ""Documentary""]",11,0.726,0.736
USR-5365,7.71,29.0,"[""Animation""]",15,0.591,0.31
USR-1670,,102.21,"[""Action"", ""Thriller""]",27,0.877,0.393
USR-4605,8.53,23.45,"[""Comedy"", ""Animation"", ""Romance""]",17,0.654,0.513
USR-6109,9.13,,"[""Comedy""]",15,0.685,0.487
USR-2911,29.97,103.24,"[""Sci-Fi"", ""Thriller"", ""Action""]",25,0.76,0.401
USR-8277,27.52,69.78,"[""Drama"", ""Mystery"", ""Adventure"", ""Crime"", ""Romance""]",27,0.81,0.476
USR-9433,4.37,24.17,"[""Drama"", ""Comedy""]",3,0.309,0.69
USR-6249,9.15,29.55,"[""Comedy"", ""Animation""]",28,0.734,0.15
USR-8184,25.55,63.18,"[""Drama"", ""Romance"", ""Documentary""]",27,0.534,0.55
USR-4959,7.55,17.6,,14,0.601,0.326
USR-7958,20.57,41.84,"[""Mystery"", ""Drama"", ""Romance"", ""Sci-Fi""]",20,0.773,0.396
USR-7027,21.92,66.28,"[""Adventure"", ""Mystery"", ""Documentary"", ""Sci-Fi"", ""Drama""]",30,0.804,0.636
USR-6644,5.7,21.76,"[""Animation""]",24,0.64,0.438
USR-3697,50.52,89.6,[],25,0.839,0.423
USR-3592,25.52,,"[""Action"", ""Sci-Fi""]",20,0.906,0.334
USR-6907,27.23,63.7,"[""Sci-Fi"", ""Mystery"", ""Crime"", ""Romance"", ""Documentary""]",24,0.54,0.422
USR-2782,38.64,121.6,"[""Sci-Fi"", ""Thriller""]",30,0.907,0.238
USR-7510,33.74,48.45,"[""Crime"", ""Documentary"", ""Mystery"", ""Adventure"", ""Romance""]",35,0.695,0.71
USR-4014,42.81,67.76,"[""Sci-Fi"", ""Action"", ""Thriller""]",23,0.833,0.409
USR-8134,21.84,57.45,"[""Mystery"", ""Adventure"", ""Sci-Fi"", ""Romance"", ""Documentary""]",27,0.701,0.532
USR-3308,,101.22,"[""Sci-Fi"", ""Thriller"", ""Action""]",22,0.976,0.587
USR-8445,22.7,68.14,"[""Documentary"", ""Adventure"", ""Mystery"", ""Drama"", ""Sci-Fi""]",31,0.802,0.536
USR-4691,5.18,30.53,"[""Animation"", ""Comedy""]",12,0.618,0.261
USR-1688,47.45,98.19,"[""Thriller"", ""Action"", ""Sci-Fi""]",18,0.837,0.362
USR-7012,29.27,63.62,"[""Crime"", ""Drama"", ""Sci-Fi"", ""Mystery"", ""Documentary""]",31,0.907,0.563
USR-8072,31.37,51.8,"[""Adventure"", ""Romance"", ""Drama"", ""Mystery"", ""Crime""]",37,0.836,0.381
USR-1613,29.49,69.51,"[""Thriller"", ""Sci-Fi"", ""Action""]",19,0.917,0.39
USR-8168,21.91,55.43,"[""Crime"", ""Mystery"", ""Sci-Fi"", ""Documentary""]",41,0.705,0.403
USR-8813,35.57,,"[""Adventure"", ""Romance"", ""Crime""]",31,0.751,0.421
USR-4201,11.22,27.28,"[""Animation"", ""Comedy""]",23,0.599,0.362
USR-3268,42.61,107.22,"[""Thriller"", ""Action""]",22,0.797,0.329
USR-10880,4.46,53.42,"[""Family""]",5,0.31,0.697
USR-7630,24.43,61.29,"[""Crime"", ""Sci-Fi"", ""Documentary""]",27,0.782,0.604
USR-5136,8.58,24.52,"[""Animation"", ""Comedy"", ""Romance""]",18,0.514,0.445
USR-2899,33.39,118.01,"[""Thriller"", ""Sci-Fi"", ""Action"", ""Adventure""]",25,0.874,0.355
USR-10628,4.84,22.06,"[""Comedy"", ""Drama""]",4,0.292,0.646
USR-8891,27.34,73.29,"[""Adventure"", ""Mystery"", ""Documentary"", ""Sci-Fi""]",38,0.8,0.553
USR-1259,49.38,115.73,"[""Thriller"", ""Action"", ""Crime""]",24,0.961,0.318
USR-3925,37.62,112.76,"[""Sci-Fi"", ""Action""]",28,0.79,0.297
USR-10521,1.22,33.14,"[""Comedy""]",9,0.235,0.773
USR-5944,9.78,35.17,"[""Animation"", ""Comedy""]",22,0.734,0.291
USR-3823,34.55,101.02,"[""Thriller"", ""Sci-Fi""]",28,0.897,0.545
USR-7530,28.36,60.42,"[""Adventure"", ""Romance"", ""Crime"", ""Mystery""]",24,0.722,0.534
USR-4340,11.17,21.0,"[""Comedy""]",22,0.673,0.308
USR-4526,6.31,24.16,"[""Comedy"", ""Animation"", ""Romance""]",16,0.5,0.436
USR-5564,5.46,27.66,"[""Animation"", ""Comedy""]",27,0.735,0.449
USR-10755,3.01,32.99,"[""Drama""]",6,0.17,0.646
USR-9084,26.27,66.0,"[""Drama"", ""Documentary"", ""Romance"", ""Crime""]",28,0.823,0.504
USR-6330,6.7,25.42,"[""Animation""]",25,0.5,0.366
USR-6224,5.23,23.84,"[""Comedy""]",25,0.652,0.406
USR-3286,29.18,91.09,"[""Thriller"", ""Sci-Fi"", ""Adventure""]",24,0.843,0.476
USR-7064,19.22,66.38,"[""Romance"", ""Mystery"", ""Drama"", ""Adventure""]",18,0.753,0.505
USR-5655,6.91,25.19,"[""Comedy"", ""Animation"", ""Romance""]",23,0.7,0.269
USR-6001,5.72,17.61,"[""Comedy"", ""Animation""]",20,0.601,0.365
USR-7711,20.57,55.52,"[""Sci-Fi"", ""Mystery"", ""Drama"", ""Crime""]",33,0.868,0.59
USR-10420,3.16,26.47,"[""Drama""]",4,0.609,0.67
USR-1485,38.25,94.36,"[""Thriller"", ""Action""]",26,0.798,0.567
USR-3212,36.58,109.31,"[""Thriller"", ""Action"", ""Sci-Fi""]",25,0.881,0.397
USR-6417,7.38,28.07,"[""Comedy"", ""Animation""]",25,0.609,0.411
USR-8734,31.44,85.44,"[""Romance"", ""Drama"", ""Adventure""]",29,0.824,0.462
USR-3556,40.19,122.27,"[""Action"", ""Sci-Fi"", ""Thriller"", ""Crime""]",22,0.83,0.346
USR-1008,24.23,95.69,"[""Thriller"", ""Sci-Fi"", ""Action""]",34,0.887,0.429
USR-4658,6.74,22.59,"[""Comedy"", ""Animation""]",24,0.651,0.324
USR-7412,20.95,66.99,"[""Drama"", ""Adventure"", ""Sci-Fi"", ""Crime""]",29,0.732,0.265
USR-10260,5.35,29.1,"[""Drama""]",10,0.223,0.637
USR-5875,4.85,33.12,"[""Animation"", ""Comedy""]",19,0.597,0.467
USR-5403,8.93,25.21,"[""Comedy""]",17,0.592,0.356
USR-10010,5.51,33.17,"[""Family"", ""Comedy""]",6,0.431,0.57
USR-6547,7.65,28.34,,13,0.528,0.332
USR-6298,7.63,21.4,"[""Comedy"", ""Animation""]",28,0.686,0.413
USR-3427,36.98,89.23,"[""Sci-Fi"", ""Thriller""]",21,0.844,0.294
USR-7745,32.04,66.52,"[""Mystery"", ""Adventure"", ""Sci-Fi""]",27,0.862,0.544
USR-2815,29.17,100.81,"[""Sci-Fi"", ""Thriller""]",21,0.766,0.5
USR-7823,25.82,59.18,"[""Romance"", ""Mystery"", ""Drama"", ""Documentary""]",30,0.799,0.568
USR-10724,3.23,28.1,"[""Family""]",5,0.678,0.866
USR-3275,27.95,93.36,"[""Action"", ""Thriller""]",24,0.845,0.629
USR-2012,44.33,,"[""Sci-Fi"", ""Thriller"", ""Action"", ""Adventure""]",15,0.823,0.51
USR-2578,36.68,111.46,"[""Thriller"", ""Action"", ""Sci-Fi""]",36,0.851,0.366
USR-8265,31.54,57.01,"[""Drama"", ""Documentary"", ""Romance"", ""Sci-Fi"", ""Mystery""]",17,0.693,0.548
USR-2068,34.8,92.24,"[""Thriller"", ""Sci-Fi""]",22,0.803,0.445
USR-2992,28.53,57.27,"[""Sci-Fi"", ""Thriller""]",18,0.894,0.438
USR-4971,13.34,27.38,"[""Comedy"", ""Animation""]",20,0.793,0.358
USR-7745,32.50860884642332,66.52,"[""Mystery"", ""Adventure"", ""Sci-Fi""]",27,0.862,0.544
USR-6880,12.12,16.1,"[""Comedy"", ""Animation""]",21,0.763,0.338
USR-10040,0.1,41.87,"[""Drama"", ""Comedy""]",7,0.562,0.885
USR-5543,8.35,16.21,"[""Animation"", ""Comedy""]",20,0.488,0.388
USR-10422,2.44,34.62,"[""Drama""]",5,0.407,0.732
USR-8194,23.62,43.23,"[""Adventure"", ""Drama"", ""Crime"", ""Documentary""]",31,0.713,0.624
USR-4868,9.34,21.59,"[""Animation"", ""Comedy""]",21,0.744,0.344
USR-10512,5.13,33.89,"[""Comedy""]",5,0.405,0.49
USR-7824,37.74,65.83,"[""Sci-Fi"", ""Crime"", ""Adventure"", ""Drama"", ""Mystery""]",26,0.682,0.505
USR-4049,34.31,91.48,"[""Thriller"", ""Action"", ""Sci-Fi"", ""Adventure""]",33,0.842,0.448
USR-1782,40.55,115.74,[],29,0.832,0.422
USR-7748,19.97,59.67,"[""Crime"", ""Adventure"", ""Sci-Fi""]",30,0.709,0.571
USR-3676,39.23,95.94,"[""Sci-Fi"", ""Thriller""]",24,0.785,0.49
USR-2750,33.08,101.23,"[""Thriller"", ""Sci-Fi"", ""Action""]",19,0.834,0.331
USR-7223,31.28,47.62,"[""Crime"", ""Sci-Fi"", ""Adventure"", ""Mystery"", ""Romance""]",26,0.75,0.432
USR-9123,26.35,68.9,"[""Drama"", ""Adventure"", ""Documentary""]",30,0.738,0.536
USR-3792,49.77,111.08,"[""Sci-Fi"", ""Action"", ""Thriller""]",26,0.977,0.541
USR-7520,25.68,41.97,"[""Crime"", ""Drama"", ""Documentary"", ""Adventure"", ""Romance""]",31,0.752,0.468
USR-6775,6.77,26.79,"[""Comedy"", ""Animation"", ""Romance""]",15,0.462,0.32
USR-7358,26.52,83.05,"[""Documentary"", ""Drama"", ""Adventure""]",24,0.793,0.382
USR-5980,13.55,21.83,"[""Animation""]",25,0.497,0.244
USR-9133,25.97,62.26,"[""Sci-Fi"", ""Crime"", ""Drama"", ""Documentary""]",40,0.839,0.402
USR-2092,39.8,115.46,"[""Thriller"", ""Action""]",24,0.797,0.326
USR-7527,27.77,54.41,"[""Mystery"", ""Adventure"", ""Crime"", ""Romance""]",26,0.632,0.666
USR-9397,5.43,34.71,"[""Comedy"", ""Family""]",5,0.426,0.681
USR-5628,14.36,28.36,"[""Animation"", ""Comedy""]",22,0.526,0.529
USR-3325,47.78,113.65,"[""Sci-Fi"", ""Action""]",18,0.7,0.336
USR-7535,31.6,41.96,"[""Sci-Fi"", ""Romance"", ""Mystery"", ""Documentary""]",23,0.706,0.454
USR-10066,1.15,21.85,"[""Comedy""]",5,0.335,0.796
USR-6056,6.45,27.31,"[""Comedy"", ""Animation""]",16,0.741,0.412
USR-3609,49.52,76.69,"[""Thriller"", ""Sci-Fi"", ""Action""]",25,0.876,0.375
USR-10115,2.51,42.32,"[""Family"", ""Comedy""]",7,0.44,0.495
USR-3291,29.42,82.3,"[""Thriller"", ""Sci-Fi""]",39,0.842,0.258
USR-2728,38.17,77.42,"[""Sci-Fi"", ""Action"", ""Thriller""]",17,0.813,0.449
USR-1611,32.87,102.7,"[""Thriller"", ""Action"", ""Sci-Fi""]",23,0.695,0.436
USR-5667,6.67,26.48,"[""Comedy"", ""Animation""]",29,0.695,0.637
USR-7076,26.91,46.68,"[""Adventure"", ""Sci-Fi"", ""Documentary""]",24,0.728,0.456
USR-6414,12.55,24.04,"[""Comedy"", ""Animation""]",28,0.537,0.399
USR-1344,45.06,91.49,[],27,0.873,0.421
USR-5684,11.38,18.73,"[""Animation"", ""Comedy""]",32,0.577,0.273
USR-9878,2.41,41.63,"[""Comedy""]",4,0.412,0.721
USR-4751,5.96,15.47,"[""Animation"", ""Comedy"", ""Romance""]",17,0.717,0.311
USR-9543,3.71,36.23,"[""Drama"", ""Family""]",4,0.495,0.563
USR-10403,3.62,37.3,"[""Drama""]",3,0.368,0.602
USR-7000,21.14,52.95,"[""Documentary"", ""Mystery"", ""Adventure"", ""Crime""]",30,0.911,0.41
USR-4216,10.65,21.78,"[""Animation"", ""Comedy""]",22,0.627,0.393
USR-1098,48.19,84.14,"[""Action"", ""Thriller""]",26,0.816,0.355
USR-6002,10.309291001600803,19.74,"[""Animation"", ""Comedy""]",19,0.643,0.346
USR-8837,24.73,46.2,"[""Romance"", ""Adventure"", ""Drama"", ""Sci-Fi""]",30,0.814,0.463
USR-6177,5.96,24.3,"[""Animation"", ""Comedy""]",26,0.725,0.382
USR-8280,24.51,41.69,"[""Drama"", ""Crime"", ""Adventure"", ""Sci-Fi""]",27,0.827,0.34
USR-7166,23.23,52.94,"[""Mystery"", ""Drama"", ""Crime"", ""Documentary"", ""Sci-Fi""]",30,0.791,0.573
USR-2538,32.38,102.76,"[""Action"", ""Thriller""]",25,0.887,0.616
USR-4589,8.03,22.86,"[""Comedy"", ""Romance""]",20,0.653,0.491
USR-8589,21.32,51.97,"[""Documentary"", ""Adventure"", ""Crime"", ""Mystery"", ""Sci-Fi""]",17,0.735,0.59
USR-7986,26.07,69.3,"[""Drama"", ""Sci-Fi"", ""Mystery""]",24,0.896,0.471
USR-4649,12.75,31.27,"[""Comedy"", ""Animation""]",19,0.636,0.37
USR-3658,46.89,74.9,"[""Action"", ""Sci-Fi"", ""Thriller""]",30,0.941,0.544
USR-8725,24.29,60.67,"[""Mystery"", ""Romance"", ""Drama"", ""Sci-Fi""]",22,0.761,0.541
USR-2518,40.85,126.18,"[""Sci-Fi"", ""Thriller""]",28,1.0,0.503
USR-6062,14.77,26.93,"[""Animation""]",19,0.598,0.483
USR-10445,1.61,34.49,"[""Drama""]",6,0.3,0.551
USR-5625,7.89,17.04,"[""Comedy"", ""Romance""]",15,0.773,0.368
USR-5273,,26.33,"[""Comedy"", ""Romance""]",19,0.551,0.331
USR-4670,8.59,27.23,"[""Animation""]",19,0.808,0.45
USR-7567,23.29,42.5,"[""Adventure"", ""Romance"", ""Drama""]",26,0.829,0.41
USR-6801,4.65,26.59,"[""Animation"", ""Comedy""]",24,0.675,0.411
USR-3091,43.15,75.74,"[""Thriller"", ""Action"", ""Sci-Fi"", ""Crime""]",20,0.837,0.479
USR-8098,30.22,77.16,"[""Romance"", ""Sci-Fi"", ""Drama"", ""Mystery""]",35,0.9,0.459
USR-7172,31.33,53.32,"[""Adventure"", ""Crime"", ""Drama"", ""Sci-Fi""]",16,0.655,0.804
USR-8522,25.83,60.39,"[""Drama"", ""Crime"", ""Romance""]",19,0.744,0.398
USR-1573,29.47,79.5,"[""Sci-Fi"", ""Thriller""]",34,0.853,0.43
USR-10656,2.87,27.42,"[""Drama"", ""Comedy""]",7,0.472,0.557
USR-5689,10.06,21.0,"[""Animation"", ""Comedy""]",15,0.699,0.507
USR-10169,3.44,25.12,"[""Family""]",5,0.52,0.868
USR-4063,45.47,108.49,"[""Thriller"", ""Sci-Fi"", ""Action""]",32,0.933,0.291
USR-8904,22.06,40.91,"[""Adventure"", ""Drama"", ""Sci-Fi"", ""Romance""]",27,0.738,0.439
USR-7471,35.67,53.88,"[""Documentary"", ""Crime"", ""Drama""]",29,0.637,0.301
USR-8161,26.84,63.34,"[""Romance"", ""Sci-Fi"", ""Adventure"", ""Crime"", ""Mystery""]",27,0.847,0.653
USR-7634,22.41,66.1,"[""Sci-Fi"", ""Romance"", ""Drama""]",29,0.678,0.316
USR-9582,2.94,10.32,"[""Comedy""]",6,0.382,0.622
USR-9102,25.49,56.73,"[""Romance"", ""Documentary"", ""Crime"", ""Drama""]",19,0.899,0.639
USR-8346,34.07,61.35,"[""Sci-Fi"", ""Adventure"", ""Mystery"", ""Drama"", ""Crime""]",27,0.774,0.572
USR-7305,20.09,37.81,"[""Mystery"", ""Adventure"", ""Sci-Fi"", ""Documentary""]",25,0.749,0.502
USR-9076,24.87,56.11,"[""Drama"", ""Adventure"", ""Romance""]",30,0.778,0.654
USR-10537,2.37,33.0,"[""Drama"", ""Comedy""]",4,0.333,0.565
USR-10701,6.0,36.82,"[""Family""]",6,0.338,0.639
USR-5480,9.15,30.43,"[""Comedy"", ""Animation""]",16,0.583,0.367
USR-5949,4.95,29.2,"[""Animation""]",27,0.578,0.327
USR-6977,23.12,41.59,"[""Romance"", ""Documentary"", ""Adventure"", ""Mystery"", ""Drama""]",25,0.766,0.623
USR-1371,37.69,94.65,"[""Sci-Fi"", ""Action""]",19,0.929,0.305
USR-2939,15.0,121.57,"[""Thriller"", ""Action"", ""Sci-Fi""]",26,0.776,0.465
USR-3353,35.65,84.41,"[""Sci-Fi"", ""Thriller"", ""Action""]",33,0.804,0.441
USR-8128,19.81,75.16,"[""Adventure"", ""Crime"", ""Drama""]",35,0.733,0.386
USR-2754,33.86,77.69,"[""Action"", ""Sci-Fi""]",22,0.903,0.428
USR-4671,10.27,22.09,"[""Comedy"", ""Animation""]",15,0.523,0.454
USR-8299,23.5,62.27,"[""Adventure"", ""Crime"", ""Sci-Fi"", ""Mystery""]",31,0.717,0.579
USR-4653,7.41,25.58,"[""Comedy""]",23,0.677,0.388
USR-6202,7.09,20.65,"[""Animation""]",10,0.604,0.679
USR-9085,17.17,60.08,"[""Documentary"", ""Romance"", ""Adventure"", ""Sci-Fi"", ""Crime""]",36,0.704,0.387
USR-3362,49.19,97.75,"[""Action"", ""Sci-Fi"", ""Thriller"", ""Crime""]",33,0.851,0.275
USR-5261,6.73,25.67,"[""Comedy"", ""Animation""]",20,0.566,0.278
USR-6433,6.12,25.98,"[""Animation""]",23,0.592,0.381
USR-7286,31.04,67.73,"[""Adventure"", ""Documentary"", ""Mystery""]",38,0.789,0.634
USR-5992,9.33,16.81,"[""Comedy"", ""Animation""]",24,0.605,0.348
USR-8771,20.09,78.07,"[""Romance"", ""Sci-Fi"", ""Mystery"", ""Crime"", ""Adventure""]",31,0.632,0.436
USR-10560,1.92,55.46,"[""Comedy""]",6,0.4,0.766
USR-4738,4.77,19.09,"[""Comedy""]",20,0.53,0.408
USR-8691,25.55,71.18,"[""Sci-Fi"", ""Adventure"", ""Romance""]",33,0.731,0.447
USR-9652,3.08,24.1,"[""Comedy""]",5,0.672,0.804
USR-10021,1.38,31.12,"[""Family""]",6,0.299,0.674
USR-9411,3.75,23.93,"[""Drama"", ""Family""]",4,0.238,0.731
USR-6592,9.12,24.59,"[""Animation""]",24,0.811,0.154
USR-2172,41.47,113.13,"[""Action"", ""Thriller"", ""Sci-Fi""]",15,0.88,0.444
USR-8371,28.57,54.28,"[""Crime"", ""Drama"", ""Mystery"", ""Sci-Fi"", ""Romance""]",31,0.838,0.428
USR-9114,23.9,40.06,[],29,0.869,0.437
USR-9360,3.0,,"[""Family""]",6,0.307,0.829
USR-2423,40.35,82.54,"[""Sci-Fi"", ""Thriller""]",15,0.948,0.436
USR-7783,24.47,44.6,"[""Drama"", ""Mystery"", ""Sci-Fi"", ""Romance"", ""Adventure""]",23,0.951,0.309
USR-10664,4.5,33.68,"[""Comedy""]",8,0.527,0.706
USR-7107,24.37,59.45,"[""Mystery"", ""Romance"", ""Drama"", ""Adventure"", ""Documentary""]",11,0.776,0.452
USR-10446,4.32,23.53,"[""Drama""]",3,0.262,0.714
USR-9194,30.18,40.12,"[""Drama"", ""Mystery"", ""Crime"", ""Sci-Fi"", ""Romance""]",27,0.933,0.32
USR-7340,26.08,66.08,"[""Drama"", ""Crime"", ""Mystery""]",33,0.864,0.676
USR-10259,4.04,25.97,"[""Family""]",6,0.3,0.785
USR-1875,23.55,125.0,"[""Thriller"", ""Sci-Fi""]",18,0.773,0.296
USR-3298,31.95,83.95,"[""Action"", ""Thriller"", ""Sci-Fi""]",32,0.966,0.409
USR-3644,30.69,83.02,"[""Sci-Fi"", ""Action"", ""Thriller""]",20,0.82,0.536
USR-8702,20.05,59.85,"[""Mystery"", ""Crime"", ""Sci-Fi"", ""Documentary"", ""Adventure""]",20,0.678,0.54
USR-2720,32.89,110.65,"[""Thriller"", ""Action""]",31,0.848,0.287
USR-6348,7.64,22.59,"[""Animation"", ""Comedy""]",36,0.694,0.435
USR-6933,37.26,39.15,"[""Adventure"", ""Romance"", ""Drama""]",21,0.7,0.446
USR-1841,39.04,91.37,"[""Thriller"", ""Action"", ""Sci-Fi""]",19,0.841,0.406
USR-10807,4.710534255162957,28.67,"[""Family""]",8,0.327,0.747
USR-1582,31.3,97.84,"[""Thriller"", ""Sci-Fi"", ""Action""]",23,0.766,0.402
USR-1205,37.79,116.81,"[""Thriller"", ""Sci-Fi"", ""Action""]",34,0.813,0.36
USR-2642,32.3,111.16,"[""Action"", ""Sci-Fi""]",36,0.838,0.464
USR-3015,29.99,85.82,"[""Thriller"", ""Sci-Fi"", ""Action""]",35,0.85,0.442
USR-4254,11.5,22.94,"[""Animation"", ""Comedy""]",21,0.665,0.115
USR-8711,26.9,57.88,"[""Romance"", ""Crime"", ""Mystery"", ""Adventure"", ""Sci-Fi""]",27,0.808,0.424
USR-1906,33.92,84.25,"[""Thriller"", ""Action""]",20,0.849,0.307
USR-1632,39.36,95.51,"[""Thriller"", ""Action""]",20,0.945,0.361
USR-9510,5.01,28.05,"[""Family"", ""Comedy""]",5,0.438,0.594
USR-8999,31.15,56.4,"[""Mystery"", ""Romance"", ""Drama"", ""Crime"", ""Documentary""]",40,0.661,0.459
USR-2975,33.69,102.03,"[""Action"", ""Thriller"", ""Sci-Fi""]",36,0.782,0.469
USR-1163,32.95,95.91,"[""Sci-Fi"", ""Action"", ""Thriller""]",19,1.0,0.301
USR-5999,6.36,17.67,"[""Animation""]",13,0.505,0.304
USR-2244,34.55,70.92,"[""Sci-Fi"", ""Thriller"", ""Silent Cinema""]",24,0.803,0.453
USR-10548,2.73,16.61,"[""Comedy""]",6,0.443,0.384
USR-10425,4.18,40.2,"[""Family"", ""Slow TV""]",4,0.332,0.69
USR-5714,6.98,21.91,"[""Animation"", ""Comedy"", ""Romance""]",19,0.492,0.528
USR-1876,38.01,118.45,"[""Sci-Fi"", ""Action""]",29,0.766,0.523
USR-2432,36.68,81.1,"[""Sci-Fi"", ""Thriller""]",15,0.94,0.416
USR-9831,3.49,21.12,"[""Family"", ""Drama""]",5,0.161,0.512
USR-7869,25.55,48.22,"[""Drama"", ""Romance"", ""Sci-Fi""]",26,0.871,0.279
USR-5644,8.29,25.62,"[""Animation"", ""Romance""]",19,0.65,0.431
USR-6081,5.76,29.62,"[""Animation"", ""Comedy""]",18,0.792,0.205
USR-6784,10.81,29.04,"[""Animation""]",17,0.7,0.254
USR-10234,2.19,15.48,"[""Drama""]",7,0.451,0.717
USR-8787,24.01,57.32,"[""Adventure"", ""Crime"", ""Mystery"", ""Sci-Fi""]",27,0.832,0.369
USR-8532,26.42,65.48,"[""Romance"", ""Drama"", ""Adventure""]",31,0.742,0.575
USR-9207,25.95,58.5,"[""Documentary"", ""Sci-Fi"", ""Adventure""]",23,0.808,0.723
USR-8934,18.68,69.37,"[""Adventure"", ""Drama"", ""Crime"", ""Sci-Fi""]",22,0.882,0.421
USR-10535,4.2,32.0,"[""Drama"", ""Comedy""]",5,0.451,0.55
USR-3857,31.17,70.3,"[""Action"", ""Sci-Fi""]",19,0.715,0.426
USR-2862,30.92,101.68,"[""Sci-Fi"", ""Thriller"", ""Action""]",16,0.844,0.315
USR-3660,35.66,90.23,"[""Thriller"", ""Action"", ""Sci-Fi"", ""Crime""]",42,1.0,0.42
USR-4385,7.12,25.56,"[""Comedy"", ""Romance""]",15,0.594,0.301
USR-10662,5.82,33.58,"[""Family""]",5,0.339,0.623
USR-10875,3.07,40.6,"[""Family""]",5,0.35,0.531
USR-9850,3.15,45.45,"[""Comedy""]",5,0.515,0.449
USR-9436,4.34,32.03,"[""Family""]",7,0.271,0.633
USR-8463,23.46,60.77,"[""Sci-Fi"", ""Documentary"", ""Adventure"", ""Romance"", ""Crime""]",30,0.678,0.363
USR-7887,26.35,61.64,"[""Crime"", ""Adventure"", ""Romance"", ""Documentary""]",23,0.721,0.664
USR-5734,7.25,25.72,"[""Comedy"", ""Animation""]",21,0.673,0.237
USR-4332,8.07,19.31,"[""Animation""]",21,0.456,0.294
USR-10101,4.03,23.42,"[""Drama"", ""Comedy""]",7,0.342,0.67
USR-9728,5.84,,"[""Drama""]",7,0.566,0.548
USR-7405,17.73,68.61,"[""Adventure"", ""Sci-Fi"", ""Romance"", ""Drama"", ""Crime""]",26,0.862,0.442
USR-10273,1.61,28.29,"[""Family"", ""Drama""]",6,0.348,0.501
USR-10708,3.46,32.43,"[""Comedy"", ""Drama""]",3,0.7,0.774
USR-8061,21.29,68.69,"[""Romance"", ""Drama"", ""Adventure""]",33,0.833,0.508
USR-3097,45.01,72.65,"[""Action"", ""Thriller""]",35,0.725,0.306
USR-3004,42.56,110.22,"[""Action"", ""Thriller"", ""Sci-Fi""]",8,0.983,0.464
USR-9497,5.99,17.68,"[""Comedy"", ""Family""]",3,0.351,0.731
USR-9847,4.54,38.44,"[""Comedy"", ""Family""]",6,0.513,0.851
USR-5677,13.37,19.33,"[""Comedy"", ""Animation"", ""Romance""]",17,0.776,0.366
USR-6018,6.52,30.43,"[""Comedy"", ""Animation""]",17,0.604,0.473
USR-8470,26.73,62.15,"[""Documentary"", ""Drama"", ""Adventure"", ""Sci-Fi"", ""Romance""]",24,0.729,0.474
USR-1547,32.93,76.68,"[""Action"", ""Sci-Fi"", ""Thriller"", ""Crime""]",21,0.963,0.312
USR-2450,34.15,100.13,"[""Action"", ""Sci-Fi""]",29,0.785,0.301
USR-4987,13.91,21.56,"[""Comedy"", ""Animation""]",20,0.603,0.335
USR-7901,15.16,41.89,"[""Mystery"", ""Crime"", ""Drama""]",23,0.88,0.564
USR-3611,38.84,132.26,"[""Sci-Fi"", ""Thriller""]",41,0.824,0.516
USR-2901,38.89,91.66,"[""Thriller"", ""Sci-Fi""]",27,1.0,0.446
USR-4921,9.37,22.5,"[""Comedy"", ""Animation""]",19,0.534,0.365
USR-3758,41.33,99.41,"[""Sci-Fi"", ""Action"", ""Crime""]",26,0.726,0.333
USR-7125,18.41,63.42,"[""Documentary"", ""Sci-Fi"", ""Romance"", ""Crime"", ""Mystery""]",21,0.883,0.364
USR-7398,26.9,47.01,"[""Drama"", ""Sci-Fi"", ""Crime"", ""Adventure""]",20,0.829,0.692
USR-2886,49.22,118.12,"[""Action"", ""Sci-Fi""]",23,0.917,0.543
USR-10922,1.78,43.27,"[""Family"", ""Comedy""]",8,0.284,0.646
USR-6739,2.6,23.51,"[""Animation""]",27,0.662,0.392
USR-9760,2.92,29.3,"[""Comedy""]",2,0.555,0.489
USR-6891,7.92,25.5,"[""Comedy""]",24,0.611,0.434
USR-3098,36.04,74.27,"[""Action"", ""Sci-Fi""]",24,0.96,0.379
USR-10385,2.35,31.88,"[""Comedy"", ""Drama""]",1,0.282,0.703
USR-6693,10.48,23.51,"[""Comedy"", ""Animation""]",20,0.779,0.355
USR-1500,29.63,66.36,"[""Action"", ""Thriller"", ""Crime""]",17,0.684,0.411
USR-6625,6.91,22.68,"[""Animation"", ""Romance""]",18,0.651,0.327
USR-1837,31.92,104.0,"[""Action"", ""Thriller"", ""Sci-Fi""]",24,0.852,0.401
USR-4472,6.82,24.23,"[""Animation"", ""Comedy"", ""Romance""]",17,0.517,0.52
USR-5698,9.24,20.69,"[""Comedy""]",19,0.739,0.417
USR-7281,28.29,58.82,"[""Documentary"", ""Romance"", ""Adventure""]",35,0.826,0.504
USR-9977,2.53,28.86,"[""Family""]",1,0.316,0.561
USR-3172,46.56,79.22,"[""Sci-Fi"", ""Thriller"", ""Action"", ""Adventure""]",23,0.727,0.686
USR-10327,3.62,38.22,"[""Drama""]",6,0.391,0.715
USR-6679,11.5,23.56,"[""Animation"", ""Comedy""]",19,0.647,0.341
USR-10280,4.04,29.81,"[""Family""]",2,0.218,0.705
USR-1399,47.25,91.09,"[""Thriller"", ""Sci-Fi""]",21,0.746,0.468
USR-3011,29.27,90.3,"[""Action"", ""Thriller"", ""Sci-Fi"", ""Adventure""]",30,0.82,0.395
USR-6167,10.81,37.17,"[""Comedy"", ""Animation""]",24,0.681,0.418
USR-6872,6.92,23.05,"[""Animation""]",17,0.702,0.392
USR-10891,3.61,33.89,"[""Family"", ""Drama""]",5,0.131,0.951
USR-2284,26.41,110.0,"[""Thriller"", ""Sci-Fi""]",15,0.77,0.542
USR-9480,3.24,31.07,,8,0.426,0.828
USR-3449,34.05,111.06,"[""Sci-Fi"", ""Thriller"", ""Action""]",19,0.83,0.476
USR-5257,9.2,25.11,"[""Comedy""]",25,0.623,0.147
USR-2837,38.97,88.6,"[""Sci-Fi"", ""Thriller""]",11,0.852,0.45
USR-10695,4.22,39.43,"[""Drama"", ""Comedy""]",5,0.332,0.949
USR-2020,41.14,68.11,"[""Action"", ""Thriller"", ""Sci-Fi""]",23,0.812,0.508
USR-6067,8.2,19.42,"[""Comedy""]",17,0.48,0.156
USR-2327,31.64,103.46,"[""Action"", ""Sci-Fi""]",30,0.918,0.288
USR-5546,8.177672600550114,34.38,"[""Comedy"", ""Animation""]",23,0.747,0.374
USR-1476,35.68,101.27,"[""Action"", ""Thriller"", ""Sci-Fi""]",13,0.929,0.546
USR-3811,38.71,90.33,"[""Thriller"", ""Action"", ""Crime""]",29,0.894,0.359
USR-9725,0.1,29.55,"[""Family""]",5,0.35,0.646
USR-2652,34.96,79.11,"[""Thriller"", ""Action"", ""Sci-Fi"", ""Slow TV""]",31,0.765,0.406
USR-10710,2.67,32.67,"[""Family""]",10,0.239,0.759
USR-2170,33.46,76.14,"[""Action"", ""Sci-Fi"", ""Thriller""]",20,0.916,0.427
USR-3529,45.96,95.99,"[""Sci-Fi"", ""Thriller""]",25,0.94,0.547
USR-2207,35.93,78.51,"[""Action"", ""Sci-Fi""]",40,0.864,0.503
USR-7257,20.59,62.72,"[""Drama"", ""Documentary"", ""Sci-Fi"", ""Crime""]",32,0.962,0.66
USR-9103,27.71,55.21,"[""Crime"", ""Sci-Fi"", ""Romance""]",24,0.832,0.624
USR-6470,6.24,30.52,"[""Animation"", ""Comedy""]",16,0.645,0.286
USR-10479,2.96,22.54,"[""Drama""]",6,0.252,0.736
USR-1432,40.08,108.38,"[""Sci-Fi"", ""Action""]",25,0.856,0.475
USR-8873,29.14,55.79,"[""Mystery"", ""Adventure"", ""Romance""]",25,0.644,0.697
USR-1868,41.56,67.49,"[""Thriller"", ""Action""]",23,0.857,0.383
USR-3975,34.75,89.46,"[""Sci-Fi"", ""Thriller"", ""Action""]",26,0.833,0.56
USR-6237,14.9,23.75,"[""Comedy"", ""Animation""]",17,0.637,0.341
USR-6094,6.55,31.96,"[""Comedy"", ""Animation""]",20,0.683,0.263
USR-6434,8.36,23.7,"[""Animation"", ""Comedy""]",22,0.481,0.366
USR-1542,22.94,87.94,"[""Sci-Fi"", ""Thriller"", ""Adventure""]",22,0.817,0.567
USR-6196,11.82,19.43,"[""Comedy"", ""Animation""]",10,0.546,0.49
USR-2133,26.35,93.95,"[""Thriller"", ""Action"", ""Sci-Fi""]",23,0.78,0.425
USR-10936,3.65,25.03,"[""Comedy""]",6,0.229,0.66
USR-5502,11.78,17.7,"[""Animation""]",19,0.649,0.387
USR-7355,36.79,56.86,"[""Sci-Fi"", ""Mystery"", ""Romance""]",24,0.807,0.538
USR-10429,2.9,38.96,"[""Comedy""]",4,0.309,0.684
USR-4391,6.44,27.19,"[""Comedy"", ""Animation""]",21,0.691,0.388
USR-4889,1.93,16.33,"[""Animation""]",11,0.528,0.27
USR-3963,37.82,109.54,"[""Action"", ""Sci-Fi"", ""Thriller""]",31,0.804,0.251
USR-5156,8.01,24.23,"[""Comedy"", ""Animation""]",17,0.546,0.485
USR-4260,9.64,16.56,"[""Animation""]",20,0.574,0.385
USR-7303,16.85,59.72,"[""Sci-Fi"", ""Drama"", ""Adventure"", ""Crime"", ""Documentary""]",36,0.703,0.383
USR-7035,26.36,65.45,"[""Drama"", ""Sci-Fi"", ""Romance""]",28,0.753,0.37
USR-9094,27.74,44.05,"[""Documentary"", ""Adventure"", ""Drama""]",33,0.672,0.446
USR-2178,49.70842632729312,116.33,"[""Thriller"", ""Action""]",27,0.877,0.407
USR-3584,40.32,83.25,"[""Sci-Fi"", ""Thriller""]",20,0.847,0.376
USR-3814,33.92,88.16,"[""Action"", ""Thriller"", ""Sci-Fi""]",33,0.803,0.317
USR-4960,7.13,21.67,"[""Animation"", ""Comedy""]",19,0.935,0.372
USR-3948,39.91,91.45,"[""Thriller"", ""Action""]",32,0.689,0.519
USR-7644,24.35,65.21,"[""Sci-Fi"", ""Drama"", ""Adventure"", ""Romance"", ""Documentary""]",25,0.768,0.15
USR-6175,8.72,14.88,"[""Comedy"", ""Animation""]",17,0.659,0.268
USR-7842,29.18,55.73,"[""Documentary"", ""Sci-Fi"", ""Romance"", ""Adventure"", ""Crime""]",15,0.644,0.85
USR-9387,1.86,45.35,"[""Family""]",7,0.311,0.654
USR-4587,8.84,19.1,"[""Comedy"", ""Animation""]",26,0.598,0.324
USR-10324,2.73,23.71,[],5,0.177,0.953
USR-9166,27.34,65.45,"[""Crime"", ""Adventure"", ""Drama"", ""Sci-Fi""]",28,0.769,0.604
USR-3564,27.55,102.41,"[""Sci-Fi"", ""Thriller"", ""Action""]",20,0.933,0.317
USR-3631,37.28,80.52,"[""Sci-Fi"", ""Thriller"", ""Action""]",17,0.921,0.449
USR-4191,42.09,102.61,"[""Thriller"", ""Action"", ""Crime""]",31,0.91,0.108
USR-8954,25.06,59.78,"[""Adventure"", ""Crime"", ""Romance"", ""Drama"", ""Sci-Fi""]",25,0.874,0.619
USR-8817,24.7,67.58,"[""Mystery"", ""Drama"", ""Crime""]",34,0.817,0.373
USR-6037,6.3,27.06,"[""Comedy"", ""Animation""]",16,0.567,0.36
USR-2081,38.75,89.0,"[""Sci-Fi"", ""Action""]",14,1.0,0.493
USR-5284,4.67,,"[""Comedy"", ""Animation""]",19,0.801,0.361
USR-10866,4.37,27.97,"[""Family""]",5,0.548,0.84
USR-8086,24.17,45.34,"[""Mystery"", ""Crime"", ""Drama""]",28,0.826,0.372
USR-3086,30.32,99.85,"[""Sci-Fi"", ""Action""]",19,0.715,0.458
USR-7346,31.76,55.24,"[""Adventure"", ""Drama"", ""Documentary"", ""Mystery"", ""Sci-Fi""]",33,0.831,0.599
USR-3453,37.21,80.74,[],35,0.976,0.401
USR-5967,6.73,,"[""Animation"", ""Comedy""]",24,0.637,0.339
USR-3024,39.55,98.94,"[""Sci-Fi"", ""Thriller""]",27,0.816,0.427
USR-9224,34.62,66.63,"[""Romance"", ""Mystery"", ""Sci-Fi""]",28,0.718,0.605
USR-10082,2.29,34.54,"[""Drama"", ""Family""]",4,0.468,0.632
USR-9811,2.31,37.35,"[""Drama""]",4,0.325,0.614
USR-8322,14.57,55.05,"[""Adventure"", ""Drama"", ""Romance""]",26,0.72,0.365
USR-1227,46.3,90.31,"[""Action"", ""Sci-Fi"", ""Thriller""]",11,0.918,0.366
USR-2014,49.58,63.04,"[""Thriller"", ""Sci-Fi""]",25,0.815,0.421
USR-7680,32.29,50.07,"[""Documentary"", ""Sci-Fi"", ""Crime"", ""Adventure""]",26,0.62,0.61
USR-2930,30.78,97.47,"[""Sci-Fi"", ""Action"", ""Thriller""]",21,0.863,0.489
USR-2044,60.4,77.32,"[""Thriller"", ""Sci-Fi"", ""Action""]",17,0.948,0.445
USR-6252,4.68,19.4,"[""Animation"", ""Comedy""]",17,0.479,0.363
USR-2405,36.38,118.37,"[""Sci-Fi"", ""Action"", ""Thriller""]",18,0.771,0.327
USR-10139,4.39,35.79,"[""Family""]",7,0.386,0.852
USR-3180,33.73,102.13,"[""Sci-Fi"", ""Thriller"", ""Crime""]",24,0.91,0.408
USR-1698,57.18,63.95,"[""Sci-Fi"", ""Thriller"", ""Action"", ""Adventure""]",30,0.815,0.542
USR-2125,30.85,105.93,"[""Thriller"", ""Sci-Fi"", ""Adventure""]",24,0.704,0.332
USR-8379,14.85,63.62,"[""Romance"", ""Adventure"", ""Sci-Fi"", ""Mystery""]",33,0.917,0.546
USR-4896,9.31,20.79,"[""Comedy"", ""Animation""]",24,0.566,0.364
USR-9306,3.09,19.35,"[""Drama"", ""Comedy""]",6,0.133,0.488
USR-6111,9.37,24.13,"[""Animation""]",25,0.787,0.365
USR-2779,34.66,95.28,"[""Sci-Fi"", ""Thriller"", ""Adventure""]",35,0.995,0.425
USR-9101,25.68,54.78,"[""Crime"", ""Adventure"", ""Documentary""]",28,0.761,0.473
USR-3635,15.0,82.95,"[""Sci-Fi"", ""Thriller""]",16,0.882,0.391
USR-8188,25.65,59.07,"[""Mystery"", ""Drama"", ""Romance"", ""Sci-Fi"", ""Documentary""]",22,0.955,0.487
USR-8545,29.43,48.69,"[""Mystery"", ""Drama"", ""Sci-Fi"", ""Documentary"", ""Crime""]",21,0.831,0.453
USR-8605,25.31,59.62,"[""Documentary"", ""Mystery"", ""Romance"", ""Crime"", ""Sci-Fi""]",34,0.733,0.288
USR-4490,5.74,19.67,,18,0.564,0.264
USR-9348,2.5,37.14,"[""Family""]",5,0.315,0.799
USR-2038,32.44,78.0,"[""Thriller"", ""Sci-Fi"", ""Action""]",38,0.716,0.37
USR-7094,25.51,68.68,"[""Adventure"", ""Documentary"", ""Sci-Fi"", ""Drama"", ""Mystery""]",34,0.834,0.59
USR-3257,28.56,70.13,"[""Thriller"", ""Action""]",29,0.859,0.356
USR-9278,33.28,66.91,"[""Documentary"", ""Mystery"", ""Sci-Fi"", ""Adventure"", ""Romance""]",22,0.743,0.358
USR-3614,28.65,93.24,"[""Sci-Fi"", ""Thriller""]",25,0.864,0.505
USR-1314,43.12,77.59,"[""Sci-Fi"", ""Action"", ""Thriller"", ""Crime""]",16,0.728,0.531
USR-3650,32.7,105.48,"[""Thriller"", ""Action""]",28,0.79,0.428
USR-3282,35.7,88.53,"[""Sci-Fi"", ""Action"", ""Adventure""]",31,0.814,0.437
USR-7742,33.79,77.43,"[""Crime"", ""Sci-Fi"", ""Drama"", ""Adventure""]",28,0.769,0.464
USR-3980,31.14,74.89,"[""Thriller"", ""Sci-Fi"", ""Action""]",29,0.795,0.444
USR-3548,42.74,101.18,"[""Sci-Fi"", ""Action""]",30,0.857,0.377
USR-6513,9.39,22.35,"[""Animation"", ""Comedy""]",17,0.849,0.152
USR-6133,5.04,17.58,"[""Comedy"", ""Animation""]",22,0.627,0.5
USR-3160,36.0,100.03,"[""Thriller"", ""Sci-Fi""]",29,0.833,0.567
USR-8081,15.12,51.32,"[""Drama"", ""Crime"", ""Adventure""]",20,0.829,0.424
USR-4138,34.92,91.13,"[""Sci-Fi"", ""Action"", ""Thriller""]",38,0.992,0.459
USR-10174,1.76,39.41,"[""Comedy"", ""Drama""]",7,0.283,0.697
USR-6851,6.78,19.01,"[""Comedy""]",10,0.691,0.259
USR-10965,3.77,27.16,"[""Family"", ""Drama""]",9,0.345,0.621
USR-7446,30.6,57.91,"[""Mystery"", ""Sci-Fi"", ""Drama""]",24,0.755,0.497
USR-4968,10.25,24.47,"[""Animation""]",22,0.659,0.284
USR-2429,35.1,101.34,"[""Thriller"", ""Action""]",31,1.0,0.591
USR-9512,2.49,38.31,"[""Family""]",3,0.239,1.0
USR-3521,48.26,82.28,"[""Action"", ""Thriller""]",26,0.958,0.336
USR-9013,26.93,78.87,"[""Drama"", ""Mystery"", ""Romance"", ""Documentary""]",19,0.719,0.616
USR-5970,1.77,24.05,"[""Comedy"", ""Animation""]",18,0.614,0.394
USR-2856,,68.0,"[""Action"", ""Sci-Fi"", ""Thriller"", ""Crime""]",17,0.913,0.506
USR-9726,3.46,33.38,"[""Comedy""]",6,0.292,0.611
USR-6603,13.0,25.89,"[""Comedy"", ""Animation""]",19,0.579,0.466
USR-8272,15.77,59.42,"[""Documentary"", ""Adventure"", ""Crime""]",31,0.803,0.498
USR-10968,4.1,41.53,"[""Drama"", ""Comedy""]",7,0.385,0.938
USR-1449,45.71,82.86,"[""Action"", ""Thriller"", ""Sci-Fi""]",23,0.905,0.323
USR-8876,24.27,52.91,"[""Romance"", ""Adventure"", ""Drama"", ""Mystery""]",17,0.699,0.236
USR-2285,30.3,114.25,"[""Action"", ""Sci-Fi""]",26,0.849,0.38
USR-6996,28.5,55.06,"[""Adventure"", ""Crime"", ""Drama"", ""Sci-Fi""]",26,0.651,0.356
USR-9075,25.28,65.18,,36,0.618,0.428
USR-8752,21.2,74.13,"[""Mystery"", ""Adventure"", ""Drama"", ""Documentary""]",29,0.862,0.301
USR-4728,6.89,22.51,"[""Animation""]",14,0.871,0.245
USR-8354,21.31,57.25,"[""Documentary"", ""Mystery"", ""Crime""]",25,0.749,0.601
USR-1362,51.65,89.49,"[""Action"", ""Sci-Fi"", ""Thriller""]",17,1.0,0.374
USR-7280,29.94,73.46,"[""Romance"", ""Sci-Fi"", ""Crime""]",26,0.796,0.651
USR-6231,7.38,23.64,"[""Comedy"", ""Animation""]",30,0.692,0.245
USR-10037,2.66,30.99,"[""Drama"", ""Comedy""]",1,0.34,0.55
USR-8296,25.46,68.42,"[""Drama"", ""Mystery"", ""Crime""]",13,0.688,0.48
USR-9985,1.32,23.78,"[""Drama""]",7,0.665,0.808
USR-8535,29.82,59.51,"[""Romance"", ""Mystery"", ""Crime""]",27,0.757,0.395
USR-7252,28.27,55.46,"[""Documentary"", ""Crime"", ""Sci-Fi"", ""Silent Cinema""]",20,0.921,0.285
USR-6927,31.39,70.84,"[""Sci-Fi"", ""Mystery"", ""Adventure""]",9,0.79,0.543
USR-6150,8.92,22.36,"[""Comedy"", ""Animation""]",23,0.576,0.495
USR-3461,46.83,89.62,"[""Thriller"", ""Action"", ""Sci-Fi""]",19,0.734,0.375
USR-1023,,117.04,"[""Thriller"", ""Sci-Fi"", ""Adventure""]",28,0.837,0.406
USR-3067,42.63,95.96,"[""Action"", ""Sci-Fi"", ""Thriller""]",19,1.0,0.284
USR-2654,41.54,104.87,"[""Action"", ""Sci-Fi"", ""Adventure""]",29,0.835,0.304
USR-1703,46.18,87.93,"[""Thriller"", ""Sci-Fi""]",21,0.917,0.341
USR-10413,4.47,34.0,"[""Drama"", ""Family""]",7,0.349,0.869
USR-3744,37.76,,"[""Sci-Fi"", ""Action"", ""Thriller"", ""Adventure""]",22,0.693,0.296
USR-2377,30.12,106.9,"[""Sci-Fi"", ""Action"", ""Adventure""]",20,0.902,0.558
USR-2725,26.42,70.11,"[""Thriller"", ""Action"", ""Sci-Fi""]",15,0.814,0.466
USR-3469,36.72,95.16,"[""Action"", ""Thriller""]",24,0.932,0.406
USR-4755,7.1,24.76,"[""Comedy""]",9,0.664,0.225
USR-3326,39.24,113.5,"[""Thriller"", ""Sci-Fi"", ""Action""]",10,0.857,0.328
USR-1461,35.29,91.1,"[""Sci-Fi"", ""Action""]",18,0.809,0.573
USR-6164,10.35,22.18,"[""Comedy""]",13,0.553,0.355
USR-5184,6.26,34.96,"[""Animation""]",22,0.594,0.273
USR-6527,8.7,25.56,"[""Animation""]",26,0.647,0.266
USR-5083,4.04,21.38,"[""Animation"", ""Comedy""]",20,0.582,0.223
USR-2487,35.34,88.86,"[""Thriller"", ""Action""]",36,0.799,0.425
USR-4679,2.87,18.75,"[""Animation"", ""Comedy""]",21,0.625,0.255
USR-8730,30.94,79.29,"[""Drama"", ""Crime"", ""Adventure"", ""Sci-Fi"", ""Documentary"", ""Avant-Garde Doc""]",24,0.849,0.654
USR-1283,40.78,108.15,"[""Thriller"", ""Sci-Fi"", ""Action"", ""Adventure""]",19,0.797,0.451
USR-7580,24.1,54.55,"[""Documentary"", ""Crime"", ""Adventure"", ""Mystery""]",30,0.847,0.466
USR-5559,8.3,37.78,"[""Comedy"", ""Animation""]",16,0.612,0.352
USR-5309,10.55,11.76,"[""Animation""]",29,0.683,0.411
USR-7685,20.61,58.66,"[""Drama"", ""Adventure"", ""Romance"", ""Mystery""]",23,0.867,0.359
USR-5866,7.54,24.43,"[""Animation""]",17,0.582,0.321
USR-4538,6.92,33.67,"[""Comedy""]",25,0.765,0.28
USR-4869,8.7,22.76,"[""Comedy"", ""Animation""]",19,0.645,0.301
USR-8004,26.32,66.11,"[""Documentary"", ""Drama"", ""Crime"", ""Sci-Fi""]",24,0.772,0.341
USR-3582,43.15,109.28,"[""Action"", ""Sci-Fi""]",26,0.873,0.409
USR-2369,35.34,101.37,[],22,0.936,0.444
USR-10567,2.96,22.17,"[""Comedy""]",1,0.429,0.757
USR-9285,31.69,59.89,"[""Sci-Fi"", ""Mystery"", ""Adventure"", ""Crime""]",21,0.675,0.418
USR-1598,33.25,82.57,"[""Thriller"", ""Action"", ""Sci-Fi""]",21,0.784,0.504
USR-5352,6.09,26.91,"[""Animation"", ""Comedy""]",30,0.512,0.337
USR-7347,29.49,56.06,"[""Adventure"", ""Mystery"", ""Documentary"", ""Crime"", ""Sci-Fi""]",20,0.774,0.371
USR-10071,0.1,11.76,"[""Drama"", ""Family""]",6,0.1,0.86
USR-7380,32.89,62.71,"[""Romance"", ""Sci-Fi"", ""Documentary"", ""Adventure"", ""Drama""]",30,0.881,0.486
USR-5759,11.68,23.85,"[""Comedy"", ""Animation""]",24,0.737,0.176
USR-1647,27.41,88.66,"[""Thriller"", ""Sci-Fi"", ""Adventure""]",36,0.919,0.382
USR-7382,26.21,70.22,"[""Crime"", ""Documentary"", ""Romance"", ""Drama"", ""Mystery""]",28,0.817,0.284
USR-8528,18.43,56.81,"[""Mystery"", ""Drama"", ""Documentary""]",25,0.88,0.551
USR-10796,3.0,30.3,"[""Family"", ""Drama""]",4,0.122,0.77
USR-7024,28.39,48.53,"[""Sci-Fi"", ""Crime"", ""Drama"", ""Documentary"", ""Mystery""]",29,0.899,0.548
USR-10696,3.82,29.24,"[""Drama"", ""Family""]",8,0.147,0.931
USR-9132,35.58,62.41,"[""Romance"", ""Documentary"", ""Sci-Fi"", ""Mystery""]",19,0.706,0.406
USR-8166,17.77,51.56,"[""Romance"", ""Drama"", ""Sci-Fi""]",22,0.851,0.368
USR-4469,8.47,18.68,[],16,0.693,0.1
USR-8973,19.66,61.09,"[""Crime"", ""Mystery"", ""Sci-Fi"", ""Romance""]",22,0.817,0.481
USR-8698,33.28,53.25,"[""Adventure"", ""Documentary"", ""Drama"", ""Romance""]",30,0.787,0.549
USR-3991,,72.06,"[""Thriller"", ""Action"", ""Sci-Fi""]",27,0.819,0.492
USR-10503,1.74,21.54,"[""Family""]",7,0.29,0.591
USR-5876,9.19,11.75,"[""Animation""]",28,0.654,0.538
USR-3545,53.44,80.03,"[""Thriller"", ""Sci-Fi""]",32,0.895,0.516
USR-9688,5.62,32.97,"[""Comedy"", ""Family""]",5,0.307,0.821
USR-8799,19.99,,"[""Documentary"", ""Sci-Fi"", ""Mystery""]",20,0.858,0.458
USR-6342,10.88,21.5,"[""Animation"", ""Comedy""]",30,0.559,0.403
USR-2568,46.99,102.75,"[""Thriller"", ""Sci-Fi""]",21,0.856,0.409
USR-1743,47.12375485701377,96.48,"[""Sci-Fi"", ""Action""]",16,0.905,0.469
USR-5067,11.51,33.78,"[""Animation"", ""Comedy""]",22,0.588,0.443
USR-4989,9.56,26.33,"[""Comedy"", ""Animation""]",20,0.631,0.344
USR-8032,21.99,71.29,"[""Sci-Fi"", ""Documentary"", ""Drama"", ""Crime""]",27,0.796,0.664
USR-3161,36.2,89.23,"[""Action"", ""Sci-Fi""]",23,0.825,0.464
USR-1686,31.62,77.6,"[""Thriller"", ""Sci-Fi""]",19,0.9,0.384
USR-8603,21.92,68.7,"[""Sci-Fi"", ""Crime"", ""Mystery"", ""Romance""]",32,0.698,0.79
USR-8960,20.52,55.26,"[""Crime"", ""Mystery"", ""Documentary"", ""Drama""]",26,0.779,0.501
USR-4244,11.72,24.71,"[""Animation"", ""Comedy""]",15,0.705,0.284
USR-6845,11.3,37.02,"[""Animation""]",20,0.602,0.372
USR-9270,16.83,45.26,"[""Documentary"", ""Crime"", ""Romance""]",42,0.739,0.389
USR-3462,34.09,68.25,"[""Sci-Fi"", ""Action""]",17,0.911,0.4
USR-5084,10.64,21.07,"[""Animation"", ""Comedy""]",19,0.617,0.352
USR-3838,38.63,82.87,"[""Sci-Fi"", ""Thriller"", ""Action""]",25,0.71,0.452
USR-4698,11.14,33.29,"[""Comedy"", ""Animation""]",26,0.698,0.492
USR-8129,19.97,71.79,"[""Mystery"", ""Drama"", ""Romance"", ""Sci-Fi"", ""Adventure""]",28,0.785,0.395
USR-7268,20.81,45.49,"[""Romance"", ""Sci-Fi"", ""Documentary"", ""Crime""]",28,0.745,0.443
USR-5942,8.44,28.27,"[""Comedy"", ""Animation""]",19,0.709,0.359
USR-6947,26.58,66.92,"[""Crime"", ""Mystery"", ""Drama""]",21,0.903,0.524
USR-5584,6.76,25.49,"[""Animation""]",26,0.647,0.19
USR-6785,7.13,32.79,"[""Comedy"", ""Animation""]",25,0.615,0.253
USR-5041,8.41,24.11,"[""Animation"", ""Comedy""]",17,0.66,0.203
USR-3231,41.42,82.53,"[""Action"", ""Sci-Fi""]",21,0.839,0.436
USR-8570,26.04,69.27,"[""Romance"", ""Sci-Fi"", ""Documentary""]",25,0.817,0.5
USR-1936,40.08,65.27,"[""Action"", ""Sci-Fi"", ""Thriller""]",29,0.939,0.283
USR-3321,31.94,,"[""Sci-Fi"", ""Thriller"", ""Action""]",28,0.878,0.509
USR-5879,12.62,32.0,"[""Animation"", ""Comedy""]",22,0.716,0.252
USR-1522,32.6,65.95,"[""Action"", ""Sci-Fi"", ""Thriller""]",30,0.804,0.44
USR-1523,40.84,109.22,"[""Thriller"", ""Action"", ""Sci-Fi""]",21,0.659,0.379
USR-6346,14.61,25.82,"[""Animation"", ""Comedy""]",20,0.651,0.399
USR-10976,4.1,22.72,"[""Comedy"", ""Drama""]",6,0.493,0.684
USR-4360,2.41,18.78,"[""Animation"", ""Comedy""]",23,0.642,0.193
USR-2312,48.16,96.48,"[""Sci-Fi"", ""Action""]",29,0.971,0.561
USR-4984,12.09,27.56,"[""Comedy""]",15,0.799,0.349
USR-7495,24.87,60.41,"[""Mystery"", ""Sci-Fi"", ""Romance"", ""Documentary"", ""Adventure""]",29,0.865,0.422
USR-10658,2.24,26.88,"[""Drama""]",5,0.388,0.893
USR-2717,26.48,76.65,"[""Action"", ""Thriller""]",29,1.0,0.478
USR-1781,40.6,107.09,"[""Thriller"", ""Sci-Fi"", ""Action""]",31,0.863,0.454
USR-9892,1.78,26.58,"[""Drama""]",5,0.174,0.762
USR-10783,4.41,34.4,"[""Comedy""]",5,0.256,0.585
USR-6608,12.08,23.09,"[""Comedy""]",21,0.715,0.309
USR-6979,33.7,71.45,"[""Adventure"", ""Romance"", ""Sci-Fi"", ""Drama"", ""Documentary""]",25,0.837,0.509
USR-1652,24.99,84.74,"[""Thriller"", ""Action""]",32,0.916,0.436
USR-4748,6.53,27.19,"[""Comedy"", ""Animation""]",18,0.705,0.409
USR-3197,35.05,108.86,"[""Thriller"", ""Sci-Fi"", ""Action"", ""Crime""]",15,0.895,0.308
USR-9508,2.58,17.63,"[""Family"", ""Drama""]",5,0.407,1.0
USR-1370,35.91,90.93,"[""Sci-Fi"", ""Action"", ""Crime""]",17,0.794,0.521
USR-10984,2.22,27.55,"[""Comedy""]",3,0.513,0.607
USR-9183,25.75,60.07,"[""Sci-Fi"", ""Documentary"", ""Romance"", ""Adventure"", ""Mystery""]",27,0.832,0.466
USR-5215,,23.57,"[""Animation"", ""Comedy"", ""Romance""]",22,0.505,0.376
USR-1378,55.0,99.49,"[""Thriller"", ""Action"", ""Adventure""]",32,0.799,0.466
USR-10544,0.1,38.34,"[""Family""]",6,0.376,0.728
USR-3217,29.97,90.01,"[""Action"", ""Thriller"", ""Sci-Fi""]",26,0.786,0.332
USR-9775,2.88,33.53,"[""Comedy"", ""Drama""]",8,0.37,0.777
USR-2614,39.37,98.34,"[""Thriller"", ""Action"", ""Sci-Fi"", ""Adventure""]",31,0.871,0.5
USR-7980,23.86,73.45,"[""Romance"", ""Documentary"", ""Drama"", ""Sci-Fi"", ""Adventure""]",23,0.906,0.556
USR-8550,18.84,50.46,"[""Mystery"", ""Adventure"", ""Romance""]",29,0.801,0.406
USR-2828,41.42,108.58,"[""Thriller"", ""Action"", ""Sci-Fi""]",25,0.628,0.627
USR-4633,5.33,19.42,"[""Comedy"", ""Animation""]",18,0.543,0.267
USR-1963,,93.4,"[""Sci-Fi"", ""Action""]",37,0.753,0.495
USR-3994,46.7,98.1,"[""Action"", ""Sci-Fi""]",25,0.815,0.442
USR-7607,20.19,56.54,"[""Sci-Fi"", ""Documentary"", ""Adventure"", ""Experimental Indie Noir""]",23,0.773,0.453
USR-10771,4.54,21.97,"[""Drama"", ""Comedy""]",5,0.508,0.756
USR-3377,34.86,111.86,"[""Sci-Fi"", ""Action""]",21,0.834,0.306
USR-9455,2.13,32.91,"[""Family""]",4,0.348,0.676
USR-1360,37.86,105.14,"[""Thriller"", ""Sci-Fi"", ""Action"", ""Adventure""]",22,0.808,0.435
USR-4840,10.0,28.31,"[""Comedy"", ""Animation""]",26,0.489,0.344
USR-9277,26.54,61.67,"[""Crime"", ""Documentary"", ""Sci-Fi"", ""Mystery"", ""Adventure""]",19,0.732,0.57
USR-2247,31.35,102.5,"[""Action"", ""Sci-Fi"", ""Thriller"", ""Crime""]",23,0.779,0.464
USR-8505,28.12,78.51,"[""Mystery"", ""Romance"", ""Adventure"", ""Sci-Fi"", ""Crime""]",23,0.849,0.502
USR-9438,2.88,31.45,"[""Comedy""]",5,0.199,0.789
USR-7512,25.37,46.56,"[""Adventure"", ""Documentary"", ""Sci-Fi""]",41,0.913,0.773
USR-6088,12.66,20.53,"[""Comedy""]",22,0.589,0.378
USR-4695,4.23,26.0,"[""Comedy"", ""Romance""]",15,0.589,0.372
USR-2574,35.38,59.63,"[""Sci-Fi"", ""Action""]",21,0.824,0.371
USR-7282,26.89,58.91,"[""Mystery"", ""Sci-Fi"", ""Romance"", ""Drama""]",23,0.729,0.422
USR-6440,12.12,22.08,"[""Comedy"", ""Animation""]",20,0.593,0.218
USR-3568,23.92,90.92,"[""Action"", ""Sci-Fi""]",32,0.93,0.443
USR-4424,11.78,20.91,"[""Animation""]",17,0.73,0.431
USR-3038,24.46,101.36,"[""Thriller"", ""Action"", ""Adventure""]",18,0.875,0.487
USR-10339,3.59,28.52,"[""Family""]",5,0.19,0.678
USR-1773,51.93,109.44,"[""Thriller"", ""Action"", ""Sci-Fi"", ""Adventure""]",28,0.825,0.418
USR-6381,3.96,23.15,"[""Animation""]",17,0.559,0.277
USR-10666,1.23,42.95,"[""Family""]",6,0.18,0.748
USR-4563,13.42,26.75,"[""Animation"", ""Comedy""]",27,0.705,0.403
USR-1563,47.65,83.46,"[""Thriller"", ""Sci-Fi"", ""Action""]",22,0.76,0.335
USR-7684,18.49,57.13,"[""Romance"", ""Sci-Fi"", ""Adventure""]",29,0.741,0.655
USR-3547,31.34,81.9,"[""Action"", ""Thriller""]",31,0.86,0.488
USR-6511,7.97,22.4,"[""Comedy""]",26,0.672,0.436
USR-6331,15.7,26.6,"[""Animation""]",22,0.602,0.512
USR-9814,3.15,23.79,"[""Drama"", ""Comedy""]",4,0.343,0.737
USR-5532,7.25,25.31,"[""Animation"", ""Comedy""]",23,0.67,0.359
USR-2675,42.74,98.69,"[""Action"", ""Sci-Fi""]",20,0.95,0.414
USR-8396,26.74,58.19,"[""Drama"", ""Romance"", ""Mystery""]",23,0.702,0.595
USR-1366,44.15,87.04,"[""Action"", ""Sci-Fi"", ""Thriller""]",19,0.689,0.295
USR-2951,25.82,105.94,"[""Thriller"", ""Action"", ""Sci-Fi""]",17,0.871,0.469
USR-9067,29.3,63.39,"[""Sci-Fi"", ""Drama"", ""Romance"", ""Crime""]",22,0.82,0.42
USR-5328,9.06,23.26,"[""Comedy"", ""Animation""]",10,0.764,0.39
USR-9269,36.145299092747486,54.98,"[""Mystery"", ""Crime"", ""Drama""]",37,0.719,0.325
USR-1148,31.29,104.83,"[""Action"", ""Sci-Fi"", ""Adventure""]",27,0.93,0.13
USR-2669,40.05,80.51,"[""Action"", ""Thriller"", ""Crime""]",30,0.863,0.444
USR-4089,38.95,81.52,"[""Action"", ""Thriller""]",13,0.949,0.554
USR-9938,0.77,18.7,"[""Drama"", ""Comedy""]",5,0.391,0.825
USR-8651,32.07,60.52,"[""Documentary"", ""Sci-Fi"", ""Drama"", ""Crime""]",18,0.735,0.583
USR-1408,44.23,98.32,"[""Action"", ""Sci-Fi""]",22,0.831,0.549
USR-10682,4.56,38.15,"[""Comedy""]",9,0.383,0.792
USR-8789,17.84,64.47,"[""Sci-Fi"", ""Adventure"", ""Romance""]",28,0.826,0.464
USR-4457,8.44,25.78,[],24,0.694,0.406
USR-7187,22.4,51.55,"[""Sci-Fi"", ""Mystery"", ""Drama"", ""Adventure""]",35,0.774,0.382
USR-5183,10.98,26.95,"[""Animation"", ""Comedy""]",21,0.739,0.319
USR-4577,7.78,22.53,"[""Comedy"", ""Animation""]",12,0.616,0.287
USR-4272,8.22,,"[""Comedy"", ""Animation""]",24,0.635,0.335
USR-5941,7.05,20.16,"[""Animation""]",15,0.568,0.312
USR-2032,48.17,115.99,"[""Action"", ""Thriller""]",26,0.846,0.53
USR-9170,26.21,58.83,"[""Sci-Fi"", ""Mystery"", ""Adventure""]",27,0.799,0.535
USR-7231,27.63,51.73,"[""Mystery"", ""Adventure"", ""Documentary""]",28,0.8,0.674
USR-7593,22.37,56.89,"[""Crime"", ""Drama"", ""Adventure"", ""Mystery"", ""Romance""]",25,0.98,0.371
USR-10000,2.39,38.7,"[""Drama"", ""Family""]",4,0.144,0.702
USR-10910,3.98,48.18,"[""Comedy""]",5,0.196,0.683
USR-7725,29.72,48.03,"[""Sci-Fi"", ""Mystery"", ""Adventure"", ""Drama"", ""Romance""]",29,0.766,0.459
USR-9201,32.65,50.32,"[""Romance"", ""Mystery"", ""Drama"", ""Sci-Fi"", ""Documentary""]",20,0.678,0.576
USR-9389,3.58,11.9,"[""Drama""]",4,0.278,0.879
USR-1856,27.53,85.84,"[""Sci-Fi"", ""Action""]",21,0.853,0.494
USR-4927,10.93,18.8,"[""Comedy""]",19,0.718,0.295
USR-9640,0.84,26.6,"[""Family""]",6,0.219,0.499
USR-1079,45.24,93.15,"[""Action"", ""Sci-Fi"", ""Thriller""]",22,0.882,0.311
USR-8089,29.42,57.66,"[""Crime"", ""Romance"", ""Documentary"", ""Adventure"", ""Sci-Fi""]",21,0.852,0.648
USR-3248,46.9,81.39,"[""Sci-Fi"", ""Action""]",26,0.915,0.635
USR-9352,3.52,26.41,"[""Drama"", ""Family""]",5,0.348,0.79
USR-5027,11.0,23.02,"[""Comedy"", ""Animation""]",26,0.791,0.443
USR-6558,9.584766678320554,23.52,"[""Animation"", ""Comedy"", ""Romance""]",23,0.722,0.376
USR-10669,3.32,24.75,"[""Drama""]",6,0.359,0.524
USR-10391,4.29,41.21,"[""Comedy"", ""Family""]",4,0.509,0.751
USR-1715,33.6,83.32,"[""Sci-Fi"", ""Action"", ""Thriller""]",19,0.985,0.504
USR-8452,18.45,54.39,"[""Mystery"", ""Documentary"", ""Drama""]",27,0.82,0.429
USR-1789,39.02,92.36,"[""Action"", ""Sci-Fi"", ""Thriller""]",20,0.915,0.473
USR-3280,41.79,108.99,"[""Action"", ""Sci-Fi""]",29,0.787,0.307
USR-5096,10.08,14.71,"[""Comedy""]",22,0.62,0.486
USR-4898,7.12,15.86,"[""Comedy"", ""Animation""]",26,0.7,0.545
USR-10494,2.74,32.08,"[""Drama"", ""Comedy""]",8,0.436,0.871
USR-8178,24.81,41.27,"[""Drama"", ""Adventure"", ""Crime"", ""Mystery"", ""Romance""]",24,0.706,0.15
USR-10171,3.99,30.55,"[""Comedy"", ""Drama""]",5,0.476,0.56
USR-10550,6.41,29.62,"[""Comedy"", ""Drama""]",4,0.263,0.576
USR-4632,7.57,27.8,"[""Comedy"", ""Animation""]",27,0.727,0.436
USR-10756,3.14,41.92,"[""Comedy""]",5,0.553,0.754
USR-8298,22.6,76.79,"[""Mystery"", ""Sci-Fi"", ""Romance""]",31,0.699,0.254
USR-7273,30.86,51.01,"[""Drama"", ""Sci-Fi"", ""Mystery"", ""Documentary""]",33,0.724,0.542
USR-1425,35.3,,"[""Sci-Fi"", ""Action""]",21,0.877,0.261
USR-1393,28.93,88.66,"[""Action"", ""Thriller"", ""Sci-Fi"", ""Crime""]",25,0.769,0.392
USR-4192,40.95,96.95,"[""Action"", ""Sci-Fi""]",17,0.858,0.283
USR-1017,36.56,96.22,"[""Action"", ""Thriller""]",24,0.757,0.534
USR-7336,27.52,40.9,"[""Crime"", ""Mystery"", ""Sci-Fi"", ""Adventure""]",19,0.724,0.594
USR-5201,9.6,28.31,"[""Animation"", ""Comedy""]",20,0.714,0.294
USR-3673,42.93,,"[""Sci-Fi"", ""Thriller""]",18,0.899,0.389
USR-3445,37.68,74.99,"[""Action"", ""Sci-Fi""]",30,0.846,0.49
USR-7698,16.84,59.53,"[""Crime"", ""Drama"", ""Sci-Fi"", ""Romance"", ""Documentary""]",26,0.766,0.471
USR-7165,19.07,49.81,"[""Sci-Fi"", ""Crime"", ""Documentary"", ""Drama"", ""Mystery""]",29,0.771,0.291
USR-3602,39.82,104.58,"[""Thriller"", ""Action""]",32,0.873,0.313
USR-4494,6.11,25.74,"[""Comedy"", ""Animation""]",19,0.709,0.374
USR-7045,32.26,55.21,[],26,0.75,0.271
USR-2460,29.49,102.68,"[""Action"", ""Thriller""]",30,0.86,0.58
USR-4805,7.65,23.91,"[""Animation"", ""Comedy""]",14,0.707,0.539
USR-10944,3.26,19.74,"[""Family""]",4,0.443,0.608
USR-8395,16.68,41.27,"[""Mystery"", ""Crime"", ""Sci-Fi"", ""Adventure"", ""Documentary""]",22,0.843,0.529
USR-5840,11.29,24.88,"[""Animation"", ""Comedy""]",16,0.724,0.44
USR-1594,41.68,83.88,"[""Action"", ""Sci-Fi"", ""Thriller"", ""Adventure""]",18,0.918,0.462
USR-4836,4.75,31.26,"[""Animation"", ""Comedy""]",19,0.609,0.314
USR-10409,1.58,39.77,"[""Family""]",5,0.442,0.69
USR-6684,10.2,33.5,"[""Comedy"", ""Animation""]",24,0.821,0.356
USR-9841,2.01,33.99,"[""Comedy"", ""Family""]",3,0.299,0.668
USR-6828,6.18,29.71,"[""Animation"", ""Comedy""]",23,0.77,0.238
USR-10847,5.88,37.25,"[""Comedy"", ""Family""]",9,0.135,0.486
USR-8962,21.4,61.16,"[""Crime"", ""Sci-Fi"", ""Documentary""]",21,0.708,0.681
USR-5725,,16.43,"[""Comedy""]",20,0.628,0.255
USR-9852,3.19,19.39,"[""Drama""]",7,0.52,0.733
USR-6888,10.32,26.01,"[""Comedy"", ""Romance""]",25,0.667,0.281
USR-3356,38.92,104.37,"[""Action"", ""Sci-Fi"", ""Thriller""]",21,0.77,0.401
USR-7037,20.85,68.83,"[""Documentary"", ""Sci-Fi"", ""Romance""]",29,0.75,0.529
USR-5799,7.03,22.94,"[""Comedy""]",25,0.586,0.128
USR-3443,47.0,86.36,"[""Action"", ""Thriller"", ""Sci-Fi""]",31,0.743,0.48
USR-9738,,35.46,"[""Comedy""]",5,0.457,0.744
USR-5593,10.0,26.21,"[""Animation"", ""Comedy""]",24,0.395,0.307
USR-9865,2.9,25.32,"[""Family"", ""Drama""]",6,0.341,0.855
USR-1465,39.2,86.87,"[""Action"", ""Sci-Fi"", ""Adventure""]",23,0.764,0.199
USR-1164,40.32,109.14,"[""Thriller"", ""Sci-Fi""]",34,0.727,0.447
USR-10357,3.91,17.81,"[""Comedy"", ""Drama""]",5,0.499,0.596
USR-10531,2.51,37.0,"[""Drama"", ""Family""]",5,0.282,0.7
USR-9495,2.14,31.02,"[""Drama"", ""Comedy""]",5,0.362,0.699
USR-10876,2.28,26.91,"[""Comedy""]",6,0.531,0.73
USR-10576,1.72,32.06,"[""Family""]",5,0.177,0.773
USR-8381,22.2,53.39,"[""Sci-Fi"", ""Mystery"", ""Adventure"", ""Documentary""]",18,0.834,0.372
USR-7637,29.02,64.98,"[""Sci-Fi"", ""Romance"", ""Crime"", ""Documentary"", ""Mystery""]",34,0.694,0.407
USR-1242,31.28,103.33,"[""Thriller"", ""Sci-Fi"", ""Crime""]",26,0.854,0.675
USR-3010,29.04,94.31,"[""Action"", ""Thriller"", ""Sci-Fi""]",37,0.777,0.539
USR-7357,28.2,62.98,"[""Adventure"", ""Documentary"", ""Romance"", ""Drama"", ""Mystery""]",26,0.709,0.422
USR-4085,48.38,110.68,"[""Thriller"", ""Action"", ""Sci-Fi""]",18,0.879,0.399
USR-7209,27.03,47.34,"[""Documentary"", ""Adventure"", ""Romance"", ""Crime"", ""Sci-Fi""]",28,0.858,0.541
USR-1901,39.76,92.56,"[""Action"", ""Thriller""]",31,0.885,0.362
USR-6543,9.01,20.53,"[""Animation"", ""Comedy""]",22,0.604,0.365
USR-7008,25.62,52.02,"[""Adventure"", ""Romance"", ""Drama""]",23,0.816,0.422
USR-8994,26.98,54.92,"[""Crime"", ""Sci-Fi"", ""Romance"", ""Drama"", ""Adventure""]",30,0.721,0.727
USR-8639,27.09,43.92,"[""Romance"", ""Crime"", ""Sci-Fi"", ""Documentary"", ""Drama""]",22,0.823,0.437
USR-7794,22.25,70.02,"[""Romance"", ""Mystery"", ""Adventure"", ""Crime""]",29,0.874,0.225
USR-9895,1.54,46.58,"[""Drama""]",4,0.301,0.644
USR-8759,31.63,50.26,"[""Drama"", ""Sci-Fi"", ""Crime""]",21,0.793,0.527
USR-5838,6.78,17.37,"[""Animation""]",15,0.639,0.443
USR-3294,41.28,90.81,"[""Action"", ""Sci-Fi"", ""Thriller""]",28,0.815,0.45
USR-7549,33.26,54.03,"[""Crime"", ""Romance"", ""Sci-Fi"", ""Mystery""]",22,0.843,0.479
USR-8899,27.4,62.16,"[""Crime"", ""Sci-Fi"", ""Adventure""]",27,0.769,0.71
USR-10992,0.5,39.09,"[""Drama""]",7,0.327,0.574
USR-5482,14.33,22.38,"[""Animation""]",20,0.625,0.401
USR-6303,10.6,16.9,"[""Animation"", ""Comedy""]",14,0.656,0.35
USR-5606,8.73,28.11,"[""Comedy""]",22,0.627,0.446
USR-4717,4.77,23.41,"[""Comedy"", ""Animation""]",20,0.48,0.314
USR-10166,2.19,42.72,"[""Drama"", ""Family""]",8,0.412,0.746
USR-7141,33.77,44.8,"[""Documentary"", ""Adventure"", ""Drama"", ""Crime""]",24,0.793,0.581
USR-2765,45.89,90.82,"[""Thriller"", ""Action""]",22,0.856,0.356
USR-7599,22.02,60.67,"[""Mystery"", ""Crime"", ""Sci-Fi"", ""Adventure"", ""Documentary""]",24,0.711,0.363
USR-2550,40.42,94.31,"[""Action"", ""Thriller"", ""Sci-Fi""]",23,0.773,0.556
USR-4030,34.56,,"[""Sci-Fi"", ""Action"", ""Thriller""]",13,0.801,0.658
USR-9746,2.15,33.21,"[""Drama""]",6,0.418,0.648
USR-7299,22.88,,"[""Mystery"", ""Drama"", ""Sci-Fi""]",24,0.747,0.526
USR-7663,25.63,85.8,"[""Adventure"", ""Romance"", ""Crime""]",39,0.856,0.35
USR-7627,27.42,63.63,"[""Crime"", ""Documentary"", ""Romance"", ""Sci-Fi"", ""Drama""]",18,0.662,0.394
USR-3045,43.57,78.98,"[""Sci-Fi"", ""Action"", ""Thriller""]",34,0.845,0.333
USR-1768,53.89,103.89,"[""Sci-Fi"", ""Action""]",17,0.904,0.425
USR-6694,4.85,26.23,"[""Animation"", ""Comedy""]",21,0.548,0.459
USR-8871,21.81,63.4,"[""Romance"", ""Mystery"", ""Sci-Fi""]",35,0.874,0.468
USR-8796,30.77,60.19,"[""Mystery"", ""Sci-Fi"", ""Romance"", ""Documentary"", ""Drama""]",18,0.777,0.416
USR-2509,33.81,89.58,"[""Sci-Fi"", ""Action""]",27,0.875,0.488
USR-8231,,62.75,"[""Mystery"", ""Drama"", ""Adventure"", ""Romance""]",32,0.671,0.445
USR-8858,35.02,59.95,"[""Mystery"", ""Romance"", ""Sci-Fi"", ""Crime""]",40,0.918,0.494
USR-4303,9.36,21.2,"[""Animation"", ""Comedy""]",23,0.754,0.4
USR-5518,7.84,17.09,"[""Animation"", ""Comedy"", ""Romance""]",24,0.628,0.19
USR-5220,9.2,25.68,"[""Animation""]",16,0.692,0.255
USR-10173,2.42,11.09,"[""Comedy""]",6,0.472,0.837
USR-9167,33.98,81.72,"[""Documentary"", ""Drama"", ""Sci-Fi"", ""Adventure"", ""Mystery""]",26,0.87,0.461
USR-4293,4.08,27.58,"[""Comedy""]",10,0.571,0.276
USR-1820,40.99,74.11,,29,0.854,0.546
USR-2404,28.07,108.95,"[""Thriller"", ""Sci-Fi""]",28,0.773,0.485
USR-2383,30.52,65.35,"[""Sci-Fi"", ""Action"", ""Thriller""]",24,0.924,0.372
USR-3149,43.14,101.21,"[""Thriller"", ""Sci-Fi""]",25,0.915,0.359
USR-7929,31.49,54.25,"[""Crime"", ""Sci-Fi"", ""Adventure""]",40,0.667,0.663
USR-6672,9.28,18.63,"[""Comedy"", ""Romance""]",21,0.348,0.325
USR-2639,23.61,69.72,"[""Sci-Fi"", ""Thriller"", ""Action""]",25,0.807,0.34
USR-6892,3.24,21.47,"[""Comedy"", ""Animation""]",21,0.503,0.195
USR-8428,30.81,54.92,"[""Documentary"", ""Crime"", ""Drama"", ""Silent Cinema""]",25,0.687,0.54
USR-1609,34.2,80.11,"[""Action"", ""Sci-Fi""]",23,0.81,0.375
USR-7908,,42.17,"[""Romance"", ""Adventure"", ""Sci-Fi""]",23,0.844,0.458
USR-1400,41.46,94.67,"[""Action"", ""Sci-Fi""]",27,0.809,0.423
USR-8248,24.73,35.0,"[""Sci-Fi"", ""Crime"", ""Documentary"", ""Mystery""]",35,0.782,0.408
USR-7407,16.87,54.7,"[""Romance"", ""Mystery"", ""Crime""]",23,0.794,0.499
USR-1883,41.36,86.48,"[""Sci-Fi"", ""Action""]",28,0.786,0.529
USR-4566,9.14,23.27,"[""Comedy"", ""Romance""]",24,0.657,0.467
USR-5286,11.3,29.6,"[""Comedy"", ""Animation""]",18,0.413,0.362
USR-2180,30.05,102.25,"[""Thriller"", ""Action""]",32,0.894,0.382
USR-6449,10.93,28.8,"[""Comedy"", ""Animation""]",22,0.779,0.278
USR-5245,7.87,20.74,"[""Animation"", ""Comedy""]",22,0.76,0.354
USR-6219,7.69,26.66,"[""Comedy"", ""Animation""]",22,0.454,0.599
USR-4977,5.48,15.25,"[""Comedy"", ""Animation"", ""Romance""]",19,0.487,0.354
USR-3131,54.52,70.24,[],22,0.864,0.248
USR-6079,8.15,22.92,"[""Comedy"", ""Animation""]",19,0.65,0.5
USR-1457,36.52,94.65,"[""Sci-Fi"", ""Thriller""]",20,0.851,0.433
USR-6583,13.3,29.1,"[""Animation""]",24,0.765,0.408
USR-6176,12.95,30.22,"[""Animation"", ""Romance""]",15,0.581,0.441
USR-1690,31.7,,"[""Thriller"", ""Sci-Fi""]",39,0.913,0.399
USR-10639,,14.76,"[""Drama"", ""Comedy""]",4,0.358,0.707
USR-7526,20.35,54.15,"[""Drama"", ""Sci-Fi"", ""Adventure""]",30,0.86,0.512
USR-10920,2.61,20.34,"[""Comedy""]",5,0.357,0.581
USR-7489,26.63,65.43,"[""Mystery"", ""Drama"", ""Crime"", ""Sci-Fi""]",29,0.751,0.657
USR-8155,32.14,42.15,[],25,0.719,0.556
USR-9514,1.54,38.31,"[""Comedy"", ""Family""]",8,0.159,0.743
USR-7611,29.18,73.77,"[""Crime"", ""Adventure"", ""Romance"", ""Drama""]",16,0.805,0.553
USR-10265,4.38,44.05,[],9,0.371,0.484
USR-5350,10.2,23.5,"[""Comedy"", ""Animation""]",17,0.811,0.448
USR-2885,41.72,94.8,"[""Sci-Fi"", ""Thriller"", ""Action""]",26,0.945,0.526
USR-9732,4.06,40.81,"[""Drama"", ""Comedy""]",4,0.324,0.763
USR-3495,31.69,89.77,"[""Action"", ""Thriller""]",20,0.739,0.458
USR-6948,21.99,66.58,"[""Crime"", ""Sci-Fi"", ""Romance"", ""Mystery"", ""Drama""]",25,0.785,0.687
USR-4037,42.93,108.64,"[""Action"", ""Sci-Fi""]",24,0.863,0.242
USR-6778,5.58,18.96,"[""Comedy"", ""Animation""]",31,0.689,0.355
USR-1846,35.99,96.76,"[""Sci-Fi"", ""Action"", ""Thriller""]",15,0.818,0.339
USR-8968,28.23,69.05,"[""Documentary"", ""Drama"", ""Sci-Fi"", ""Crime"", ""Adventure""]",18,0.789,0.561
USR-9576,2.44,28.33,"[""Drama""]",5,0.142,0.713
USR-8341,17.55,49.28,"[""Sci-Fi"", ""Mystery"", ""Documentary""]",17,0.707,0.451
USR-10102,1.51,41.81,"[""Drama""]",4,0.451,0.694
USR-9942,4.93,32.22,"[""Drama"", ""Comedy""]",1,0.573,0.578
USR-8138,28.83,54.27,"[""Sci-Fi"", ""Drama"", ""Crime"", ""Adventure"", ""Romance""]",21,0.758,0.401
USR-3965,30.25,102.97,"[""Sci-Fi"", ""Thriller""]",23,0.881,0.526
USR-3530,27.6,103.85,"[""Action"", ""Thriller"", ""Sci-Fi""]",27,0.922,0.611
USR-6773,8.53,27.68,"[""Comedy"", ""Animation""]",23,0.678,0.57
USR-2049,34.14,91.84,"[""Action"", ""Sci-Fi"", ""Thriller""]",17,0.996,0.222
USR-8046,,57.48,"[""Documentary"", ""Sci-Fi"", ""Mystery"", ""Crime"", ""Romance""]",33,0.719,0.685
USR-2961,47.5,77.69,"[""Sci-Fi"", ""Action""]",26,0.94,0.49
USR-3531,52.08,81.24,"[""Sci-Fi"", ""Action"", ""Thriller""]",20,0.854,0.4
USR-5918,12.03,22.93,"[""Comedy""]",21,0.721,0.161
USR-6902,28.34,70.29,"[""Adventure"", ""Romance"", ""Documentary"", ""Crime"", ""Drama""]",30,0.678,0.534
USR-5260,8.15,26.54,"[""Animation"", ""Comedy""]",21,0.644,0.226
USR-6657,12.88,17.44,"[""Comedy""]",21,0.685,0.379
USR-7098,34.87,71.87,,34,0.834,0.825
USR-6908,19.06,59.79,"[""Mystery"", ""Sci-Fi"", ""Crime"", ""Adventure""]",29,0.734,0.422
USR-8374,24.51,67.76,"[""Mystery"", ""Drama"", ""Romance""]",25,0.754,0.377
USR-3979,28.46,101.07,"[""Sci-Fi"", ""Action"", ""Thriller""]",35,0.952,0.397
USR-9955,4.35,34.35,"[""Drama""]",8,0.295,0.53
USR-10397,4.57,26.98,"[""Family""]",2,0.391,0.847
USR-7722,18.89,49.55,"[""Sci-Fi"", ""Adventure"", ""Romance"", ""Documentary"", ""Drama""]",21,0.727,0.458
USR-8843,27.46,42.07,"[""Mystery"", ""Sci-Fi"", ""Crime"", ""Documentary"", ""Adventure""]",27,0.577,0.574
USR-9859,3.19,31.66,"[""Drama""]",9,0.501,0.719
USR-4139,38.78,101.18,"[""Sci-Fi"", ""Action""]",23,0.83,0.414
USR-7192,19.45698381820457,61.61,"[""Sci-Fi"", ""Drama"", ""Documentary"", ""Mystery"", ""Romance""]",36,0.769,0.368
USR-2827,31.84,98.17,"[""Action"", ""Thriller"", ""Sci-Fi""]",30,0.867,0.34
USR-6549,10.65,20.53,"[""Comedy""]",22,0.802,0.425
USR-1561,46.19,104.65,"[""Sci-Fi"", ""Thriller"", ""Action""]",36,1.0,0.302
USR-9900,3.77,23.69,"[""Comedy"", ""Drama""]",6,0.478,0.731
USR-6436,9.92,30.45,"[""Comedy"", ""Animation""]",26,0.678,0.41
USR-5438,9.33,30.04,"[""Comedy""]",23,0.614,0.291
USR-2443,29.96,103.65,"[""Action"", ""Sci-Fi"", ""Thriller""]",29,0.742,0.468
USR-5407,8.36,23.0,"[""Animation"", ""Comedy""]",10,0.677,0.248
USR-10631,3.64,25.68,"[""Comedy""]",6,0.285,0.609
USR-2690,42.65,94.21,"[""Action"", ""Thriller"", ""Sci-Fi""]",21,0.91,0.491
USR-10966,3.14,43.37,"[""Family""]",5,0.424,0.676
USR-10089,1.55,19.15,"[""Drama"", ""Family""]",1,0.37,0.766
USR-6963,30.93,48.35,"[""Drama"", ""Romance"", ""Adventure"", ""Documentary""]",18,0.821,0.482
USR-3497,35.54,103.18,"[""Thriller"", ""Action""]",26,0.772,0.536
USR-9288,29.54,63.49,"[""Drama"", ""Romance"", ""Sci-Fi""]",24,0.829,0.575
USR-1341,45.03,88.87,"[""Thriller"", ""Sci-Fi"", ""Action""]",29,0.775,0.455
USR-3409,32.42,86.17,"[""Sci-Fi"", ""Thriller""]",33,0.844,0.634
USR-9448,,32.46,"[""Drama"", ""Comedy""]",7,0.471,0.732
USR-6783,7.95,15.4,"[""Comedy"", ""Animation""]",13,0.393,0.367
USR-5577,8.36,-29.54029978560341,"[""Animation"", ""Comedy""]",21,0.729,0.417
USR-4726,12.6,20.77,"[""Animation"", ""Comedy""]",18,0.613,0.483
USR-3786,37.53,55.74,"[""Sci-Fi"", ""Thriller"", ""Action""]",20,0.816,0.436
USR-2013,43.34,78.43,"[""Sci-Fi"", ""Thriller""]",23,0.968,0.333
USR-6281,12.17,19.4,"[""Comedy"", ""Animation""]",15,0.697,0.28
USR-5896,10.93,19.35,"[""Animation"", ""Comedy"", ""Romance""]",23,0.427,0.245
USR-8122,33.42,56.02,"[""Documentary"", ""Mystery"", ""Romance""]",25,0.713,0.466
USR-7550,16.51,62.88,"[""Romance"", ""Mystery"", ""Crime"", ""Adventure"", ""Drama""]",26,0.723,0.556
USR-5038,9.25,23.96,"[""Animation"", ""Comedy""]",20,0.613,0.434
USR-1149,46.31,77.44,"[""Sci-Fi"", ""Action"", ""Thriller""]",28,0.766,0.358
USR-1286,49.84,88.72,"[""Action"", ""Sci-Fi"", ""Thriller"", ""Crime""]",27,0.929,0.412
USR-10750,3.48,44.89,"[""Family"", ""Drama""]",6,0.331,0.542
USR-9500,4.11,27.72,"[""Family""]",6,0.44,0.695
USR-7771,14.12,44.07,"[""Adventure"", ""Drama"", ""Mystery"", ""Romance"", ""Documentary""]",35,0.715,0.383
USR-5444,10.41,28.6,"[""Animation""]",18,0.693,0.1
USR-8447,25.27,54.21,"[""Mystery"", ""Adventure"", ""Drama"", ""Documentary"", ""Romance""]",21,0.771,0.201
USR-1237,40.23,96.04,"[""Action"", ""Sci-Fi""]",23,0.706,0.275
USR-10683,3.6,21.77,"[""Comedy"", ""Drama""]",8,0.464,0.606
USR-8124,12.0,56.51,"[""Adventure"", ""Documentary"", ""Crime""]",28,0.813,0.469
USR-10848,2.75,50.02,"[""Comedy""]",10,0.308,0.737
USR-4084,44.81,80.64,"[""Sci-Fi"", ""Thriller"", ""Action""]",23,0.802,0.545
USR-1633,43.04,97.38,"[""Thriller"", ""Action"", ""Sci-Fi"", ""Crime""]",19,0.87,0.302
USR-7814,18.62,64.74,"[""Mystery"", ""Romance"", ""Crime"", ""Sci-Fi"", ""Documentary""]",25,0.932,0.48
USR-3494,39.99,106.29,"[""Action"", ""Thriller"", ""Adventure""]",28,0.81,0.537
USR-3666,31.52,98.06,"[""Sci-Fi"", ""Action""]",22,0.974,0.317
USR-9585,1.7,28.64,"[""Drama"", ""Comedy""]",4,0.458,0.718
USR-9515,1.49,29.29,"[""Drama"", ""Family""]",5,0.287,0.678
USR-9563,4.8,27.12,"[""Family"", ""Drama""]",3,0.3,0.751
USR-5212,11.19,27.41,"[""Comedy"", ""Animation""]",26,0.593,0.394
USR-4875,12.38,26.69,"[""Comedy"", ""Animation""]",20,0.645,0.304
USR-3818,34.85,-15.04701473711761,"[""Thriller"", ""Action""]",30,0.79,0.562
USR-10025,3.64,36.36,"[""Drama"", ""Comedy""]",6,0.343,0.7
USR-10914,3.29,25.88,"[""Family""]",6,0.152,0.861
USR-8427,30.25,53.53,"[""Drama"", ""Mystery"", ""Crime"", ""Adventure""]",34,0.824,0.425
USR-9695,1.57,25.7,"[""Family"", ""Drama""]",4,0.262,0.601
USR-9566,3.5,37.76,"[""Drama""]",2,0.266,0.737
USR-10294,2.01,36.52,"[""Family""]",8,0.558,0.928
USR-2736,34.29,78.17,"[""Thriller"", ""Action"", ""Crime""]",5,0.774,0.383
USR-8398,21.3,74.16,"[""Drama"", ""Adventure"", ""Romance"", ""Sci-Fi""]",23,0.85,0.446
USR-5256,9.12,23.8,"[""Animation"", ""Comedy""]",26,0.802,0.415
USR-9377,4.55,27.09,"[""Family""]",6,0.337,0.686
USR-3476,47.96,76.25,"[""Action"", ""Thriller"", ""Sci-Fi"", ""Crime""]",20,0.795,0.416
USR-5176,11.384580995522382,27.86,"[""Animation""]",15,0.622,0.524
USR-4714,10.95,29.62,"[""Comedy""]",22,0.547,0.411
USR-10073,,17.97,"[""Family""]",3,0.402,0.666
USR-2805,50.58,93.5,"[""Action"", ""Thriller""]",23,0.818,0.269
USR-1708,45.45,92.67,"[""Thriller"", ""Action"", ""Sci-Fi"", ""Adventure""]",18,0.753,0.452
USR-10287,2.53,33.98,"[""Drama""]",9,0.337,0.737
USR-6190,9.59,33.95,"[""Animation"", ""Comedy""]",11,0.819,0.1
USR-6473,8.73,15.61,"[""Animation"", ""Comedy""]",25,0.805,0.498
USR-1073,37.5,75.05,"[""Sci-Fi"", ""Action""]",21,0.854,0.334
USR-8844,30.7,46.55,"[""Drama"", ""Sci-Fi"", ""Crime"", ""Romance""]",20,0.764,0.561
USR-6102,8.08,15.73,"[""Animation"", ""Comedy""]",22,0.655,0.451
USR-7765,26.72,49.5,"[""Romance"", ""Crime"", ""Documentary"", ""Adventure"", ""Sci-Fi""]",26,0.714,0.693
USR-2126,44.36,127.08,"[""Action"", ""Thriller""]",22,1.0,0.394
USR-2242,27.4,94.49,"[""Sci-Fi"", ""Thriller"", ""Action""]",25,0.957,0.468
USR-9342,5.39,28.23,"[""Family""]",7,0.324,0.702
USR-3350,47.2,90.23,"[""Sci-Fi"", ""Thriller""]",26,0.775,0.401
USR-7603,29.79,62.22,"[""Adventure"", ""Romance"", ""Sci-Fi"", ""Mystery"", ""Documentary""]",28,0.729,0.655
USR-7781,18.96,46.69,"[""Mystery"", ""Sci-Fi"", ""Documentary""]",24,0.812,0.402
USR-5359,7.06,32.98,"[""Comedy"", ""Animation""]",13,0.593,0.304
USR-2344,52.2,83.39,"[""Thriller"", ""Action""]",20,0.868,0.532
USR-7872,23.21043698386492,47.0,"[""Crime"", ""Sci-Fi"", ""Documentary""]",22,0.666,0.507
USR-9772,3.71,41.9,"[""Drama"", ""Comedy""]",8,0.205,0.851
USR-10673,1.38,35.2,"[""Drama""]",5,0.345,0.884
USR-7653,25.84,82.53,"[""Drama"", ""Mystery"", ""Romance""]",29,0.82,0.522
USR-2101,34.56,97.94,"[""Action"", ""Sci-Fi""]",31,0.907,0.298
USR-8328,22.92,62.67,"[""Romance"", ""Documentary"", ""Adventure"", ""Sci-Fi""]",33,0.922,0.508
USR-8623,28.34,71.19,"[""Crime"", ""Drama"", ""Sci-Fi"", ""Adventure"", ""Romance""]",25,0.693,0.27
USR-1988,45.07,85.59,"[""Sci-Fi"", ""Thriller""]",27,0.765,0.522
USR-3853,45.68,104.7,"[""Thriller"", ""Sci-Fi"", ""Adventure""]",28,0.796,0.437
USR-1631,45.65,99.67,"[""Sci-Fi"", ""Thriller""]",19,0.767,0.431
USR-2250,38.94,99.45,"[""Action"", ""Sci-Fi"", ""Crime""]",21,0.782,0.403
USR-4180,44.33,103.58,"[""Thriller"", ""Sci-Fi""]",20,0.839,0.392
USR-1483,41.28,88.64,"[""Action"", ""Sci-Fi"", ""Crime""]",22,0.838,0.306
USR-4041,30.55,88.19,"[""Action"", ""Sci-Fi""]",26,0.793,0.428
USR-6011,6.31,41.87,"[""Animation"", ""Comedy""]",18,0.766,0.464
USR-9820,2.69,41.75,"[""Drama""]",6,0.41,0.82
USR-8001,26.76,62.31,"[""Romance"", ""Mystery"", ""Drama"", ""Adventure"", ""Crime""]",30,0.822,0.181
USR-4274,7.94,18.85,"[""Animation""]",17,0.731,0.344
USR-8228,35.38,54.68,"[""Documentary"", ""Crime"", ""Adventure"", ""Sci-Fi""]",13,0.785,0.293
USR-4684,8.06,20.0,"[""Comedy"", ""Animation"", ""Romance""]",28,0.538,0.115
USR-7675,23.86,80.38,"[""Sci-Fi"", ""Adventure"", ""Documentary"", ""Crime"", ""Drama""]",30,0.7,0.446
USR-7808,24.19,72.38,"[""Mystery"", ""Sci-Fi"", ""Drama"", ""Crime"", ""Adventure""]",26,0.98,0.42
USR-10837,2.49,27.76,"[""Comedy""]",7,0.483,0.796
USR-2317,34.13,100.21,"[""Thriller"", ""Sci-Fi"", ""Action""]",20,0.796,0.483
USR-4226,9.5,23.7,"[""Animation"", ""Comedy"", ""Romance""]",20,0.64,0.35
USR-2073,32.96,120.77,"[""Action"", ""Thriller""]",19,0.704,0.425
USR-5816,8.61,16.98,"[""Comedy"", ""Animation""]",9,0.556,0.297
USR-9549,3.42,37.68,"[""Comedy"", ""Drama""]",6,0.1,0.672
USR-6753,10.2,17.3,"[""Animation"", ""Comedy""]",20,0.59,0.258
USR-10241,4.25,32.1,"[""Family""]",3,0.37,0.729
USR-5617,6.41,26.49,"[""Comedy""]",22,0.433,0.375
USR-4098,28.24,118.42,"[""Thriller"", ""Action""]",17,0.941,0.387
USR-7870,25.28,66.16,"[""Drama"", ""Romance"", ""Adventure""]",24,0.827,0.423
USR-2301,26.08,97.59,"[""Action"", ""Sci-Fi""]",24,0.899,0.319
USR-8286,30.07,53.14,"[""Adventure"", ""Drama"", ""Mystery"", ""Crime""]",33,0.826,0.527
USR-7285,31.39,45.08,"[""Crime"", ""Romance"", ""Drama"", ""Avant-Garde Doc""]",32,0.681,0.324
USR-6496,10.28,24.43,"[""Animation""]",26,0.486,0.306
USR-6292,7.74,28.01,"[""Comedy""]",27,0.529,0.402
USR-2799,39.52,76.89,"[""Thriller"", ""Action"", ""Sci-Fi""]",25,0.964,0.437
USR-6204,9.46,22.45,"[""Comedy""]",22,0.795,0.433
USR-9228,33.32,59.54,"[""Adventure"", ""Crime"", ""Mystery"", ""Drama"", ""Romance""]",30,0.784,0.421
USR-6048,4.31,26.08,"[""Comedy""]",16,0.669,0.313
USR-7442,27.83,46.72,"[""Sci-Fi"", ""Crime"", ""Romance"", ""Drama""]",33,0.823,0.411
USR-9106,31.53,61.14,"[""Mystery"", ""Drama"", ""Crime"", ""Sci-Fi""]",33,0.873,0.487
USR-3360,41.65,74.95,"[""Action"", ""Sci-Fi"", ""Thriller""]",32,0.736,0.372
USR-10476,4.98,15.84,"[""Comedy"", ""Family""]",3,0.339,0.844
USR-4655,6.2,20.02,"[""Comedy"", ""Animation""]",18,0.663,0.373
USR-8053,23.76,75.04,[],28,0.626,0.523
USR-2287,31.77,94.85,"[""Action"", ""Thriller"", ""Sci-Fi""]",28,0.838,0.245
USR-10222,1.37,42.69,"[""Drama"", ""Family""]",9,0.595,1.0
USR-5446,13.94,21.13,"[""Animation"", ""Comedy""]",30,0.667,0.373
USR-3138,44.25,77.3,"[""Sci-Fi"", ""Thriller""]",21,0.904,0.481
USR-7788,23.25,64.05,"[""Mystery"", ""Crime"", ""Drama""]",25,0.902,0.295
USR-10851,3.77,34.22,"[""Drama"", ""Comedy""]",3,0.368,0.739
USR-9602,2.58,28.11,"[""Comedy"", ""Family""]",6,0.341,0.968
USR-10062,2.36,50.49,"[""Drama"", ""Family""]",5,0.478,0.704
USR-7895,18.34,63.36,"[""Documentary"", ""Mystery"", ""Romance"", ""Crime"", ""Adventure""]",25,0.813,0.59
USR-9662,3.26,36.34,"[""Drama"", ""Comedy""]",9,0.516,0.731
USR-8152,33.49,47.82,"[""Adventure"", ""Romance"", ""Documentary"", ""Drama""]",30,0.786,0.398
USR-1964,37.69,97.41,"[""Action"", ""Sci-Fi""]",33,0.838,0.354
USR-7013,25.89,49.61,"[""Sci-Fi"", ""Mystery"", ""Adventure"", ""Documentary"", ""Crime""]",32,0.821,0.509
USR-5883,7.22,25.9,"[""Animation"", ""Comedy"", ""Romance""]",23,0.479,0.402
USR-1141,44.0,94.51,"[""Sci-Fi"", ""Action""]",28,0.75,0.558
USR-10127,2.42,21.52,"[""Family""]",5,0.333,0.741
USR-7937,21.79,75.08,"[""Mystery"", ""Adventure"", ""Romance"", ""Crime""]",22,0.711,0.658
USR-7543,32.5,,"[""Drama"", ""Romance"", ""Mystery"", ""Crime"", ""Sci-Fi""]",19,0.788,0.448
USR-6244,10.12,23.6,"[""Comedy"", ""Animation""]",18,0.499,0.311
USR-5432,11.19,25.36,"[""Comedy""]",20,0.599,0.305
USR-1407,36.92,94.84,"[""Action"", ""Thriller"", ""Sci-Fi""]",25,0.929,0.474
USR-9213,25.21,61.79,"[""Adventure"", ""Documentary"", ""Mystery""]",18,0.944,0.397
USR-9465,4.41,33.18,"[""Family""]",5,0.572,0.954
USR-9720,3.17,27.09,"[""Drama"", ""Comedy""]",6,0.349,0.781
USR-9235,,75.61,"[""Mystery"", ""Adventure"", ""Drama"", ""Documentary""]",35,0.839,0.544
USR-5400,8.52,28.07,"[""Animation"", ""Romance""]",12,0.492,0.417
USR-6253,8.44,19.35,"[""Animation"", ""Comedy""]",21,0.816,0.276
USR-1012,43.52,86.42,"[""Sci-Fi"", ""Action""]",24,0.736,0.524
USR-5761,10.71,18.81,"[""Animation"", ""Comedy""]",18,0.589,0.496
USR-2178,49.56,116.33,"[""Thriller"", ""Action""]",27,0.877,0.407
USR-3864,42.18,88.1,"[""Thriller"", ""Sci-Fi"", ""Crime""]",18,0.897,0.443
USR-7472,21.75,68.22,"[""Crime"", ""Sci-Fi"", ""Mystery""]",37,0.747,0.366
USR-7229,28.05,67.49,"[""Romance"", ""Sci-Fi"", ""Documentary"", ""Adventure""]",31,0.889,0.364
USR-3990,28.89,129.85,"[""Sci-Fi"", ""Action"", ""Adventure""]",20,0.819,0.437
USR-8118,21.86,,"[""Documentary"", ""Adventure"", ""Sci-Fi""]",30,0.746,0.463
USR-8011,26.66,68.76,"[""Crime"", ""Drama"", ""Documentary""]",33,0.93,0.483
USR-9650,4.59,43.31,"[""Drama"", ""Comedy""]",5,0.393,0.885
USR-2441,42.89,59.37,"[""Thriller"", ""Action""]",23,0.888,0.34
USR-10846,1.09,35.54,"[""Drama"", ""Family""]",5,0.319,0.863
USR-3876,45.68,108.05,"[""Thriller"", ""Sci-Fi"", ""Action"", ""Adventure""]",18,0.896,0.496
USR-10194,4.15,22.28,"[""Comedy""]",4,0.388,0.933
USR-9882,4.99,36.33,"[""Drama""]",2,0.436,0.725
USR-8233,24.44,56.61,"[""Adventure"", ""Romance"", ""Crime"", ""Sci-Fi""]",16,0.783,0.422
USR-4727,11.61,21.45,"[""Comedy""]",24,0.737,0.326
USR-3773,40.71,111.47,"[""Action"", ""Sci-Fi"", ""Thriller""]",25,0.938,0.444
USR-1455,41.74,99.89,"[""Thriller"", ""Action"", ""Sci-Fi"", ""Adventure""]",29,0.809,0.202
USR-9190,36.71,54.07,"[""Sci-Fi"", ""Romance"", ""Documentary"", ""Adventure"", ""Crime""]",39,0.888,0.307
USR-2368,25.0,108.12,"[""Sci-Fi"", ""Action"", ""Thriller""]",27,0.929,0.465
USR-4713,11.06,25.31,"[""Animation"", ""Comedy"", ""Romance""]",19,0.77,0.216
USR-10951,4.69,29.26,"[""Comedy""]",6,0.395,0.631
USR-2389,52.25,97.51,"[""Action"", ""Sci-Fi""]",31,0.83,0.286
USR-2001,43.82,75.08,"[""Action"", ""Thriller"", ""Sci-Fi""]",32,0.833,0.223
USR-8762,31.86,53.49,"[""Documentary"", ""Drama"", ""Crime"", ""Adventure"", ""Romance""]",38,0.666,0.606
USR-4554,7.66,24.82,"[""Comedy""]",16,0.609,0.412
USR-5115,11.84,22.8,"[""Comedy"", ""Animation""]",27,0.765,0.136
USR-2668,32.69,77.75,"[""Thriller"", ""Sci-Fi""]",20,0.865,0.602
USR-4174,54.35,103.26,"[""Action"", ""Sci-Fi""]",30,0.946,0.359
USR-10834,5.73,24.81,"[""Comedy""]",5,0.372,0.766
USR-1489,45.99,112.34,"[""Sci-Fi"", ""Thriller"", ""Action""]",19,0.783,0.406
USR-4231,8.96,22.62,"[""Animation"", ""Comedy"", ""Romance""]",22,0.691,0.49
USR-4829,3.37,25.06,"[""Comedy"", ""Animation""]",25,0.698,0.306
USR-9744,4.13,32.4,"[""Comedy""]",8,0.288,0.423
USR-6209,6.43,21.91,"[""Animation""]",17,0.571,0.528
USR-8849,26.51,56.25,"[""Drama"", ""Romance"", ""Crime""]",37,0.741,0.442
USR-6705,11.81,25.53,"[""Comedy"", ""Romance""]",20,0.598,0.264
USR-10738,4.98,39.37,"[""Family""]",7,0.567,0.777
USR-9134,27.13,62.53,"[""Drama"", ""Crime"", ""Romance"", ""Mystery""]",35,0.805,0.556
USR-1704,32.47,85.97,"[""Thriller"", ""Sci-Fi"", ""Crime""]",23,0.769,0.501
USR-6106,7.97,,"[""Animation"", ""Comedy""]",17,0.533,0.4
USR-9987,3.5,30.52,"[""Drama""]",7,0.36,0.805
USR-4292,13.85,21.2,"[""Comedy"", ""Animation""]",13,0.613,0.443
USR-9126,22.78,58.48,"[""Drama"", ""Mystery"", ""Adventure"", ""Crime""]",21,0.779,0.466
USR-10730,5.32,58.0,"[""Comedy"", ""Drama""]",3,0.54,0.775
USR-10116,3.47,38.24,"[""Family""]",4,0.316,0.467
USR-5910,10.17,22.32,"[""Animation""]",29,0.522,0.297
USR-5441,10.22,25.29,"[""Comedy"", ""Animation""]",15,0.557,0.481
USR-1987,54.56,110.28,"[""Action"", ""Sci-Fi"", ""Thriller""]",28,0.84,0.347
USR-10791,4.08,24.72,"[""Family"", ""Drama""]",5,0.382,0.456
USR-10157,2.4,38.54,"[""Comedy""]",4,0.558,0.764
USR-8706,24.77,80.28,"[""Romance"", ""Mystery"", ""Drama"", ""Crime"", ""Adventure""]",31,0.803,0.435
USR-7258,24.59,50.33,"[""Romance"", ""Drama"", ""Crime"", ""Documentary"", ""Adventure""]",15,0.851,0.342
USR-7090,,54.82,"[""Drama"", ""Sci-Fi"", ""Adventure"", ""Mystery""]",36,0.759,0.389
USR-6239,9.16,22.15,"[""Comedy""]",20,0.613,0.376
USR-2199,37.47,87.31,"[""Sci-Fi"", ""Thriller"", ""Action""]",14,0.795,0.402
USR-10165,2.29,43.29,"[""Family""]",6,0.406,0.688
USR-8520,25.83,40.78,"[""Drama"", ""Romance"", ""Mystery"", ""Crime""]",21,0.809,0.57
USR-7813,28.19,69.65,"[""Crime"", ""Romance"", ""Documentary"", ""Sci-Fi"", ""Adventure""]",27,0.829,0.472
USR-9321,5.42,43.74,"[""Drama"", ""Family""]",5,0.25,0.775
USR-8176,23.09,69.39,"[""Adventure"", ""Documentary"", ""Sci-Fi"", ""Mystery""]",20,0.857,0.533
USR-5471,3.47,29.04,"[""Comedy"", ""Animation"", ""Romance""]",23,0.83,0.286
USR-1892,35.51,106.55,"[""Action"", ""Thriller"", ""Sci-Fi""]",28,0.714,0.518
USR-2970,24.53,79.1,"[""Action"", ""Thriller"", ""Adventure""]",31,1.0,0.563
USR-6758,9.57,20.04,"[""Comedy"", ""Animation""]",29,0.917,0.457
USR-7528,27.39,42.19,"[""Mystery"", ""Adventure"", ""Documentary"", ""Sci-Fi"", ""Crime""]",20,0.72,0.463
USR-7295,25.38,51.27,"[""Documentary"", ""Sci-Fi"", ""Mystery""]",24,0.889,0.419
USR-8596,16.14,64.82,"[""Documentary"", ""Romance"", ""Drama"", ""Sci-Fi"", ""Adventure""]",29,0.924,0.564
USR-4250,7.27,23.22,"[""Animation"", ""Comedy""]",25,0.599,0.486
USR-7571,27.52,49.59,"[""Crime"", ""Adventure"", ""Sci-Fi""]",32,0.863,0.591
USR-7639,22.57,60.41,"[""Drama"", ""Documentary"", ""Mystery""]",33,0.758,0.366
USR-8352,20.85,59.46,"[""Documentary"", ""Romance"", ""Drama""]",19,0.893,0.577
USR-10268,5.62,28.96,"[""Family""]",4,0.22,0.705
USR-8474,33.58,44.54,"[""Drama"", ""Romance"", ""Documentary"", ""Adventure"", ""Crime""]",35,0.747,0.405
USR-10300,4.53,21.1,"[""Comedy"", ""Drama""]",7,0.21,0.718
USR-9766,1.44,35.67,"[""Family"", ""Drama""]",7,0.134,0.718
USR-2240,53.04,87.45,"[""Sci-Fi"", ""Thriller""]",25,0.836,0.478
USR-3290,36.55,100.76,"[""Thriller"", ""Action"", ""Sci-Fi""]",29,0.815,0.313
USR-3741,37.18,91.12,"[""Sci-Fi"", ""Thriller""]",38,0.815,0.333
USR-9468,4.51,18.37,"[""Comedy""]",5,0.53,0.987
USR-5586,9.33,22.03,"[""Comedy""]",24,0.71,0.256
USR-2230,42.57,83.38,"[""Thriller"", ""Action""]",23,0.852,0.488
USR-7981,20.81,42.94,"[""Documentary"", ""Mystery"", ""Adventure""]",27,0.687,0.397
USR-6179,3.66,30.67,"[""Comedy"", ""Animation""]",18,0.612,0.575
USR-5294,11.37,35.31,"[""Comedy"", ""Animation""]",20,0.453,0.247
USR-2059,32.53,80.15,"[""Thriller"", ""Action""]",12,0.861,0.368
USR-7263,27.92,54.36,"[""Adventure"", ""Drama"", ""Romance""]",38,0.839,0.465
USR-1282,28.4,116.8,[],36,0.897,0.619
USR-1969,42.86,97.23,"[""Action"", ""Sci-Fi"", ""Thriller""]",28,0.804,0.349
USR-4954,13.2,31.07,"[""Animation"", ""Comedy""]",27,0.484,0.417
USR-2940,,111.05,[],25,0.815,0.524
USR-9554,0.1,32.7,"[""Family""]",7,0.2,0.808
USR-2275,47.39,107.91,"[""Action"", ""Sci-Fi""]",25,0.814,0.323
USR-1620,54.16,73.52,"[""Thriller"", ""Sci-Fi""]",23,0.83,0.409
USR-9596,5.05,34.68,"[""Drama""]",3,0.351,0.757
USR-2743,35.86,94.26,"[""Sci-Fi"", ""Action""]",22,1.0,0.336
USR-2391,31.55,110.19,"[""Action"", ""Thriller"", ""Sci-Fi""]",25,0.778,0.439
USR-3204,25.4,74.57,"[""Sci-Fi"", ""Action""]",25,0.919,0.427
USR-4569,7.49,30.96,"[""Comedy"", ""Animation""]",17,0.641,0.405
USR-7117,31.13,87.2,"[""Crime"", ""Romance"", ""Documentary"", ""Adventure"", ""Mystery""]",24,0.873,0.533
USR-9252,29.45001837711966,74.29,"[""Documentary"", ""Adventure"", ""Mystery"", ""Romance"", ""Drama""]",29,0.809,0.499
USR-7053,22.17,56.71,"[""Sci-Fi"", ""Documentary"", ""Adventure"", ""Mystery""]",21,0.696,0.46
USR-4179,35.51,70.65,"[""Action"", ""Thriller""]",28,0.909,0.348
USR-4193,36.83,106.67,"[""Action"", ""Thriller""]",30,0.963,0.448
USR-7100,22.8,57.54,"[""Documentary"", ""Adventure"", ""Sci-Fi""]",25,0.835,0.271
USR-8030,33.04,67.46,"[""Sci-Fi"", ""Romance"", ""Crime""]",16,0.639,0.587
USR-1576,46.22,102.57,"[""Thriller"", ""Sci-Fi""]",26,0.888,0.355
USR-7657,31.73,61.06,"[""Drama"", ""Sci-Fi"", ""Crime"", ""Mystery""]",21,0.835,0.597
USR-8116,28.74,69.68,"[""Adventure"", ""Mystery"", ""Romance"", ""Documentary""]",24,0.674,0.274
USR-9896,5.04,18.88,"[""Comedy""]",4,0.387,0.759
USR-7277,24.44,67.65,"[""Crime"", ""Drama"", ""Romance"", ""Sci-Fi"", ""Documentary""]",26,0.65,0.414
USR-10079,2.11,31.2,"[""Comedy""]",5,0.459,0.695
USR-6898,7.07,25.23,"[""Comedy"", ""Animation""]",18,0.641,0.283
USR-6725,8.75,18.62,"[""Comedy""]",19,0.591,0.201
USR-1270,34.18,96.69,"[""Sci-Fi"", ""Action"", ""Adventure""]",19,0.8,0.422
USR-1630,28.18,70.01,"[""Sci-Fi"", ""Action"", ""Adventure""]",28,0.899,0.437
USR-4082,33.0,76.73,"[""Thriller"", ""Action""]",25,0.928,0.327
USR-4467,7.67,21.83,"[""Comedy"", ""Animation""]",28,0.494,0.324
USR-7431,23.19,63.99,"[""Crime"", ""Romance"", ""Documentary"", ""Mystery""]",13,0.678,0.643
USR-10407,2.28,33.92,"[""Comedy"", ""Family""]",3,0.216,0.836
USR-8063,24.48,53.82,"[""Romance"", ""Mystery"", ""Documentary""]",25,0.836,0.657
USR-10826,4.22,13.44,"[""Drama"", ""Family""]",6,0.314,0.697
USR-6544,10.18,18.84,"[""Comedy"", ""Animation"", ""Romance""]",15,0.689,0.4
USR-5357,6.38,20.99,"[""Comedy""]",25,0.638,0.428
USR-3114,44.96,88.95,"[""Sci-Fi"", ""Thriller"", ""Action""]",30,0.764,0.472
USR-9220,26.32,62.81,"[""Sci-Fi"", ""Documentary"", ""Crime"", ""Adventure""]",33,0.89,0.484
USR-4217,5.52,31.68,"[""Comedy"", ""Animation""]",21,0.396,0.327
USR-4815,7.88,19.2,"[""Comedy"", ""Animation""]",20,0.608,0.245
USR-9322,0.89,30.95,"[""Drama""]",3,0.564,0.752
USR-9682,3.42,52.35,"[""Comedy""]",5,0.222,0.689
USR-3279,51.32,93.4,"[""Thriller"", ""Action""]",23,0.849,0.461
USR-5600,6.62,18.99,"[""Comedy""]",19,0.802,0.331
USR-1014,40.47,82.17,"[""Thriller"", ""Sci-Fi"", ""Action"", ""Adventure""]",23,0.819,0.274
USR-10321,3.78,32.34,"[""Comedy"", ""Family""]",10,0.348,0.737
USR-2526,42.17,103.16,,14,0.783,0.462
USR-3366,32.06,81.43,"[""Thriller"", ""Action"", ""Adventure""]",36,0.846,0.349
USR-5649,5.39,21.18,"[""Comedy"", ""Animation""]",21,0.559,0.363
USR-1375,40.22,70.77,"[""Sci-Fi"", ""Action""]",33,0.757,0.442
USR-9613,4.32,33.25,"[""Drama""]",2,0.331,0.622
USR-7478,20.68,60.6,"[""Sci-Fi"", ""Documentary"", ""Mystery"", ""Adventure"", ""Romance""]",31,0.738,0.223
USR-1526,39.4,96.67,"[""Sci-Fi"", ""Action"", ""Adventure""]",26,0.715,0.439
USR-7896,29.69,66.15,"[""Romance"", ""Crime"", ""Drama"", ""Adventure""]",29,0.814,0.363
USR-4592,10.76,27.91,"[""Comedy""]",20,0.664,0.349
USR-8905,35.51,58.36,"[""Drama"", ""Sci-Fi"", ""Crime"", ""Adventure"", ""Documentary""]",35,0.893,0.613
USR-3959,38.83,98.57,"[""Action"", ""Thriller"", ""Adventure""]",29,0.768,0.359
USR-1530,34.47,92.06,[],29,0.945,0.334
USR-4715,5.24,21.61,"[""Comedy""]",29,0.527,0.439
USR-5733,13.66,21.73,"[""Animation""]",26,0.654,0.1
USR-2395,33.78,78.75,"[""Thriller"", ""Sci-Fi"", ""Action""]",31,0.852,0.574
USR-6632,7.96,23.6,"[""Comedy"", ""Animation""]",14,0.666,0.451
USR-7564,22.82,44.09,"[""Sci-Fi"", ""Mystery"", ""Adventure"", ""Crime""]",33,0.895,0.62
USR-5704,9.29,24.19,"[""Animation"", ""Experimental Indie Noir""]",26,0.418,0.378
USR-2713,49.14,,"[""Sci-Fi"", ""Action"", ""Thriller"", ""Crime""]",24,0.902,0.345
USR-10854,4.39,39.49,"[""Drama""]",6,0.487,0.646
USR-1956,32.5,125.14,"[""Sci-Fi"", ""Action"", ""Thriller""]",22,0.747,0.379
USR-7676,22.47,60.99,"[""Drama"", ""Sci-Fi"", ""Romance""]",24,0.939,0.628
USR-4454,11.5,25.69,"[""Comedy"", ""Animation""]",27,0.654,0.459
USR-3072,40.79,105.55,"[""Sci-Fi"", ""Action"", ""Thriller"", ""Adventure""]",24,0.772,0.577
USR-10839,2.5,30.8,"[""Comedy"", ""Family""]",5,0.289,1.0
USR-1159,44.89,70.01,"[""Action"", ""Thriller"", ""Crime""]",19,0.925,0.322
USR-8006,33.13,48.41,"[""Adventure"", ""Sci-Fi"", ""Drama"", ""Documentary"", ""Romance""]",28,0.792,0.554
USR-1353,36.83,110.32,"[""Action"", ""Sci-Fi""]",29,0.915,0.379
USR-7079,30.55,67.18,"[""Mystery"", ""Drama"", ""Adventure""]",36,0.629,0.572
USR-7237,29.24,76.85,"[""Crime"", ""Drama"", ""Mystery"", ""Adventure""]",20,0.818,0.357
USR-3921,51.04,72.63,"[""Sci-Fi"", ""Thriller"", ""Action""]",22,0.825,0.388
USR-9504,3.97,45.68,"[""Drama""]",5,0.511,0.955
USR-5645,7.89,27.01,"[""Animation"", ""Comedy""]",20,0.617,0.303
USR-1662,33.79,90.39,"[""Action"", ""Thriller""]",28,0.797,0.415
USR-8058,22.12,67.09,"[""Adventure"", ""Romance"", ""Sci-Fi""]",34,0.592,0.502
USR-4666,10.29,20.15,"[""Comedy"", ""Animation""]",24,0.427,0.502
USR-8980,34.9,35.97,"[""Adventure"", ""Romance"", ""Mystery"", ""Drama"", ""Crime""]",32,0.847,0.754
USR-1307,31.64,99.54,"[""Sci-Fi"", ""Action"", ""Adventure""]",24,0.886,0.385
USR-5791,13.47,22.61,"[""Comedy""]",25,0.879,0.365
USR-3357,38.54,107.07,"[""Thriller"", ""Sci-Fi"", ""Action"", ""Adventure""]",14,0.879,0.486
USR-2928,35.79,110.16,"[""Thriller"", ""Action"", ""Sci-Fi""]",27,0.831,0.435
USR-10427,4.48,26.82,"[""Family"", ""Comedy""]",4,0.367,0.573
USR-4428,7.96,14.48,"[""Animation""]",28,0.671,0.281
USR-4639,13.13,28.72,"[""Comedy"", ""Animation""]",19,0.477,0.217
USR-2267,28.3,,"[""Sci-Fi"", ""Action""]",20,0.824,0.6
USR-2561,50.03,101.51,"[""Thriller"", ""Sci-Fi"", ""Action""]",15,0.97,0.578
USR-8180,35.0,74.87,"[""Documentary"", ""Mystery"", ""Romance"", ""Drama""]",23,0.81,0.465
USR-5110,6.14,28.42,"[""Animation"", ""Romance""]",20,0.604,0.263
USR-8868,25.01,61.67,"[""Mystery"", ""Crime"", ""Sci-Fi"", ""Documentary"", ""Romance""]",21,0.762,0.454
USR-5905,8.03,24.23,"[""Animation""]",27,0.674,0.252
USR-8295,21.14,66.35,"[""Sci-Fi"", ""Romance"", ""Crime"", ""Mystery"", ""Documentary""]",35,0.8,0.625
USR-1515,,68.62,"[""Sci-Fi"", ""Thriller""]",29,0.783,0.406
USR-1895,28.47,88.94,"[""Action"", ""Sci-Fi""]",21,0.78,0.539
USR-1022,,103.43,"[""Thriller"", ""Action"", ""Sci-Fi"", ""Adventure""]",27,0.827,0.527
USR-1900,,95.35,"[""Thriller"", ""Sci-Fi"", ""Action""]",24,0.856,0.582
USR-1208,30.3,92.94,"[""Sci-Fi"", ""Action"", ""Thriller""]",28,0.725,0.367
USR-1459,22.51,64.71,"[""Sci-Fi"", ""Action""]",28,0.91,0.328
USR-3431,38.24,107.13,"[""Thriller"", ""Action""]",25,0.797,0.383
USR-9443,3.29,43.62,"[""Drama""]",8,0.466,0.75
USR-4390,2.87,27.68,"[""Comedy"", ""Animation""]",15,0.84,0.307
USR-4912,7.99,19.95,"[""Comedy"", ""Animation""]",19,0.642,0.222
USR-6384,11.28,18.15,"[""Animation""]",19,0.805,0.333
USR-1553,24.04,93.57,"[""Thriller"", ""Action""]",31,0.842,0.325
USR-4145,36.52,70.55,"[""Thriller"", ""Sci-Fi"", ""Action""]",25,0.83,0.471
USR-7918,31.38,61.56,"[""Romance"", ""Drama"", ""Documentary""]",25,0.7,0.482
USR-3057,37.23,84.73,"[""Action"", ""Sci-Fi""]",19,0.903,0.556
USR-2926,47.29,78.76,"[""Sci-Fi"", ""Action""]",25,0.794,0.397
USR-1635,33.74,107.05,"[""Thriller"", ""Action"", ""Sci-Fi""]",25,0.797,0.488
USR-7083,25.97,47.35,"[""Adventure"", ""Mystery"", ""Sci-Fi"", ""Romance""]",29,0.798,0.402
USR-9509,4.36,32.74,"[""Family""]",5,0.32,0.722
USR-10366,2.54,42.92,"[""Drama""]",6,0.459,0.854
USR-10777,3.59,28.46,"[""Comedy""]",6,0.329,0.688
USR-1106,33.99,81.74,"[""Thriller"", ""Action""]",22,0.784,0.482
USR-4042,45.12,108.31,"[""Thriller"", ""Action""]",33,0.879,0.322
USR-2710,39.29,108.02,"[""Sci-Fi"", ""Action""]",35,0.75,0.411
USR-1090,28.7,93.54,"[""Thriller"", ""Sci-Fi""]",23,0.891,0.391
USR-8015,22.8,60.74,"[""Documentary"", ""Adventure"", ""Romance""]",21,0.492,0.447
USR-4175,42.5,89.4,"[""Sci-Fi"", ""Action""]",33,0.861,0.474
USR-1918,31.32,87.39,"[""Sci-Fi"", ""Action"", ""Thriller""]",21,0.797,0.541
USR-8834,23.03,54.48,"[""Mystery"", ""Crime"", ""Drama""]",32,0.711,0.519
USR-7733,28.28,62.09,"[""Sci-Fi"", ""Adventure"", ""Mystery"", ""Drama""]",28,0.843,0.744
USR-2950,31.06,87.95,"[""Action"", ""Thriller""]",25,0.761,0.389
USR-7369,18.84,62.11,"[""Sci-Fi"", ""Adventure"", ""Drama"", ""Mystery""]",25,0.741,0.549
USR-1002,36.24,85.43,"[""Sci-Fi"", ""Action""]",28,0.813,0.373
USR-9033,38.6,80.57,"[""Crime"", ""Sci-Fi"", ""Documentary"", ""Drama""]",24,0.705,0.602
USR-7048,21.63,61.95,"[""Mystery"", ""Sci-Fi"", ""Documentary"", ""Adventure"", ""Romance""]",27,0.79,0.676
USR-3721,34.17,78.3,"[""Thriller"", ""Action"", ""Crime""]",28,0.893,0.374
USR-10911,3.98,34.4,"[""Drama""]",5,0.473,0.867
USR-4118,37.26,99.11,"[""Sci-Fi"", ""Thriller""]",24,0.802,0.294
USR-10563,1.05,23.6,"[""Drama""]",6,0.318,0.841
USR-4763,8.93,17.77,"[""Comedy""]",24,0.66,0.343
USR-1214,34.17,96.52,"[""Sci-Fi"", ""Action"", ""Thriller"", ""Crime""]",23,0.827,0.264
USR-1779,38.8,94.24,"[""Thriller"", ""Sci-Fi"", ""Adventure""]",34,0.825,0.467
USR-4497,8.28,23.4,"[""Animation"", ""Comedy""]",17,0.62,0.364
USR-9911,2.83,30.05,"[""Comedy"", ""Drama""]",4,0.571,0.903
USR-3044,39.65,89.83,"[""Action"", ""Sci-Fi""]",32,0.798,0.479
USR-6421,8.93,33.75,"[""Comedy""]",28,0.57,0.167
USR-7155,31.12,40.36,"[""Adventure"", ""Drama"", ""Sci-Fi"", ""Crime"", ""Documentary""]",37,0.829,0.743
USR-9358,3.97,30.72,"[""Family""]",5,0.276,0.855
USR-9800,2.95,26.44,"[""Family""]",8,0.352,0.769
USR-9466,5.2,35.27,"[""Family""]",5,0.625,0.885
USR-5168,5.48,19.29,"[""Comedy"", ""Animation""]",13,0.903,0.345
USR-4789,7.99,20.68,"[""Animation""]",16,0.602,0.399
USR-9587,,38.62,"[""Drama""]",8,0.565,0.443
USR-1584,30.62,130.73,"[""Sci-Fi"", ""Thriller""]",26,0.831,0.296
USR-10549,3.2720901078313567,41.4,"[""Comedy""]",5,0.431,0.731
USR-7513,32.719851761169146,48.88,"[""Documentary"", ""Adventure"", ""Drama"", ""Mystery"", ""Romance""]",31,0.749,0.423
USR-1117,40.14,96.68,"[""Thriller"", ""Action"", ""Adventure""]",28,1.0,0.402
USR-7645,30.26,51.85,"[""Adventure"", ""Romance"", ""Documentary""]",22,0.754,0.583
USR-10128,3.95,34.79,"[""Comedy""]",7,0.506,0.693
USR-4062,38.5503320976652,74.29,"[""Action"", ""Thriller""]",24,1.0,0.567
USR-10054,2.96,38.78,"[""Comedy""]",5,0.226,0.74
USR-2764,26.48,87.99,"[""Sci-Fi"", ""Action""]",26,0.943,0.24
USR-2876,43.52,111.47,"[""Thriller"", ""Sci-Fi""]",15,0.699,0.555
USR-4225,9.34,29.31,"[""Comedy""]",20,0.777,0.587
USR-1527,37.42,111.19,"[""Sci-Fi"", ""Thriller""]",31,0.931,0.438
USR-8726,33.87,64.28,"[""Romance"", ""Sci-Fi"", ""Documentary"", ""Crime"", ""Adventure""]",24,0.909,0.4
USR-3947,30.69,80.68,"[""Sci-Fi"", ""Action"", ""Thriller"", ""Crime""]",18,0.898,0.346
USR-5474,5.7,21.18,"[""Animation"", ""Comedy""]",13,0.712,0.35
USR-6656,9.09,25.7,"[""Animation""]",12,0.71,0.345
USR-7060,15.22,53.59,"[""Documentary"", ""Crime"", ""Sci-Fi"", ""Romance"", ""Adventure""]",22,0.812,0.521
USR-1960,40.16,101.63,"[""Action"", ""Thriller""]",22,0.782,0.356
USR-7343,20.58,65.68,"[""Drama"", ""Romance"", ""Documentary"", ""Adventure""]",15,0.738,0.41
USR-4634,7.38,28.41,"[""Animation"", ""Comedy""]",21,0.667,0.281
USR-2051,41.36,92.06,"[""Sci-Fi"", ""Action"", ""Thriller""]",28,0.863,0.526
USR-4381,10.55,31.38,"[""Animation"", ""Comedy""]",26,0.685,0.458
USR-4677,12.93,17.45,"[""Comedy""]",26,0.651,0.337
USR-6777,6.96,22.68,,23,0.702,0.231
USR-10140,4.25,16.11,"[""Comedy""]",3,0.258,0.758
USR-7574,27.26,59.65,"[""Sci-Fi"", ""Drama"", ""Mystery"", ""Crime""]",30,0.771,0.279
USR-6180,6.06,17.96,"[""Comedy"", ""Animation"", ""Romance""]",29,0.682,0.225
USR-2608,46.53,,"[""Action"", ""Thriller"", ""Adventure""]",17,0.78,0.387
USR-4611,10.9,19.84,"[""Comedy""]",24,0.591,0.332
USR-10857,3.86,29.99,"[""Family"", ""Comedy""]",6,0.123,0.768
USR-7636,25.16,74.21,"[""Drama"", ""Romance"", ""Sci-Fi"", ""Mystery"", ""Documentary""]",27,0.831,0.61
USR-5410,14.253129030008738,18.56,"[""Animation"", ""Romance""]",32,0.863,0.341
USR-1792,38.01,112.63,"[""Thriller"", ""Sci-Fi""]",30,0.792,0.254
USR-4057,45.4,94.64,"[""Thriller"", ""Action""]",37,0.871,0.295
USR-2981,30.8,97.12,"[""Action"", ""Thriller""]",18,0.893,0.301
USR-4599,-2.0654762342162902,14.52,"[""Comedy"", ""Animation""]",19,0.95,0.294
USR-1934,35.81,114.47,"[""Thriller"", ""Sci-Fi""]",32,0.724,0.327
USR-8425,25.52,57.32,"[""Mystery"", ""Romance"", ""Drama"", ""Crime"", ""Sci-Fi""]",24,0.82,0.594
USR-6627,13.34,24.15,"[""Comedy""]",24,0.631,0.354
USR-2683,18.23,79.55,"[""Action"", ""Thriller"", ""Adventure""]",28,0.863,0.408
USR-5180,6.48,23.69,"[""Animation"", ""Comedy""]",19,0.607,0.419
USR-7447,21.57,85.25,"[""Romance"", ""Crime"", ""Adventure"", ""Mystery"", ""Drama""]",27,0.796,0.482
USR-5117,8.24,25.85,"[""Animation""]",20,0.58,0.528
USR-1989,31.84,99.53,"[""Sci-Fi"", ""Thriller""]",23,0.82,0.373
USR-3897,32.79,91.28,"[""Action"", ""Thriller"", ""Sci-Fi""]",22,0.848,0.556
USR-4779,11.25,16.12,"[""Animation"", ""Comedy""]",25,0.489,0.36
USR-6659,10.55,22.83,"[""Animation"", ""Comedy""]",21,0.616,0.272
USR-4094,33.15,94.18,"[""Action"", ""Thriller"", ""Sci-Fi""]",14,0.948,0.359
USR-4156,37.23,78.83,"[""Thriller"", ""Action""]",19,0.819,0.227
USR-2824,52.17,110.82,"[""Thriller"", ""Sci-Fi""]",22,0.908,0.427
USR-10721,2.54,34.67,"[""Comedy""]",9,0.1,0.807
USR-2099,26.93,106.81,"[""Sci-Fi"", ""Thriller""]",21,0.819,0.308
USR-3845,24.72,106.12,"[""Action"", ""Sci-Fi""]",19,0.831,0.48
USR-4343,8.17,23.62,"[""Comedy"", ""Animation""]",21,0.869,0.292
USR-1039,54.0,64.67,"[""Sci-Fi"", ""Thriller""]",24,0.897,0.448
USR-7541,17.53,62.91,"[""Mystery"", ""Crime"", ""Drama"", ""Documentary"", ""Adventure""]",44,0.797,0.521
USR-10444,2.57,20.34,"[""Drama""]",4,0.572,0.693
USR-4357,13.21,26.82,"[""Comedy""]",23,0.761,0.294
USR-8814,25.34,61.71,"[""Romance"", ""Sci-Fi"", ""Documentary""]",21,0.773,0.363
USR-9221,23.79,53.77,"[""Mystery"", ""Drama"", ""Documentary""]",30,0.733,0.49
USR-10323,2.35,26.11,"[""Family""]",3,0.498,0.724
USR-3429,35.27,85.69,"[""Thriller"", ""Sci-Fi"", ""Action"", ""Adventure""]",25,1.0,0.487
USR-6044,3.31,28.08,"[""Comedy""]",15,0.531,0.391
USR-6347,9.81,24.38,"[""Animation""]",29,0.636,0.273
USR-5812,,29.8,"[""Comedy""]",22,0.62,0.406
USR-9477,5.42,32.02,"[""Comedy""]",6,0.448,0.564
USR-1687,30.43,100.05,"[""Action"", ""Thriller"", ""Sci-Fi""]",24,0.856,0.292
USR-5800,10.52,20.16,"[""Animation"", ""Comedy""]",17,0.45,0.328
USR-8438,24.25,46.6,"[""Sci-Fi"", ""Documentary"", ""Drama"", ""Crime""]",19,0.798,0.439
USR-3354,-21.178995442941037,96.66,"[""Action"", ""Thriller"", ""Sci-Fi""]",17,0.862,0.48
USR-7354,26.28,55.64,"[""Sci-Fi"", ""Documentary"", ""Adventure"", ""Drama"", ""Crime""]",32,0.831,0.601
USR-5570,6.32,31.8,"[""Comedy"", ""Romance""]",25,0.625,0.294
USR-9214,-16.782622937426268,49.28,"[""Sci-Fi"", ""Crime"", ""Romance""]",32,0.706,0.57
USR-3753,42.2,105.03,"[""Action"", ""Thriller"", ""Sci-Fi""]",25,0.767,0.459
USR-9074,25.33,44.75,"[""Mystery"", ""Documentary"", ""Adventure"", ""Romance"", ""Crime""]",27,0.65,0.623
USR-2041,28.52,105.55,"[""Action"", ""Thriller""]",20,0.755,0.429
USR-8492,28.62,42.24,"[""Romance"", ""Crime"", ""Drama"", ""Adventure"", ""Sci-Fi""]",22,0.955,0.308
USR-2266,33.9,103.85,"[""Action"", ""Thriller""]",19,0.951,0.482
USR-10361,4.05,25.28,"[""Family"", ""Comedy""]",6,0.271,0.634
USR-8060,33.57,58.08,"[""Adventure"", ""Drama"", ""Mystery""]",23,0.841,0.494
USR-1278,36.89,95.22,"[""Action"", ""Sci-Fi""]",33,0.874,0.357
USR-6085,3.81,29.82,"[""Comedy"", ""Animation"", ""Romance""]",13,0.701,0.474
USR-3383,46.48,89.87,"[""Thriller"", ""Action"", ""Adventure""]",36,0.946,0.351
USR-1572,,115.1,"[""Thriller"", ""Action""]",20,0.803,0.296
USR-2436,32.99,80.68,"[""Thriller"", ""Sci-Fi""]",29,0.809,0.471
USR-6353,7.28,28.97,"[""Comedy"", ""Animation""]",10,0.706,0.37
USR-6446,7.99,17.7,"[""Animation""]",22,0.756,0.493
USR-2008,27.97,111.0,"[""Action"", ""Thriller"", ""Sci-Fi""]",26,0.731,0.379
USR-5544,5.35,23.11,"[""Animation""]",14,0.598,0.394
USR-9910,3.48,28.57,"[""Drama"", ""Family""]",7,0.229,0.677
USR-3065,29.05,106.36,"[""Sci-Fi"", ""Action""]",19,0.694,0.42
USR-2137,33.74,83.81,"[""Action"", ""Thriller"", ""Sci-Fi""]",30,0.883,0.596
USR-6344,6.08,22.26,"[""Comedy""]",22,0.553,0.319
USR-1295,,96.75,"[""Thriller"", ""Action"", ""Sci-Fi""]",20,0.725,0.286
USR-3404,28.52,88.08,"[""Thriller"", ""Sci-Fi"", ""Action""]",21,0.84,0.495
USR-4999,8.72,26.72,"[""Comedy"", ""Animation"", ""Romance""]",24,0.703,0.217
USR-4742,7.56,29.99,"[""Comedy""]",18,0.781,0.232
USR-10318,4.29,34.85,"[""Family"", ""Comedy""]",4,0.239,0.762
USR-3720,47.58,97.72,"[""Action"", ""Sci-Fi"", ""Thriller""]",25,0.733,0.515
USR-10295,2.36,30.66,"[""Comedy""]",5,0.212,0.718
USR-6151,4.54,,"[""Animation"", ""Comedy""]",12,0.791,0.215
USR-3809,43.58,80.52,"[""Action"", ""Sci-Fi""]",21,0.796,0.234
USR-1557,36.8,105.11,"[""Sci-Fi"", ""Action"", ""Thriller""]",14,1.0,0.509
USR-10020,4.31,37.46,"[""Comedy"", ""Family""]",7,0.299,0.685
USR-5796,9.2,24.34,"[""Animation"", ""Comedy""]",21,0.693,0.255
USR-3470,43.06,75.74,"[""Thriller"", ""Action"", ""Sci-Fi""]",35,0.861,0.371
USR-4739,8.02,21.21,"[""Comedy"", ""Animation""]",12,0.683,0.444
USR-5287,11.33,20.38,"[""Animation"", ""Comedy""]",22,0.359,0.212
USR-3605,44.87,95.98,"[""Sci-Fi"", ""Action"", ""Adventure""]",23,0.984,0.417
USR-1363,46.88,96.2,"[""Sci-Fi"", ""Thriller""]",21,0.868,0.378
USR-7925,24.74,46.87,"[""Documentary"", ""Crime"", ""Mystery""]",27,0.785,0.506
USR-2705,32.14,109.42,"[""Sci-Fi"", ""Action""]",11,0.878,0.424
USR-3140,35.37,87.22,"[""Sci-Fi"", ""Thriller"", ""Adventure""]",21,0.847,0.519
USR-4240,8.67,36.94,"[""Animation"", ""Comedy""]",27,0.597,0.241
USR-3384,38.5,104.19,"[""Thriller"", ""Action""]",26,1.0,0.298
USR-8315,33.17,87.53,"[""Romance"", ""Mystery"", ""Crime""]",23,0.957,0.38
USR-5312,6.68,16.69,"[""Animation"", ""Comedy"", ""Romance""]",19,0.471,0.266
USR-2313,35.78,65.22,"[""Thriller"", ""Sci-Fi""]",29,0.647,0.517
USR-4931,4.81,24.28,"[""Comedy"", ""Animation""]",14,0.511,0.128
USR-7184,26.34,63.55,"[""Drama"", ""Mystery"", ""Romance""]",18,0.776,0.504
USR-2592,43.89,100.02,"[""Sci-Fi"", ""Thriller""]",23,0.766,0.438
USR-10483,3.06,27.99,"[""Comedy""]",7,0.528,0.826
USR-3163,31.95,80.79,"[""Thriller"", ""Action"", ""Sci-Fi""]",18,1.0,0.452
USR-3397,43.6,86.94,"[""Action"", ""Thriller"", ""Crime""]",16,0.803,0.474
USR-1318,45.76,80.4,"[""Action"", ""Sci-Fi""]",21,0.71,0.407
USR-6234,4.12,18.93,"[""Comedy"", ""Animation""]",21,0.616,0.34
USR-6069,9.64,24.02,"[""Animation"", ""Romance""]",22,0.626,0.215
USR-5037,5.4,20.06,"[""Animation"", ""Comedy""]",15,0.597,0.283
USR-4021,50.61,113.25,"[""Sci-Fi"", ""Action""]",24,0.922,0.39
USR-9229,25.0,54.03,"[""Drama"", ""Crime"", ""Romance"", ""Documentary"", ""Mystery""]",28,0.811,0.558
USR-6296,8.34,27.18,"[""Animation"", ""Comedy""]",18,0.54,0.418
USR-4973,11.02,21.9,"[""Animation"", ""Comedy""]",23,0.693,0.394
USR-6371,9.85,35.67,"[""Comedy""]",16,0.641,0.53
USR-5134,9.82,19.75,"[""Animation"", ""Comedy""]",19,0.383,0.287
USR-1975,31.88,74.71,"[""Sci-Fi"", ""Thriller""]",24,0.977,0.395
USR-8292,21.31,70.33,"[""Drama"", ""Adventure"", ""Mystery"", ""Romance""]",29,0.587,0.689
USR-1955,49.81,102.62,"[""Sci-Fi"", ""Action""]",25,0.984,0.508
USR-10402,4.74,37.48,"[""Family""]",9,0.636,0.905
USR-6017,9.23,33.24,"[""Animation"", ""Comedy""]",22,0.651,0.31
USR-10829,0.76,42.28,"[""Family"", ""Drama""]",5,0.535,0.546
USR-8491,26.62,49.36,"[""Adventure"", ""Drama"", ""Mystery"", ""Sci-Fi"", ""Crime""]",35,0.98,0.48
USR-2641,37.77,82.87,"[""Thriller"", ""Action"", ""Sci-Fi""]",20,0.971,0.49
USR-2291,37.09,,"[""Thriller"", ""Action""]",33,0.85,0.463
USR-2381,59.88,98.7,"[""Action"", ""Thriller"", ""Sci-Fi""]",25,0.955,0.442
USR-2934,41.43,92.01,"[""Action"", ""Thriller"", ""Sci-Fi""]",15,0.846,0.563
USR-5676,12.66,22.0,"[""Comedy""]",20,0.435,0.441
USR-1893,37.13,97.23,"[""Thriller"", ""Sci-Fi""]",25,0.863,0.284
USR-8288,24.36,51.54,"[""Adventure"", ""Crime"", ""Romance"", ""Documentary""]",30,0.675,0.354
USR-5877,9.89,23.35,"[""Animation"", ""Comedy""]",25,0.691,0.614
USR-8907,22.48,53.42,"[""Romance"", ""Sci-Fi"", ""Mystery""]",24,0.778,0.545
USR-9195,24.39,57.68,"[""Sci-Fi"", ""Romance"", ""Adventure"", ""Mystery"", ""Drama""]",13,0.775,0.387
USR-10943,4.6,20.67,"[""Drama""]",1,0.416,0.794
USR-3467,42.91,-43.23187691729346,"[""Action"", ""Thriller"", ""Sci-Fi"", ""Crime""]",24,0.756,0.433
USR-8658,23.98,60.95,"[""Adventure"", ""Crime"", ""Sci-Fi""]",33,0.672,0.522
USR-2914,36.77,79.64,"[""Sci-Fi"", ""Thriller""]",31,0.696,0.363
USR-3737,32.38,121.6,"[""Sci-Fi"", ""Action"", ""Thriller""]",32,0.882,0.476
USR-1727,35.55,93.75,"[""Sci-Fi"", ""Action"", ""Thriller""]",34,0.881,0.383
USR-8215,33.88,65.1,"[""Crime"", ""Sci-Fi"", ""Romance"", ""Mystery"", ""Adventure""]",19,0.833,0.65
USR-9246,30.35,78.86,"[""Sci-Fi"", ""Drama"", ""Adventure"", ""Crime""]",13,0.77,0.346
USR-2797,41.86,101.56,"[""Sci-Fi"", ""Action""]",27,0.769,0.443
USR-4846,9.72,35.0,"[""Animation"", ""Comedy""]",19,0.751,0.437
USR-7403,19.74,50.08,"[""Mystery"", ""Sci-Fi"", ""Drama"", ""Adventure""]",24,0.68,0.573
USR-1937,39.07,67.84,"[""Action"", ""Thriller""]",23,0.848,0.615
USR-3266,33.76,79.67,"[""Sci-Fi"", ""Action"", ""Adventure""]",13,0.918,0.343
USR-1825,26.87,67.21,"[""Thriller"", ""Sci-Fi""]",14,0.778,0.49
USR-8275,28.29,56.21,"[""Romance"", ""Mystery"", ""Drama"", ""Crime""]",19,0.733,0.335
USR-2390,42.59,69.52,"[""Action"", ""Thriller"", ""Crime""]",20,0.865,0.263
USR-4565,10.79,28.65,"[""Animation"", ""Comedy""]",11,0.718,0.287
USR-6430,12.33,32.98,"[""Comedy"", ""Animation""]",27,0.82,0.412
USR-8828,31.41,79.98,"[""Crime"", ""Documentary"", ""Romance"", ""Drama"", ""Sci-Fi""]",23,0.756,0.393
USR-6691,12.79,27.41,"[""Animation"", ""Comedy""]",20,0.641,0.231
USR-8879,23.64,60.08,"[""Romance"", ""Adventure"", ""Documentary""]",33,0.755,0.419
USR-2869,42.08,114.43,"[""Sci-Fi"", ""Action""]",20,0.78,0.152
USR-9203,13.73,53.14,"[""Documentary"", ""Romance"", ""Sci-Fi"", ""Crime"", ""Mystery""]",29,0.717,0.45
USR-8487,30.03,49.56,"[""Sci-Fi"", ""Mystery"", ""Romance""]",35,0.816,0.51
USR-1807,41.31,80.77,"[""Action"", ""Sci-Fi""]",27,0.774,0.407
USR-5806,8.21,23.15,"[""Animation""]",18,0.456,0.326
USR-10248,0.39,34.8,"[""Comedy"", ""Drama""]",4,0.1,0.743
USR-8512,24.72,,"[""Drama"", ""Sci-Fi"", ""Adventure"", ""Mystery"", ""Romance""]",16,0.706,0.374
USR-9057,22.23,63.64,"[""Drama"", ""Adventure"", ""Sci-Fi""]",30,0.66,0.485
USR-5495,10.87,26.07,"[""Animation""]",22,0.597,0.189
USR-3633,37.32,112.92,"[""Thriller"", ""Sci-Fi""]",28,0.662,0.538
USR-9994,4.33,28.15,"[""Drama""]",5,0.255,0.896
USR-9624,1.44,20.69,"[""Drama"", ""Family""]",8,0.393,0.675
USR-8833,20.52,68.89,"[""Adventure"", ""Drama"", ""Mystery""]",16,0.783,0.233
USR-5389,9.88,29.97,"[""Animation"", ""Comedy""]",23,0.612,0.482
USR-1146,38.86,69.09,"[""Thriller"", ""Action"", ""Sci-Fi""]",32,0.97,0.438
USR-7468,30.18,68.41,"[""Adventure"", ""Sci-Fi"", ""Romance"", ""Drama""]",21,0.667,0.657
USR-3034,40.62,100.96,[],30,0.927,0.282
USR-10223,2.99,51.69,"[""Comedy""]",6,0.103,0.987
USR-2166,35.87,104.62,"[""Thriller"", ""Action""]",22,0.723,0.552
USR-3051,20.85,73.36,"[""Sci-Fi"", ""Thriller""]",16,0.74,0.381
USR-4761,7.93,18.4,"[""Comedy"", ""Animation""]",18,0.833,0.382
USR-5436,7.14,26.41,"[""Comedy"", ""Animation""]",18,0.598,0.196
USR-4431,7.53,19.79,"[""Animation""]",14,0.652,0.383
USR-9191,31.13,65.84,"[""Mystery"", ""Adventure"", ""Drama""]",30,0.698,0.63
USR-9846,3.37,26.03,"[""Comedy""]",6,0.1,0.779
USR-8070,12.0,50.39,"[""Adventure"", ""Mystery"", ""Romance""]",16,0.751,0.628
USR-5362,8.34,16.62,"[""Animation"", ""Comedy""]",14,0.58,0.477
USR-2772,36.19,61.59,"[""Action"", ""Sci-Fi""]",24,0.916,0.379
USR-4512,5.62,26.2,,13,0.629,0.448
USR-1272,45.95,100.45,"[""Thriller"", ""Sci-Fi""]",23,0.79,0.454
USR-9437,3.77,16.22,"[""Comedy"", ""Family""]",7,0.293,0.531
USR-3033,35.53,100.21,"[""Thriller"", ""Action""]",32,0.729,0.41
USR-10991,1.28,48.84,"[""Drama""]",9,0.506,0.659
USR-4811,8.84,22.88,"[""Animation""]",23,0.624,0.351
USR-5347,7.94,28.76,"[""Animation""]",25,0.693,0.211
USR-1546,33.17,91.12,"[""Sci-Fi"", ""Action"", ""Thriller""]",26,0.826,0.556
USR-4242,10.33,22.05,"[""Animation"", ""Comedy""]",26,0.478,0.48
USR-9503,5.34,45.97,"[""Drama"", ""Family""]",6,0.267,0.542
USR-5177,10.984577464072665,38.23,"[""Comedy"", ""Animation""]",20,0.71,0.397
USR-8565,,89.29,"[""Documentary"", ""Drama"", ""Adventure"", ""Mystery""]",20,0.741,0.551
USR-1921,22.06,90.65,"[""Sci-Fi"", ""Thriller"", ""Adventure""]",26,0.758,0.337
USR-10214,2.35,10.0,"[""Family""]",9,0.172,0.884
USR-7641,34.2,69.74,"[""Drama"", ""Mystery"", ""Crime"", ""Romance""]",18,0.741,0.686
USR-8695,23.98,49.94,"[""Crime"", ""Mystery"", ""Adventure"", ""Documentary"", ""Sci-Fi""]",17,0.721,0.607
USR-9231,26.57,58.82,"[""Drama"", ""Crime"", ""Adventure"", ""Sci-Fi""]",27,0.676,0.53
USR-8127,31.76,64.54,"[""Documentary"", ""Drama"", ""Romance"", ""Mystery""]",28,0.913,0.401
USR-5279,7.0,27.5,"[""Comedy"", ""Animation"", ""Romance""]",20,0.579,0.431
USR-3984,35.86,110.1,"[""Sci-Fi"", ""Action"", ""Thriller""]",32,0.905,0.367
USR-1131,44.68,67.95,"[""Action"", ""Sci-Fi"", ""Thriller""]",26,0.847,0.408
USR-8981,20.85,66.75,"[""Adventure"", ""Sci-Fi"", ""Mystery"", ""Drama""]",21,0.657,0.469
USR-3668,16.55,93.2,"[""Thriller"", ""Action"", ""Sci-Fi""]",23,0.759,0.542
USR-8139,24.64,49.0,"[""Mystery"", ""Adventure"", ""Drama""]",27,0.797,0.458
USR-4224,9.74,19.73,"[""Comedy"", ""Animation""]",28,0.812,0.42
USR-8694,29.48,52.37,"[""Adventure"", ""Drama"", ""Sci-Fi"", ""Mystery""]",29,0.841,0.334
USR-6393,4.5,18.0,"[""Animation"", ""Comedy""]",12,0.617,0.308
USR-1615,28.8,110.01,"[""Thriller"", ""Sci-Fi""]",25,0.892,0.522
USR-6464,7.151869889935815,28.75,"[""Comedy""]",27,0.672,0.431
USR-2467,40.83,77.55,"[""Action"", ""Thriller""]",21,0.832,0.576
USR-5498,9.5,20.28,"[""Comedy""]",33,0.675,0.413
USR-4043,31.27,86.04,"[""Action"", ""Thriller"", ""Sci-Fi"", ""Adventure""]",23,0.881,0.524
USR-3420,36.69,90.6,"[""Thriller"", ""Sci-Fi"", ""Action""]",34,0.839,0.478
USR-6086,11.49,23.04,"[""Comedy"", ""Romance""]",25,0.647,0.453
USR-4295,10.48,15.5,"[""Comedy"", ""Animation"", ""Romance""]",23,0.728,0.576
USR-7738,22.21,66.49,"[""Adventure"", ""Sci-Fi"", ""Drama""]",35,0.752,0.37
USR-2501,41.45,104.79,"[""Thriller"", ""Sci-Fi"", ""Action""]",25,0.904,0.34
USR-2522,23.72,90.63,"[""Action"", ""Sci-Fi""]",15,0.846,0.362
USR-10213,3.83,20.24,"[""Comedy"", ""Drama""]",7,0.396,0.862
USR-5233,8.86,19.54,"[""Comedy"", ""Animation""]",27,0.835,0.367
USR-8687,18.27,64.84,"[""Adventure"", ""Crime"", ""Romance""]",17,0.696,0.503
USR-9821,,42.42,"[""Family""]",7,0.572,0.788
USR-5431,7.62,26.02,"[""Comedy""]",24,0.738,0.353
USR-1391,31.96,106.17,"[""Thriller"", ""Sci-Fi"", ""Action""]",21,0.824,0.587
USR-10957,4.02,22.45,"[""Family""]",7,0.379,0.429
USR-8125,23.84,59.23,"[""Romance"", ""Documentary"", ""Crime""]",23,0.737,0.441
USR-6914,27.73,51.98,"[""Romance"", ""Mystery"", ""Drama"", ""Documentary""]",26,0.653,0.54
USR-9593,3.15,41.51,"[""Drama""]",5,0.526,0.774
USR-5807,12.72,29.04,"[""Animation"", ""Comedy""]",17,0.707,0.377
USR-10049,6.09,45.29,"[""Family"", ""Drama""]",5,0.417,0.831
USR-9239,24.31,57.58,"[""Romance"", ""Documentary"", ""Adventure"", ""Sci-Fi"", ""Mystery""]",23,0.645,0.631
USR-9045,,66.4,"[""Crime"", ""Adventure"", ""Sci-Fi""]",31,0.927,0.739
USR-10881,4.0,23.76,"[""Family""]",4,0.1,0.774
USR-4994,9.94,31.02,"[""Animation"", ""Comedy"", ""Romance""]",20,0.536,0.245
USR-10649,1.21,36.49,"[""Drama"", ""Comedy""]",9,0.486,0.725
USR-7610,,58.33,"[""Crime"", ""Drama"", ""Sci-Fi"", ""Documentary""]",32,0.73,0.385
USR-6320,5.43,33.2,"[""Animation"", ""Comedy"", ""Romance""]",19,0.808,0.203
USR-8120,27.25,58.0,"[""Drama"", ""Adventure"", ""Crime""]",33,0.705,0.548
USR-3422,29.71,,"[""Thriller"", ""Sci-Fi""]",26,0.989,0.367
USR-6605,8.64,23.92,"[""Comedy"", ""Romance""]",9,0.788,0.412
USR-2751,31.37,99.84,"[""Sci-Fi"", ""Thriller""]",16,0.777,0.307
USR-10110,2.44,25.22,"[""Comedy""]",4,0.631,0.917
USR-10817,3.91,35.25,"[""Comedy""]",7,0.472,0.709
USR-1339,54.77,111.38,"[""Thriller"", ""Sci-Fi"", ""Action"", ""Adventure""]",24,1.0,0.41
USR-9408,1.83,42.47,"[""Drama""]",3,0.355,0.777
USR-2342,19.23,74.97,"[""Action"", ""Sci-Fi""]",21,0.993,0.285
USR-10642,2.16,23.3,"[""Comedy"", ""Drama""]",5,0.433,0.773
USR-8983,32.86,67.91,"[""Crime"", ""Romance"", ""Documentary"", ""Adventure"", ""Drama""]",22,0.796,0.592
USR-4641,8.86,32.69,"[""Animation""]",26,0.488,0.17
USR-1330,50.9,92.04,"[""Action"", ""Sci-Fi""]",8,0.887,0.554
USR-9922,4.41,33.66,"[""Drama""]",10,0.386,0.715
USR-4005,43.27,81.69,"[""Action"", ""Sci-Fi""]",18,0.816,0.638
USR-7961,25.81,56.22,"[""Romance"", ""Drama"", ""Sci-Fi""]",25,0.813,0.398
USR-5091,6.49,23.4,[],17,0.611,0.235
USR-3323,36.43,78.47,"[""Sci-Fi"", ""Thriller"", ""Action""]",18,0.811,0.503
USR-7668,17.57,45.54,"[""Drama"", ""Romance"", ""Crime"", ""Mystery""]",18,0.864,0.401
USR-8010,26.17,50.87,"[""Crime"", ""Mystery"", ""Romance"", ""Documentary"", ""Adventure""]",29,0.676,0.359
USR-5198,12.55,20.7,"[""Animation""]",24,0.594,0.284
USR-4550,12.39,19.91,"[""Comedy"", ""Animation""]",24,0.503,0.428
USR-9364,5.47,20.66,"[""Drama""]",4,0.271,1.0
USR-5204,12.05,23.8,"[""Comedy""]",21,0.786,0.272
USR-10406,3.37,28.06,"[""Drama"", ""Family""]",4,0.463,0.65
USR-10031,3.22,40.77,"[""Drama""]",10,0.488,0.764
USR-7186,26.27,45.89,"[""Drama"", ""Sci-Fi"", ""Documentary"", ""Adventure"", ""Crime""]",29,0.827,0.498
USR-2640,38.71,110.7,"[""Sci-Fi"", ""Thriller"", ""Action""]",20,0.794,0.404
USR-1061,38.96,85.26,"[""Thriller"", ""Action""]",18,0.802,0.238
USR-2241,34.79,110.77,"[""Action"", ""Sci-Fi"", ""Thriller""]",33,0.875,0.499
USR-6761,10.32,20.5,"[""Animation"", ""Comedy""]",26,0.714,0.51
USR-6137,8.5,21.25,"[""Comedy"", ""Animation""]",22,0.618,0.194
USR-3344,27.5,116.13,"[""Sci-Fi"", ""Thriller"", ""Adventure""]",13,0.919,0.573
USR-3121,43.94,104.14,"[""Action"", ""Sci-Fi"", ""Thriller""]",21,0.884,0.469
USR-2525,43.45,128.26,"[""Thriller"", ""Action""]",24,0.829,0.374
USR-8618,25.24,64.84,"[""Crime"", ""Romance"", ""Drama""]",29,0.739,0.527
USR-1154,30.28,114.32,"[""Thriller"", ""Sci-Fi""]",19,0.771,0.205
USR-1482,38.43,94.54,"[""Thriller"", ""Action"", ""Sci-Fi""]",20,1.0,0.329
USR-7123,37.66,65.33,"[""Drama"", ""Documentary"", ""Romance"", ""Sci-Fi""]",29,0.649,0.561
USR-8675,13.32,53.19,"[""Mystery"", ""Romance"", ""Documentary"", ""Drama""]",19,0.872,0.549
USR-8102,26.61,80.72,"[""Mystery"", ""Documentary"", ""Romance""]",35,0.775,0.441
USR-2763,46.33,83.68,"[""Sci-Fi"", ""Action"", ""Esports Highlights""]",27,0.932,0.54
USR-8716,22.62,57.67,"[""Documentary"", ""Romance"", ""Crime"", ""Mystery""]",36,0.846,0.493
USR-10176,2.24,17.32,"[""Family""]",4,0.361,0.726
USR-8480,28.03,45.18,[],26,0.906,0.646
USR-7213,34.52,51.72,"[""Documentary"", ""Mystery"", ""Crime""]",32,0.863,0.537
USR-5854,7.5,21.37,"[""Animation"", ""Comedy"", ""Romance""]",23,0.636,0.429
USR-3712,27.94,76.33,"[""Sci-Fi"", ""Action""]",33,0.912,0.404
USR-7767,25.78,60.59,"[""Romance"", ""Adventure"", ""Mystery""]",26,0.837,0.445
USR-5151,5.57,27.53,"[""Comedy"", ""Animation""]",21,0.614,0.452
USR-2334,39.17,82.81,"[""Action"", ""Thriller"", ""Crime""]",32,0.933,0.708
USR-9379,3.82,50.44,"[""Comedy""]",5,0.383,0.845
USR-10485,3.57,46.57,"[""Drama"", ""Family""]",5,0.454,0.828
USR-10806,1.33,19.07,"[""Family""]",9,0.543,0.755
USR-10217,4.09,27.39,"[""Family"", ""Comedy""]",5,0.293,0.653
USR-4851,12.7,21.03,"[""Comedy"", ""Animation""]",18,0.468,0.283
USR-9341,5.65,25.15,"[""Comedy"", ""Drama""]",4,0.333,0.852
USR-5125,12.65,,"[""Animation""]",16,0.522,0.386
USR-10058,2.04,54.42,"[""Comedy""]",3,0.499,0.892
USR-5789,7.74,25.76,"[""Animation"", ""Comedy"", ""Romance""]",14,0.57,0.261
USR-3867,24.74,77.64,"[""Sci-Fi"", ""Thriller""]",23,0.908,0.418
USR-2387,31.85,108.22,"[""Sci-Fi"", ""Thriller""]",32,0.926,0.472
USR-6942,24.57,72.21,"[""Sci-Fi"", ""Crime"", ""Romance"", ""Mystery""]",13,0.788,0.462
USR-4068,34.66,73.23,"[""Action"", ""Thriller"", ""Adventure""]",28,0.848,0.395
USR-10153,2.04,,"[""Family""]",3,0.205,0.731
USR-4630,-8.947794475828367,24.81,"[""Comedy"", ""Animation""]",20,0.663,0.28
USR-10553,3.19,35.76,"[""Comedy"", ""Drama""]",5,0.494,0.6
USR-10044,4.39,40.12,"[""Drama""]",7,0.235,0.729
USR-4029,35.1,78.75,"[""Sci-Fi"", ""Action""]",32,0.919,0.636
USR-3970,35.88,70.84,"[""Sci-Fi"", ""Thriller"", ""Action""]",38,0.832,0.463
USR-9647,4.04,23.88,"[""Drama"", ""Comedy""]",7,0.414,0.579
USR-7137,31.21,62.42,"[""Adventure"", ""Sci-Fi"", ""Romance""]",30,0.696,0.472
USR-9802,3.63,45.34,"[""Comedy""]",4,0.473,0.544
USR-5264,12.8,23.76,[],19,0.754,0.373
USR-1646,39.12,120.29,"[""Sci-Fi"", ""Action"", ""Thriller"", ""Adventure""]",25,0.902,0.341
USR-10752,1.51,17.95,"[""Comedy""]",7,0.456,0.714
USR-3075,36.89,98.51,"[""Sci-Fi"", ""Thriller""]",27,0.969,0.378
USR-1342,42.33,91.26,"[""Thriller"", ""Action""]",32,0.938,0.357
USR-9042,29.79,58.22,"[""Documentary"", ""Drama"", ""Mystery"", ""Adventure"", ""Crime""]",32,0.841,0.53
USR-2623,23.39,90.75,"[""Sci-Fi"", ""Action"", ""Thriller""]",31,0.806,0.269
USR-8142,23.8,79.73,"[""Drama"", ""Romance"", ""Adventure""]",24,0.905,0.635
USR-6797,9.82,16.05,"[""Animation"", ""Comedy""]",26,0.627,0.473
USR-8185,35.32,52.7,"[""Mystery"", ""Crime"", ""Romance""]",30,0.742,0.498
USR-9233,19.48,60.76,"[""Documentary"", ""Adventure"", ""Drama""]",27,0.716,0.505
USR-6476,8.15,23.64,"[""Comedy"", ""Animation""]",23,0.497,0.287
USR-10542,2.16,11.22,"[""Family""]",7,0.295,0.9
USR-1075,631.9154677596747,552.2977783852497,"[""Thriller"", ""Sci-Fi"", ""Action""]",28,0.89,0.496
USR-9634,1.88,29.9,"[""Family"", ""Comedy""]",10,0.439,0.7
USR-10325,6.98,25.71,"[""Comedy""]",6,0.437,0.569
USR-3052,43.86,95.73,"[""Thriller"", ""Action""]",25,0.762,0.446
USR-3542,45.94,93.82,"[""Sci-Fi"", ""Thriller"", ""Action""]",19,0.723,0.479
USR-2302,33.99,90.13,"[""Action"", ""Sci-Fi"", ""Thriller""]",26,0.859,0.42
USR-6878,10.92,28.36,"[""Comedy"", ""Animation""]",18,0.753,0.411
USR-8369,26.16,42.1,,40,0.734,0.471
USR-2305,41.03,87.31,"[""Thriller"", ""Action""]",28,1.0,0.284
USR-9429,2.27,22.97,"[""Comedy""]",2,0.489,0.717
USR-10189,0.67,24.51,"[""Family"", ""Drama""]",7,0.453,0.832
USR-3600,34.66,93.8,"[""Thriller"", ""Action"", ""Sci-Fi"", ""Adventure""]",33,0.859,0.24
USR-3574,,80.38,"[""Thriller"", ""Action""]",13,0.903,0.395
USR-4187,37.39,104.3,"[""Thriller"", ""Sci-Fi""]",21,0.758,0.554
USR-3769,47.18,75.22,"[""Thriller"", ""Action""]",35,0.936,0.547
USR-5832,6.56,18.45,"[""Comedy""]",22,0.558,0.576
USR-5224,7.57,28.54,"[""Animation"", ""Comedy""]",28,0.59,0.312
USR-10748,3.67,32.26,"[""Family""]",5,0.265,0.787
USR-3107,27.46,100.89,,30,0.727,0.435
USR-3680,28.46,67.43,"[""Thriller"", ""Sci-Fi""]",21,0.887,0.329
USR-2388,38.7,89.52,"[""Sci-Fi"", ""Action"", ""Thriller""]",26,0.773,0.369
USR-10026,4.97,29.47,"[""Drama""]",5,0.505,0.609
USR-10758,3.41,42.66,"[""Family"", ""Comedy""]",8,0.482,0.858
USR-8084,24.67,58.86,"[""Romance"", ""Crime"", ""Sci-Fi"", ""Drama"", ""Adventure""]",22,0.798,0.471
USR-2280,28.47,83.44,"[""Thriller"", ""Sci-Fi"", ""Action"", ""Adventure""]",23,0.714,0.457
USR-1805,29.96,110.23,"[""Action"", ""Thriller""]",29,0.952,0.376
USR-2556,36.3,67.63,"[""Thriller"", ""Action"", ""Sci-Fi""]",27,0.77,0.433
USR-10584,1.94,17.62,"[""Comedy""]",5,0.37,1.0
USR-5567,9.86,32.99,"[""Animation"", ""Comedy""]",23,0.841,0.206
USR-10768,3.37,23.48,"[""Family"", ""Comedy""]",4,0.379,0.619
USR-5842,9.17,25.98,"[""Comedy""]",14,0.746,0.612
USR-4595,6.85,27.55,"[""Comedy"", ""Romance""]",17,0.583,0.417
USR-7036,23.76,68.75,"[""Documentary"", ""Romance"", ""Crime"", ""Drama"", ""Adventure""]",23,0.706,0.413
USR-7853,13.79,51.93,"[""Sci-Fi"", ""Crime"", ""Drama"", ""Romance"", ""Adventure""]",24,0.811,0.548
USR-9706,4.02,20.62,"[""Comedy"", ""Drama""]",7,0.577,0.764
USR-5178,10.53,15.76,"[""Comedy""]",27,0.647,0.423
USR-2309,25.67,89.07,"[""Thriller"", ""Action""]",23,0.79,0.279
USR-4453,8.99,19.71,,14,0.572,0.257
USR-4696,8.46,32.91,"[""Comedy"", ""Animation""]",19,0.637,0.338
USR-5243,9.39,22.79,"[""Animation"", ""Comedy""]",14,0.831,0.122
USR-3199,27.6,74.96,"[""Action"", ""Thriller""]",26,0.776,0.516
USR-9967,3.2,25.76,"[""Drama""]",6,0.347,0.472
USR-5426,6.72,17.25,"[""Comedy""]",21,0.638,0.487
USR-7151,21.04,64.69,"[""Crime"", ""Sci-Fi"", ""Adventure"", ""Romance"", ""Drama""]",32,0.971,0.357
USR-1944,23.51,65.82,"[""Sci-Fi"", ""Action"", ""Thriller""]",19,0.778,0.56
USR-1823,38.21,79.26,"[""Sci-Fi"", ""Thriller"", ""Action""]",23,1.0,0.347
USR-6006,6.71,22.23,"[""Comedy""]",22,0.74,0.495
USR-7613,33.39,65.45,"[""Crime"", ""Mystery"", ""Drama"", ""Romance""]",18,0.806,0.277
USR-9357,2.7,38.58,"[""Drama"", ""Family""]",8,0.41,0.708
USR-6620,5.59,24.95,"[""Animation""]",17,0.53,0.353
USR-5548,8.39,35.23,"[""Comedy""]",18,0.543,0.405
USR-3539,35.41,97.53,"[""Action"", ""Thriller""]",22,0.846,0.552
USR-6208,6.75,24.42,"[""Animation""]",22,0.544,0.362
USR-10612,3.85,23.27,"[""Comedy""]",7,0.409,0.783
USR-10104,5.45,31.3,"[""Family"", ""Comedy""]",6,0.487,0.559
USR-4055,40.54,103.03,"[""Thriller"", ""Action"", ""Sci-Fi"", ""Crime""]",25,0.793,0.443
USR-4676,10.41,21.34,"[""Animation"", ""Comedy"", ""Romance""]",29,0.691,0.429
USR-8777,18.11,57.48,"[""Romance"", ""Sci-Fi"", ""Crime"", ""Adventure"", ""Drama""]",26,0.841,0.463
USR-8219,27.21,65.18,"[""Mystery"", ""Documentary"", ""Adventure"", ""Sci-Fi""]",34,0.735,0.567
USR-7723,,69.15,"[""Sci-Fi"", ""Documentary"", ""Adventure"", ""Mystery""]",36,0.781,0.615
USR-4301,10.4,24.51,"[""Comedy""]",13,0.585,0.161
USR-4311,10.34,20.76,"[""Comedy"", ""Animation""]",17,0.574,0.301
USR-8222,23.84,63.38,"[""Documentary"", ""Romance"", ""Drama"", ""Adventure""]",35,0.689,0.462
USR-9520,6.01,38.33,"[""Drama"", ""Family""]",2,0.267,0.71
USR-6955,35.18,86.02,"[""Drama"", ""Sci-Fi"", ""Mystery""]",18,0.636,0.368
USR-1833,30.2,97.9,"[""Thriller"", ""Action"", ""Sci-Fi""]",25,0.923,0.501
USR-4463,9.01,36.76,"[""Animation"", ""Comedy""]",18,0.703,0.427
USR-8644,29.21,49.5,,39,0.77,0.491
USR-1055,39.94,109.26,"[""Thriller"", ""Action"", ""Sci-Fi""]",26,0.811,0.584
USR-4452,12.68,20.24,"[""Animation"", ""Comedy""]",19,0.705,0.446
USR-7306,31.7,76.29,"[""Sci-Fi"", ""Crime"", ""Drama"", ""Mystery"", ""Documentary""]",32,0.696,0.402
USR-2482,51.93,98.3,"[""Sci-Fi"", ""Thriller""]",21,0.889,0.588
USR-5874,10.64,22.46,"[""Animation"", ""Comedy""]",18,0.708,0.372
USR-9039,18.63,74.44,"[""Mystery"", ""Romance"", ""Sci-Fi"", ""Adventure""]",23,0.857,0.624
USR-4336,10.26,19.37,"[""Comedy"", ""Animation""]",22,0.677,0.332
USR-7017,21.46,81.36,"[""Adventure"", ""Sci-Fi"", ""Crime"", ""Mystery""]",25,0.853,0.494
USR-5927,,15.35,"[""Animation"", ""Comedy""]",19,0.655,0.39
USR-6798,9.01,19.39,"[""Comedy""]",23,0.488,0.391
USR-10930,3.1,23.58,"[""Drama"", ""Comedy""]",6,0.211,0.884
USR-6084,11.8,31.95,"[""Comedy"", ""Animation"", ""Romance""]",14,0.506,0.377
USR-7646,27.34,55.88,"[""Mystery"", ""Documentary"", ""Adventure"", ""Sci-Fi"", ""Drama""]",32,0.807,0.57
USR-6491,11.01,23.42,"[""Animation"", ""Comedy""]",17,0.704,0.35
USR-1769,24.9,93.32,"[""Thriller"", ""Sci-Fi""]",15,0.649,0.45
USR-3066,36.67,81.48,"[""Sci-Fi"", ""Action"", ""Thriller""]",14,0.82,0.457
USR-10598,1.68,43.81,"[""Family"", ""Comedy""]",6,0.426,0.717
USR-8312,27.96,58.55,"[""Crime"", ""Adventure"", ""Drama""]",32,0.908,0.411
USR-9478,4.07,38.96,"[""Drama"", ""Family""]",3,0.282,0.533
USR-5525,14.93,27.9,"[""Comedy"", ""Animation""]",19,0.701,0.174
USR-3718,37.65,120.12,"[""Action"", ""Sci-Fi""]",25,0.729,0.514
USR-3080,34.15,77.26,"[""Action"", ""Thriller"", ""Sci-Fi""]",20,0.703,0.35
USR-9915,2.4,32.66,"[""Drama"", ""Family""]",5,0.434,0.751
USR-1952,37.23,74.83,"[""Thriller"", ""Sci-Fi""]",25,0.834,0.396
USR-9059,26.32,47.48,"[""Romance"", ""Crime"", ""Documentary"", ""Mystery""]",29,0.786,0.393
USR-3483,38.23,118.17,"[""Action"", ""Thriller"", ""Sci-Fi""]",19,1.0,0.69
USR-2760,36.61,88.68,"[""Sci-Fi"", ""Action"", ""Crime""]",20,0.922,0.395
USR-5423,9.37,16.27,"[""Comedy"", ""Animation""]",19,0.503,0.497
USR-7705,30.61,64.32,"[""Mystery"", ""Romance"", ""Adventure""]",39,0.735,0.45
USR-6183,7.72,-10.6029971984919,"[""Comedy"", ""Animation"", ""Avant-Garde Doc""]",18,0.841,0.473
USR-9534,2.54,25.86,"[""Drama""]",6,0.475,0.713
USR-4702,10.31,21.93,"[""Comedy"", ""Animation""]",23,0.859,0.253
USR-5244,9.67,-45.951191318719566,"[""Animation""]",25,0.597,0.1
USR-1689,16.37,93.18,"[""Action"", ""Sci-Fi""]",32,0.776,0.321
USR-4433,4.31,24.13,"[""Animation"", ""Comedy"", ""Romance""]",8,0.576,0.301
USR-5945,11.83,24.31,"[""Animation""]",22,0.648,0.249
USR-1967,37.39,91.69,"[""Thriller"", ""Action"", ""Sci-Fi""]",24,0.774,0.311
USR-10582,3.74,38.98,"[""Family"", ""Drama""]",3,0.453,0.586
USR-3714,30.87,85.64,"[""Action"", ""Thriller""]",25,0.876,0.523
USR-5758,6.33,24.29,"[""Comedy"", ""Animation""]",15,0.553,0.398
USR-10643,3.96,34.97,"[""Drama""]",2,0.301,0.636
USR-7321,18.97,65.29,"[""Drama"", ""Crime"", ""Mystery"", ""Sci-Fi"", ""Documentary""]",29,0.724,0.342
USR-6976,25.79,57.31,"[""Drama"", ""Crime"", ""Mystery"", ""Sci-Fi"", ""Romance""]",27,0.74,0.506
USR-4573,9.42,20.42,"[""Comedy"", ""Animation""]",20,0.629,0.529
USR-6300,7.94,21.33,"[""Comedy"", ""Animation""]",20,0.473,0.432
USR-2991,38.54,122.13,"[""Action"", ""Sci-Fi""]",26,1.0,0.508
USR-2206,52.01,75.11,"[""Action"", ""Sci-Fi"", ""Crime"", ""Experimental Indie Noir""]",20,0.889,0.428
USR-5972,7.94,20.32,"[""Animation"", ""Comedy""]",27,0.484,0.396
USR-7784,26.97,52.93,"[""Crime"", ""Mystery"", ""Adventure"", ""Esports Highlights""]",28,0.614,0.696
USR-4601,8.91,26.31,"[""Animation""]",22,0.619,0.336
USR-7491,19.02,67.86,"[""Crime"", ""Drama"", ""Adventure"", ""Sci-Fi"", ""Documentary""]",27,0.767,0.453
USR-9610,3.85,41.27,"[""Family"", ""Comedy""]",5,0.301,0.606
USR-2696,35.97610811916492,86.56,"[""Sci-Fi"", ""Thriller"", ""Action"", ""Adventure""]",26,0.964,0.39
USR-9071,30.3,49.91,"[""Mystery"", ""Drama"", ""Adventure"", ""Romance""]",29,0.793,0.38
USR-9578,2.74,30.46,"[""Family"", ""Comedy""]",6,0.321,0.845
USR-8974,27.94,64.67,"[""Documentary"", ""Romance"", ""Adventure""]",19,0.778,0.624
USR-2626,37.98,50.0,"[""Thriller"", ""Action""]",26,0.799,0.436
USR-1537,39.54,102.72,"[""Sci-Fi"", ""Action"", ""Crime""]",15,0.874,0.513
USR-9767,2.49,15.74,"[""Drama""]",6,0.377,0.447
USR-8971,29.9,76.6,"[""Mystery"", ""Drama"", ""Adventure"", ""Sci-Fi"", ""Crime""]",23,0.927,0.599
USR-5213,3.91,19.22,"[""Animation""]",23,0.606,0.3
USR-7457,20.24,58.85,"[""Documentary"", ""Mystery"", ""Adventure""]",19,0.862,0.582
USR-4508,8.84,24.25,"[""Animation"", ""Comedy""]",24,0.676,0.337
USR-9394,2.15,28.57,"[""Drama""]",8,0.433,0.78
USR-8113,36.73,48.72,"[""Adventure"", ""Crime"", ""Documentary"", ""Mystery"", ""Romance""]",24,0.624,0.497
USR-3709,36.96,116.71,"[""Action"", ""Thriller""]",28,0.74,0.293
USR-6032,4.18,21.02,"[""Animation"", ""Comedy"", ""Romance""]",17,0.465,0.416
USR-7515,36.04,60.97,"[""Romance"", ""Sci-Fi"", ""Adventure""]",25,0.71,0.505
USR-5663,5.23,24.0,"[""Comedy""]",20,0.548,0.38
USR-5022,10.56,23.35,"[""Comedy""]",16,0.589,0.198
USR-2855,34.88,90.13,"[""Sci-Fi"", ""Action"", ""Crime""]",23,0.777,0.331
USR-10522,2.81,30.3,"[""Comedy""]",7,0.354,0.591
USR-3873,38.1,90.32,"[""Action"", ""Sci-Fi""]",23,0.843,0.567
USR-4031,31.56,92.58,"[""Thriller"", ""Action"", ""Sci-Fi""]",23,0.799,0.518
USR-2646,,88.46,"[""Action"", ""Sci-Fi""]",29,0.832,0.386
USR-4418,7.55,35.73,"[""Animation""]",14,0.728,0.169
USR-4477,7.18,26.07,"[""Animation"", ""Comedy""]",21,0.553,0.208
USR-10650,2.75,33.93,"[""Drama""]",6,0.408,0.751
USR-2793,45.86,99.86,"[""Action"", ""Sci-Fi""]",33,0.924,0.383
USR-4798,12.42,26.44,"[""Comedy"", ""Animation""]",20,0.544,0.375
USR-4369,9.53,15.87,"[""Comedy""]",27,0.63,0.457
USR-8197,19.41,67.99,"[""Sci-Fi"", ""Documentary"", ""Drama"", ""Mystery"", ""Crime""]",26,0.666,0.657
USR-10740,0.86,,"[""Comedy""]",4,0.345,0.581
USR-6110,11.17,19.63,"[""Animation"", ""Comedy""]",20,0.719,0.318
USR-7025,33.06,58.8,"[""Crime"", ""Documentary"", ""Drama"", ""Adventure""]",22,0.805,0.602
USR-9796,1.92,,"[""Drama""]",5,0.209,0.513
USR-10390,4.09,31.18,"[""Comedy""]",3,0.427,0.791
USR-1127,28.4,104.21,"[""Thriller"", ""Sci-Fi""]",28,0.842,0.605
USR-6960,23.97,77.99,"[""Adventure"", ""Romance"", ""Mystery""]",36,0.787,0.625
USR-4877,9.31,28.18,"[""Animation""]",22,0.741,0.388
USR-5452,8.22,23.69,"[""Comedy"", ""Animation""]",13,0.661,0.274
USR-8148,28.31,84.13,"[""Adventure"", ""Drama"", ""Romance"", ""Mystery"", ""Sci-Fi""]",26,0.629,0.402
USR-4532,7.5,28.9,"[""Comedy"", ""Animation""]",27,0.578,0.426
USR-1828,30.89,106.44,"[""Action"", ""Sci-Fi""]",16,0.871,0.338
USR-8791,22.77,52.11,"[""Adventure"", ""Documentary"", ""Romance""]",23,0.766,0.586
USR-1985,24.54,99.56,"[""Action"", ""Sci-Fi"", ""Crime""]",23,0.756,0.44
USR-8784,19.07,67.31,"[""Drama"", ""Crime"", ""Documentary"", ""Sci-Fi""]",34,0.906,0.249
USR-3444,37.19,100.54,"[""Action"", ""Sci-Fi"", ""Thriller""]",31,0.862,0.288
USR-9555,3.12,43.59,"[""Drama""]",5,0.272,0.874
USR-1346,,89.07,"[""Sci-Fi"", ""Thriller""]",37,0.871,0.571
USR-1815,30.76,114.39,"[""Sci-Fi"", ""Thriller"", ""Action"", ""Crime""]",28,0.863,0.376
USR-7167,25.74,72.75,"[""Adventure"", ""Mystery"", ""Drama"", ""Romance"", ""Sci-Fi""]",27,0.763,0.505
USR-6780,6.65,23.67,"[""Comedy""]",7,0.62,0.347
USR-3117,46.41,86.68,"[""Sci-Fi"", ""Thriller"", ""Action""]",31,0.817,0.351
USR-1794,51.22,93.55,"[""Action"", ""Thriller"", ""Sci-Fi"", ""Adventure""]",25,0.745,0.359
USR-7899,18.32,53.61,"[""Adventure"", ""Drama"", ""Crime"", ""Documentary""]",27,0.768,0.53
USR-3675,51.46,73.36,"[""Sci-Fi"", ""Action""]",24,0.856,0.376
USR-1095,35.34,95.6,"[""Sci-Fi"", ""Thriller""]",26,0.853,0.287
USR-5226,7.22,18.15,"[""Comedy"", ""Animation""]",23,0.638,0.323
USR-4757,,29.71,"[""Animation"", ""Comedy""]",22,0.735,0.299
USR-3892,42.05,94.31,"[""Sci-Fi"", ""Thriller""]",33,0.82,0.575
USR-3372,48.06,80.35,"[""Action"", ""Sci-Fi""]",22,0.972,0.313
USR-10484,2.24,33.52,"[""Drama"", ""Comedy""]",4,0.246,0.955
USR-4229,11.49,33.22,"[""Animation"", ""Romance""]",26,0.712,0.322
USR-8864,19.62,59.73,"[""Romance"", ""Documentary"", ""Adventure"", ""Sci-Fi""]",23,0.755,0.457
USR-7360,24.15,66.41,"[""Mystery"", ""Romance"", ""Documentary"", ""Silent Cinema""]",19,0.81,0.173
USR-10292,2.14,38.49,"[""Family""]",3,0.407,0.847
USR-8327,24.38,65.68,"[""Adventure"", ""Mystery"", ""Documentary"", ""Romance""]",30,0.819,0.428
USR-7029,24.6,55.12,"[""Sci-Fi"", ""Crime"", ""Mystery""]",27,0.787,0.414
USR-2866,23.58,61.75,"[""Action"", ""Sci-Fi"", ""Thriller""]",22,0.93,0.378
USR-5613,,21.38,"[""Comedy""]",17,0.599,0.301
USR-3646,34.16,103.37,"[""Thriller"", ""Action"", ""Sci-Fi"", ""Crime""]",28,0.883,0.346
USR-3244,41.67,93.02,"[""Sci-Fi"", ""Thriller"", ""Action""]",24,0.748,0.449
USR-6374,8.17,,"[""Comedy"", ""Animation"", ""Romance""]",17,0.568,0.376
USR-3337,55.53,81.44,"[""Action"", ""Thriller"", ""Sci-Fi""]",21,0.854,0.418
USR-1951,35.13,90.6,"[""Action"", ""Sci-Fi"", ""Thriller""]",26,0.781,0.506
USR-2121,24.83,98.35,"[""Action"", ""Sci-Fi""]",19,0.8,0.31
USR-3205,28.61,96.49,"[""Sci-Fi"", ""Action""]",29,0.732,0.485
USR-1420,29.8,95.93,"[""Sci-Fi"", ""Thriller""]",27,0.861,0.307
USR-1923,24.21,104.57,"[""Thriller"", ""Sci-Fi""]",22,0.906,0.287
USR-9670,2.14,38.23,"[""Comedy""]",1,0.682,0.574
USR-6409,8.19,20.95,"[""Comedy"", ""Animation""]",15,0.576,0.499
USR-6789,7.08,15.95,"[""Animation"", ""Comedy"", ""Romance""]",13,0.454,0.367
USR-6743,9.61,19.82,"[""Comedy"", ""Animation"", ""Romance""]",27,0.645,0.266
USR-8668,29.19,56.87,"[""Romance"", ""Crime"", ""Drama"", ""Documentary"", ""Adventure""]",33,0.73,0.483
USR-6568,7.81,28.52,"[""Comedy"", ""Animation""]",18,0.699,0.167
USR-9136,23.23,40.76,"[""Sci-Fi"", ""Romance"", ""Mystery"", ""Crime""]",29,0.871,0.535
USR-2203,53.27,119.89,"[""Action"", ""Thriller"", ""Sci-Fi""]",24,0.804,0.49
USR-6766,7.69,28.64,"[""Comedy""]",24,0.669,0.369
USR-9390,4.32,36.97,"[""Family"", ""Drama""]",5,0.493,0.612
USR-2971,42.34,82.8,"[""Action"", ""Sci-Fi"", ""Thriller""]",13,0.841,0.456
USR-5019,6.99,26.33,"[""Animation"", ""Comedy""]",20,0.774,0.466
USR-4688,11.59,21.93,"[""Comedy""]",17,0.578,0.348
USR-2998,43.82,77.8,"[""Thriller"", ""Action"", ""Sci-Fi""]",20,0.744,0.57
USR-5034,6.85,18.88,"[""Comedy""]",18,0.751,0.406
USR-2249,23.53,84.42,"[""Thriller"", ""Action"", ""Sci-Fi""]",26,0.935,0.589
USR-3193,43.82,111.93,"[""Sci-Fi"", ""Thriller"", ""Adventure""]",28,0.737,0.453
USR-3713,39.23,103.25,"[""Sci-Fi"", ""Thriller""]",20,0.831,0.472
USR-10185,4.76,30.22,"[""Family""]",5,0.293,0.779
USR-3191,41.91,92.07,"[""Thriller"", ""Action""]",18,0.917,0.394
USR-5671,8.9,31.14,"[""Comedy"", ""Animation""]",24,0.687,0.331
USR-6143,8.84,16.6,"[""Comedy""]",22,0.66,0.371
USR-6985,23.88,66.15,"[""Crime"", ""Documentary"", ""Sci-Fi"", ""Mystery"", ""Drama""]",23,0.727,0.513
USR-7566,30.16,65.62,"[""Sci-Fi"", ""Crime"", ""Romance"", ""Adventure""]",31,0.855,0.549
USR-8805,23.76,53.9,"[""Romance"", ""Mystery"", ""Documentary"", ""Adventure""]",36,0.857,0.548
USR-7944,22.05,37.49,"[""Romance"", ""Crime"", ""Drama"", ""Sci-Fi"", ""Documentary""]",25,0.697,0.489
USR-3137,31.76,58.07,"[""Sci-Fi"", ""Action"", ""Thriller"", ""Crime""]",27,0.937,0.265
USR-2066,45.98,107.16,"[""Action"", ""Sci-Fi""]",23,1.0,0.462
USR-1601,44.26,66.26,"[""Sci-Fi"", ""Thriller""]",39,1.0,0.402
USR-5228,11.34,36.36,"[""Comedy""]",18,0.592,0.37
USR-8578,23.34,60.7,"[""Mystery"", ""Romance"", ""Documentary""]",24,0.749,0.524
USR-1078,36.36,79.61,"[""Thriller"", ""Action""]",26,0.863,0.477
USR-8547,25.36,54.25,"[""Crime"", ""Documentary"", ""Sci-Fi"", ""Adventure"", ""Mystery""]",27,0.798,0.479
USR-3899,32.7,85.38,"[""Sci-Fi"", ""Action"", ""Thriller""]",21,0.908,0.409
USR-5821,10.73,21.81,"[""Animation"", ""Comedy""]",27,0.705,0.433
USR-10398,3.4,38.14,"[""Comedy""]",4,0.604,0.681
USR-7414,20.97,37.04,"[""Drama"", ""Sci-Fi"", ""Adventure"", ""Mystery""]",34,0.856,0.575
USR-10065,2.39,29.08,"[""Drama""]",4,0.311,0.771
USR-9008,22.49,67.79,"[""Documentary"", ""Mystery"", ""Sci-Fi""]",27,0.74,0.538
USR-6469,9.91,24.18,"[""Comedy"", ""Animation""]",16,0.722,0.246
USR-6952,26.99,49.53,"[""Crime"", ""Documentary"", ""Sci-Fi"", ""Mystery"", ""Romance""]",15,0.791,0.607
USR-4392,10.58,32.46,"[""Comedy"", ""Animation"", ""Romance""]",20,0.616,0.325
USR-6416,12.11,30.02,"[""Comedy""]",23,0.635,0.338
USR-3561,41.47,87.01,"[""Sci-Fi"", ""Action""]",28,0.796,0.562
USR-9163,17.4,53.55,"[""Crime"", ""Sci-Fi"", ""Mystery"", ""Adventure"", ""Documentary""]",22,0.698,0.275
USR-3636,38.12,73.66,"[""Sci-Fi"", ""Thriller""]",34,0.799,0.44
USR-6257,,27.74,"[""Animation""]",14,0.746,0.307
USR-4531,10.22,29.44,"[""Comedy"", ""Animation""]",21,0.633,0.373
USR-9568,3.89,34.88,"[""Drama"", ""Family""]",5,0.234,0.684
USR-2909,41.51,115.97,"[""Sci-Fi"", ""Action""]",24,0.858,0.409
USR-1236,26.38,88.92,"[""Thriller"", ""Sci-Fi""]",12,0.886,0.296
USR-2605,39.59,97.87,"[""Thriller"", ""Sci-Fi"", ""Adventure""]",30,0.865,0.474
USR-8985,26.36,58.72,"[""Drama"", ""Crime"", ""Adventure"", ""Sci-Fi""]",31,0.788,0.352
USR-4491,3.34,30.17,"[""Comedy"", ""Animation""]",17,0.557,0.323
USR-2995,48.6,85.26,"[""Sci-Fi"", ""Thriller"", ""Action""]",29,0.84,0.202
USR-3825,36.09,111.11,"[""Action"", ""Thriller"", ""Sci-Fi""]",37,0.841,0.366
USR-10381,5.56,11.01,"[""Drama"", ""Comedy""]",3,0.481,0.915
USR-2343,40.87,85.59,"[""Action"", ""Thriller""]",19,0.867,0.305
USR-9513,2.2,18.09,"[""Comedy"", ""Family""]",5,0.4,0.877
USR-2620,44.59,82.82,"[""Sci-Fi"", ""Action"", ""Thriller""]",29,0.731,0.351
USR-6288,7.56,27.63,"[""Comedy"", ""Animation""]",18,0.466,0.183
USR-3061,32.63,97.38,"[""Sci-Fi"", ""Thriller""]",24,1.0,0.393
USR-10558,6.095779976043305,28.19,"[""Drama""]",4,0.36,0.692
USR-3220,24.24,73.08,"[""Thriller"", ""Sci-Fi""]",19,0.883,0.421
USR-7039,25.19,53.46,"[""Drama"", ""Documentary"", ""Mystery"", ""Adventure""]",36,0.723,0.358
USR-1261,34.93,81.54,"[""Thriller"", ""Action"", ""Sci-Fi""]",31,0.807,0.331
USR-10461,4.99,31.66,"[""Comedy"", ""Drama""]",4,0.258,0.817
USR-10094,3.04,39.38,"[""Comedy""]",10,0.381,0.633
USR-4745,12.61,24.98,"[""Comedy"", ""Animation""]",27,0.646,0.435
USR-3027,41.91,88.1,"[""Sci-Fi"", ""Thriller"", ""Action""]",28,0.772,0.427
USR-7989,18.46,44.27,"[""Sci-Fi"", ""Romance"", ""Documentary"", ""Mystery"", ""Drama""]",28,0.646,0.398
USR-5235,7.51,25.45,"[""Animation"", ""Comedy"", ""Romance""]",15,0.499,0.257
USR-2918,55.38,98.07,"[""Thriller"", ""Sci-Fi"", ""Action""]",28,0.777,0.328
USR-2829,31.98,79.09,"[""Sci-Fi"", ""Thriller"", ""Adventure""]",34,0.926,0.614
USR-7234,30.99,46.19,"[""Romance"", ""Crime"", ""Adventure""]",28,0.699,0.467
USR-10428,5.21,43.57,"[""Comedy""]",7,0.337,0.467
USR-7284,29.05,47.1,"[""Adventure"", ""Romance"", ""Mystery""]",18,0.846,0.483
USR-5209,8.92,14.3,"[""Animation""]",20,0.828,0.41
USR-1225,38.95,119.15,"[""Thriller"", ""Action"", ""Sci-Fi""]",18,0.796,0.471
USR-9916,2.06,24.44,"[""Comedy""]",5,0.28,0.357
USR-7470,24.89,54.22,"[""Romance"", ""Mystery"", ""Drama"", ""Documentary"", ""Crime""]",20,0.843,0.324
USR-10510,4.5,30.5,"[""Drama""]",2,0.498,0.865
USR-1847,35.68,85.38,"[""Sci-Fi"", ""Action"", ""Thriller""]",28,0.906,0.47
USR-5290,7.41,24.76,"[""Comedy""]",25,0.663,0.359
USR-6561,9.98,24.05,"[""Comedy"", ""Animation""]",34,0.719,0.391
USR-3552,40.24,104.02,"[""Sci-Fi"", ""Thriller""]",24,0.821,0.326
USR-1118,32.01,84.75,"[""Thriller"", ""Sci-Fi""]",26,0.849,0.539
USR-9838,2.6,43.02,[],1,0.421,0.785
USR-6967,28.63,66.9,"[""Documentary"", ""Sci-Fi"", ""Crime"", ""Mystery"", ""Drama""]",33,0.911,0.479
USR-9196,16.46,48.84,"[""Sci-Fi"", ""Romance"", ""Documentary""]",27,0.768,0.369
USR-9660,4.84,32.68,"[""Family""]",4,0.376,0.744
USR-8490,12.0,74.5,"[""Sci-Fi"", ""Mystery"", ""Adventure"", ""Crime"", ""Documentary""]",28,0.773,0.504
USR-1006,49.86,99.93,"[""Thriller"", ""Sci-Fi""]",20,0.74,0.385
USR-6343,,14.96,"[""Comedy""]",24,0.633,0.1
USR-10112,2.26,37.72,"[""Family"", ""Comedy""]",5,0.482,0.675
USR-5325,4.51,29.25,"[""Comedy""]",21,0.814,0.317
USR-2064,37.39,96.36,"[""Action"", ""Thriller"", ""Sci-Fi""]",23,0.866,0.543
USR-3591,47.52,115.85,"[""Thriller"", ""Sci-Fi""]",18,0.897,0.377
USR-9435,1.89,22.02,"[""Comedy""]",6,0.511,0.699
USR-4736,8.64,31.36,"[""Comedy""]",23,0.714,0.311
USR-4518,16.48,19.38,"[""Comedy""]",22,0.732,0.377
USR-7987,34.69,65.37,"[""Romance"", ""Drama"", ""Mystery"", ""Adventure"", ""Documentary""]",35,0.706,0.557
USR-7768,21.91,82.53,"[""Drama"", ""Adventure"", ""Crime""]",23,0.768,0.574
USR-6623,10.85,20.05,"[""Animation""]",27,0.488,0.428
USR-2606,44.11,80.13,"[""Action"", ""Sci-Fi""]",22,0.709,0.463
USR-2734,32.62,77.25,"[""Sci-Fi"", ""Thriller""]",26,0.923,0.457
USR-10437,2.59,,"[""Family""]",5,0.191,1.0
USR-4813,10.24,28.82,"[""Comedy"", ""Animation""]",18,0.699,0.497
USR-10723,4.78,32.06,"[""Drama"", ""Comedy""]",4,0.636,0.538
USR-2762,39.71,113.31,"[""Action"", ""Sci-Fi"", ""Thriller""]",27,0.775,0.321
USR-6402,6.92,23.64,"[""Animation"", ""Comedy""]",17,0.475,0.336
USR-3740,,102.56,"[""Thriller"", ""Sci-Fi"", ""Action"", ""Adventure""]",15,0.833,0.327
USR-3473,41.1,128.31,"[""Thriller"", ""Action""]",21,0.9,0.545
USR-7739,30.27,55.99,"[""Drama"", ""Sci-Fi"", ""Adventure""]",34,0.649,0.602
USR-7892,18.69,41.4,"[""Crime"", ""Sci-Fi"", ""Drama""]",18,0.873,0.448
USR-8944,21.95,40.64,"[""Documentary"", ""Sci-Fi"", ""Adventure""]",32,0.708,0.513
USR-5207,9.14,24.81,"[""Comedy""]",17,0.723,0.346
USR-7372,23.09,53.02,"[""Adventure"", ""Mystery"", ""Romance""]",25,0.753,0.429
USR-1233,42.9,129.63,"[""Action"", ""Sci-Fi"", ""Thriller""]",14,0.795,0.567
USR-9259,24.64,60.14,"[""Adventure"", ""Documentary"", ""Crime"", ""Sci-Fi"", ""Drama""]",30,0.793,0.291
USR-8562,27.31,51.58,"[""Adventure"", ""Sci-Fi"", ""Drama"", ""Documentary""]",28,0.83,0.3
USR-7169,18.42,48.28,"[""Documentary"", ""Adventure"", ""Sci-Fi"", ""Mystery""]",29,0.823,0.419
USR-4597,7.35,23.97,"[""Comedy"", ""Animation""]",25,0.59,0.372
USR-7289,31.82,61.53,"[""Romance"", ""Sci-Fi"", ""Drama""]",30,0.808,0.681
USR-5633,10.92,36.23,"[""Animation"", ""Comedy""]",21,0.773,0.367
USR-1126,52.11,74.78,"[""Sci-Fi"", ""Action""]",23,0.902,0.519
USR-8642,,50.61,"[""Crime"", ""Sci-Fi"", ""Mystery""]",36,0.784,0.437
USR-7230,19.17,57.22,"[""Mystery"", ""Documentary"", ""Sci-Fi"", ""Drama"", ""Romance""]",26,0.852,0.714
USR-2297,42.91,81.46,"[""Sci-Fi"", ""Thriller"", ""Action""]",28,0.845,0.506
USR-2977,28.07,96.48,"[""Action"", ""Thriller""]",33,0.893,0.446
USR-10578,6.08,10.0,"[""Family"", ""Drama""]",4,0.6,0.64
USR-10533,3.38,22.18,"[""Drama""]",5,0.51,0.692
USR-6751,7.15,31.94,"[""Comedy"", ""Animation""]",25,0.663,0.346
USR-9153,,63.81,"[""Drama"", ""Romance"", ""Adventure"", ""Sci-Fi""]",27,0.923,0.512
USR-4087,35.03,116.54,"[""Sci-Fi"", ""Thriller""]",22,0.922,0.428
USR-10372,4.63,37.43,"[""Family""]",7,0.237,0.696
USR-7883,20.84,53.09,"[""Documentary"", ""Drama"", ""Adventure"", ""Crime"", ""Romance""]",22,0.79,0.463
USR-10401,1.3,36.01,"[""Drama""]",7,0.394,0.802
USR-8674,25.12,40.63,"[""Crime"", ""Drama"", ""Sci-Fi""]",17,0.718,0.44
USR-4346,7.94,24.4,"[""Comedy"", ""Animation""]",27,0.794,0.245
USR-9173,30.17,43.44,"[""Adventure"", ""Drama"", ""Documentary"", ""Crime"", ""Mystery""]",20,0.797,0.404
USR-10518,3.61,28.77,"[""Drama"", ""Family""]",3,0.269,0.719
USR-6871,9.4,33.89,"[""Comedy"", ""Animation""]",16,0.608,0.295
USR-7507,29.1,76.22,"[""Mystery"", ""Adventure"", ""Documentary""]",13,0.633,0.687
USR-3798,56.38,86.91,"[""Thriller"", ""Sci-Fi""]",20,0.774,0.465
USR-1919,29.84,127.85,"[""Sci-Fi"", ""Thriller"", ""Action"", ""Adventure""]",35,0.847,0.446
USR-2647,40.12,80.0,"[""Sci-Fi"", ""Action"", ""Thriller""]",20,0.969,0.326
USR-6123,7.53,26.86,"[""Comedy"", ""Animation""]",14,0.78,0.243
USR-6127,8.34,19.72,"[""Animation""]",22,0.738,0.405
USR-5622,8.22,22.72,"[""Animation""]",19,0.526,0.438
USR-7810,17.66,57.83,"[""Documentary"", ""Drama"", ""Adventure"", ""Crime"", ""Sci-Fi""]",24,0.759,0.519
USR-1365,42.72,80.74,"[""Thriller"", ""Action"", ""Sci-Fi""]",30,0.799,0.445
USR-3126,36.91,73.46,"[""Action"", ""Thriller""]",28,0.948,0.489
USR-9151,35.42,66.54,"[""Documentary"", ""Romance"", ""Crime""]",31,0.776,0.545
USR-9718,4.41,16.44,"[""Drama"", ""Family""]",6,0.491,0.678
USR-1056,39.69,82.98,"[""Thriller"", ""Sci-Fi""]",33,0.791,0.355
USR-1639,37.57,87.29,"[""Thriller"", ""Action"", ""Sci-Fi""]",20,0.942,0.281
USR-1303,45.46,89.72,"[""Action"", ""Sci-Fi"", ""Thriller""]",31,0.777,0.312
USR-6812,12.21,18.78,"[""Comedy"", ""Animation""]",23,0.74,0.473
USR-2277,33.51,81.3,"[""Sci-Fi"", ""Thriller"", ""Action""]",24,0.946,0.288
USR-5433,12.39,27.04,"[""Animation"", ""Comedy""]",21,0.538,0.362
USR-4645,11.57,20.38,"[""Comedy"", ""Animation"", ""Romance""]",23,0.717,0.288
USR-5144,8.26,27.12,"[""Comedy""]",21,0.633,0.469
USR-3879,50.7,99.7,"[""Action"", ""Thriller""]",23,0.948,0.336
USR-7494,27.61,66.35,"[""Sci-Fi"", ""Crime"", ""Adventure"", ""Documentary""]",15,0.662,0.281
USR-6241,11.11,,"[""Animation"", ""Comedy""]",16,0.631,0.153
USR-10504,2.45,32.0,"[""Comedy""]",7,0.521,0.744
USR-7938,,54.27,"[""Drama"", ""Mystery"", ""Adventure""]",23,0.648,0.487
USR-8241,24.87,45.3,"[""Crime"", ""Documentary"", ""Adventure"", ""Romance""]",34,0.801,0.384
USR-3594,42.25,67.51,"[""Sci-Fi"", ""Action"", ""Thriller""]",32,0.922,0.393
USR-3394,35.94,107.77,"[""Sci-Fi"", ""Thriller"", ""Action""]",21,0.986,0.338
USR-1524,44.85,87.39,"[""Thriller"", ""Sci-Fi"", ""Action""]",27,0.753,0.395
USR-7377,34.97,53.12,"[""Drama"", ""Romance"", ""Mystery"", ""Adventure""]",24,0.854,0.506
USR-7982,19.63,58.73,"[""Mystery"", ""Romance"", ""Documentary"", ""Sci-Fi"", ""Crime""]",26,0.906,0.197
USR-7678,20.21,55.38,"[""Sci-Fi"", ""Adventure"", ""Drama"", ""Romance"", ""Mystery""]",22,0.873,0.629
USR-4901,7.22,27.12,"[""Animation"", ""Romance""]",24,0.808,0.381
USR-10733,1.08,30.16,"[""Drama"", ""Family""]",4,0.507,0.797
USR-6586,,10.0,"[""Comedy"", ""Romance""]",19,0.841,0.398
USR-10456,2.46,38.33,"[""Comedy""]",5,0.303,0.74
USR-8957,19.28,62.68,"[""Romance"", ""Crime"", ""Drama""]",25,0.723,0.385
USR-8571,33.65,64.93,"[""Sci-Fi"", ""Crime"", ""Adventure"", ""Mystery"", ""Documentary""]",28,0.753,0.441
USR-7778,36.55,61.52,"[""Mystery"", ""Sci-Fi"", ""Romance""]",20,0.693,0.374
USR-1672,34.71,96.29,"[""Sci-Fi"", ""Action"", ""Adventure""]",25,0.795,0.415
USR-5189,9.32,21.06,"[""Animation"", ""Comedy""]",19,0.778,0.438
USR-1667,28.89,98.39,"[""Sci-Fi"", ""Thriller"", ""Adventure""]",34,0.927,0.6
USR-4267,2.05,25.12,"[""Animation""]",17,0.552,0.162
USR-2888,41.01,72.64,"[""Thriller"", ""Action""]",12,0.971,0.471
USR-9473,3.39,25.75,"[""Family""]",7,0.475,0.947
USR-10092,2.88,18.52,"[""Family"", ""Comedy""]",9,0.273,0.645
USR-8688,20.18,50.46,"[""Romance"", ""Drama"", ""Mystery"", ""Crime"", ""Documentary"", ""Slow TV""]",38,0.839,0.594
USR-7032,25.88,51.51,"[""Romance"", ""Mystery"", ""Adventure"", ""Sci-Fi""]",29,0.714,0.629
USR-7091,27.26,67.37,"[""Sci-Fi"", ""Documentary"", ""Romance"", ""Crime"", ""Adventure""]",27,0.767,0.407
USR-7239,29.67,87.9,"[""Romance"", ""Sci-Fi"", ""Mystery"", ""Documentary""]",37,0.825,0.709
USR-8351,29.45,50.31,"[""Mystery"", ""Sci-Fi"", ""Romance""]",26,0.7,0.524
USR-8831,31.21,74.0,"[""Crime"", ""Mystery"", ""Drama"", ""Sci-Fi"", ""Documentary""]",24,0.757,0.382
USR-1761,35.6,58.33,"[""Action"", ""Sci-Fi""]",16,0.761,0.43
USR-7255,21.41,50.35,"[""Romance"", ""Drama"", ""Documentary"", ""Adventure"", ""Sci-Fi""]",23,0.861,0.414
USR-2907,24.94,107.96,"[""Sci-Fi"", ""Action"", ""Adventure""]",30,0.748,0.434
USR-4819,10.79,21.09,"[""Animation"", ""Comedy""]",28,0.685,0.304
USR-7270,33.08,51.54,"[""Sci-Fi"", ""Crime"", ""Documentary"", ""Adventure""]",34,0.747,0.502
USR-5301,8.77,17.5,"[""Comedy""]",14,0.804,0.364
USR-6570,8.93,17.15,"[""Comedy"", ""Animation"", ""Romance""]",11,0.61,0.413
USR-8942,35.03,72.95,"[""Documentary"", ""Adventure"", ""Drama""]",41,0.93,0.471
USR-5165,12.26,22.64,"[""Animation"", ""Comedy""]",18,0.599,0.266
USR-6972,19.81,42.91,"[""Romance"", ""Adventure"", ""Drama"", ""Mystery"", ""Crime""]",16,0.756,0.599
USR-4580,6.69,18.41,"[""Comedy"", ""Animation""]",19,0.95,0.324
USR-3833,46.08,109.01,"[""Action"", ""Sci-Fi""]",11,0.802,0.318
USR-6450,5.61,26.85,"[""Comedy""]",23,0.563,0.384
USR-4473,,,"[""Animation"", ""Comedy"", ""Romance""]",28,0.633,0.434
USR-7328,31.14,59.91,"[""Drama"", ""Documentary"", ""Sci-Fi"", ""Crime"", ""Romance""]",18,0.827,0.509
USR-1138,22.8,99.08,"[""Thriller"", ""Sci-Fi""]",13,0.783,0.419
USR-8044,35.73,58.91,"[""Mystery"", ""Crime"", ""Sci-Fi"", ""Drama""]",25,0.725,0.353
USR-5893,10.54,23.63,"[""Animation"", ""Comedy""]",8,0.767,0.253
USR-3181,45.55,91.06,"[""Sci-Fi"", ""Thriller"", ""Crime""]",29,0.796,0.31
USR-8731,28.57,50.07,"[""Sci-Fi"", ""Crime"", ""Adventure"", ""Mystery"", ""Documentary""]",29,0.646,0.621
USR-4178,36.11,99.38,"[""Action"", ""Sci-Fi"", ""Adventure""]",24,0.77,0.468
USR-5855,12.95,28.72,"[""Animation"", ""Comedy""]",23,0.863,0.271
USR-5638,7.41,15.3,"[""Comedy"", ""Animation""]",11,0.618,0.342
USR-6116,9.19,25.27,"[""Comedy"", ""Animation""]",25,0.762,0.391
USR-8649,28.69,63.38,"[""Crime"", ""Mystery"", ""Documentary""]",18,0.826,0.342
USR-5262,7.48,10.0,"[""Comedy""]",23,0.643,0.436
USR-2332,32.96,83.93,"[""Thriller"", ""Action""]",27,0.795,0.31
USR-8003,29.79,37.36,"[""Drama"", ""Documentary"", ""Sci-Fi"", ""Adventure""]",23,0.818,0.45
USR-7942,25.83,36.94,"[""Drama"", ""Romance"", ""Crime"", ""Adventure"", ""Sci-Fi""]",31,0.842,0.15
USR-9018,20.56,67.11,"[""Crime"", ""Documentary"", ""Adventure"", ""Drama"", ""Sci-Fi""]",28,0.744,0.336
USR-7242,22.76,64.19,"[""Crime"", ""Mystery"", ""Documentary"", ""Drama"", ""Romance""]",33,0.656,0.465
USR-9010,25.65802033431363,41.18,"[""Crime"", ""Documentary"", ""Adventure"", ""Mystery""]",21,0.733,0.452
USR-7882,28.8,74.92,"[""Drama"", ""Mystery"", ""Documentary""]",28,0.807,0.527
USR-5531,14.6,26.58,"[""Animation"", ""Comedy""]",19,0.758,0.365
USR-5674,11.64,28.24,"[""Comedy"", ""Romance""]",20,0.585,0.388
USR-7997,21.99,60.84,"[""Adventure"", ""Documentary"", ""Sci-Fi""]",33,0.602,0.587
USR-2253,34.52,103.87,"[""Thriller"", ""Sci-Fi""]",26,0.74,0.524
USR-4375,9.33,20.82,"[""Comedy"", ""Animation""]",15,0.768,0.163
USR-3815,45.92,79.08,"[""Action"", ""Sci-Fi"", ""Thriller""]",29,0.895,0.321
USR-5720,6.81,23.34,"[""Animation"", ""Romance""]",26,0.706,0.542
USR-7545,24.06,55.63,"[""Crime"", ""Romance"", ""Documentary""]",33,0.768,0.573
USR-5859,7.91,21.26,"[""Comedy"", ""Animation"", ""Romance""]",17,0.58,0.265
USR-8902,30.78,66.98,"[""Adventure"", ""Sci-Fi"", ""Documentary""]",36,0.715,0.493
USR-9581,3.03,33.95,"[""Comedy"", ""Drama""]",5,0.423,0.725
USR-9428,4.53,29.89,"[""Drama""]",8,0.1,0.716
USR-2078,26.89,79.56,"[""Sci-Fi"", ""Action""]",24,0.769,0.454
USR-5364,4.87,21.46,"[""Animation"", ""Comedy""]",21,0.416,0.206
USR-1771,37.07,59.27,"[""Action"", ""Thriller"", ""Sci-Fi""]",17,0.876,0.449
USR-9866,3.08,35.83,"[""Family""]",2,0.338,0.579
USR-1250,41.07,88.38,"[""Action"", ""Sci-Fi""]",34,0.895,0.39
USR-8240,29.32,66.73,"[""Crime"", ""Sci-Fi"", ""Mystery"", ""Adventure""]",33,0.836,0.366
USR-4420,10.25,33.76,"[""Animation"", ""Comedy""]",22,0.562,0.306
USR-5977,10.76,24.09,"[""Animation"", ""Comedy""]",31,0.629,0.465
USR-5545,2.17,21.67,"[""Animation""]",17,0.74,0.271
USR-6566,9.92,25.8,"[""Animation"", ""Comedy"", ""Romance""]",17,0.625,0.491
USR-8940,23.66,52.37,"[""Sci-Fi"", ""Crime"", ""Documentary"", ""Adventure""]",27,0.837,0.574
USR-1717,,75.45,"[""Sci-Fi"", ""Thriller"", ""Action""]",30,0.979,0.422
USR-10751,4.42,38.22,"[""Comedy""]",1,0.254,0.792
USR-3049,36.6,64.99,"[""Action"", ""Sci-Fi""]",24,0.913,0.363
USR-6998,21.93,48.79,"[""Crime"", ""Drama"", ""Documentary""]",36,0.781,0.494
USR-7601,19.69,47.53,"[""Romance"", ""Adventure"", ""Crime"", ""Sci-Fi""]",20,0.742,0.52
USR-8246,22.71,50.64,"[""Mystery"", ""Sci-Fi"", ""Crime"", ""Documentary""]",17,0.805,0.713
USR-5179,10.67,26.71,"[""Comedy""]",17,0.742,0.284
USR-5810,9.13,16.67,"[""Comedy""]",21,0.524,0.332
USR-10580,2.6,34.79,"[""Comedy""]",11,0.305,0.767
USR-8141,25.92,38.86,"[""Drama"", ""Mystery"", ""Crime"", ""Documentary"", ""Romance"", ""Experimental Indie Noir""]",33,0.776,0.323
USR-8191,19.99,64.87,"[""Documentary"", ""Adventure"", ""Romance""]",32,0.843,0.596
USR-2461,39.23,95.15,"[""Action"", ""Thriller"", ""Sci-Fi""]",27,0.749,0.397
USR-6990,37.06,58.92,"[""Mystery"", ""Documentary"", ""Drama"", ""Crime""]",20,0.732,0.57
USR-3001,33.06,121.38,"[""Action"", ""Thriller"", ""Adventure""]",18,0.862,0.479
USR-9176,27.52,64.52,"[""Romance"", ""Drama"", ""Sci-Fi"", ""Adventure"", ""Documentary""]",27,0.741,0.263
USR-1405,48.28,112.01,"[""Sci-Fi"", ""Action""]",33,0.805,0.619
USR-1385,36.54,91.1,"[""Action"", ""Thriller"", ""Sci-Fi""]",25,0.87,0.408
USR-10546,2.01,14.63,"[""Drama"", ""Comedy""]",3,0.287,0.844
USR-10585,2.42,23.52,"[""Drama"", ""Family""]",9,0.594,0.631
USR-2634,43.76,-19.02542359068291,"[""Action"", ""Thriller"", ""Crime""]",19,0.848,0.321
USR-10653,2.72,26.16,,4,0.393,0.727
USR-5785,3.64,22.03,"[""Comedy"", ""Animation""]",15,0.721,0.401
USR-10554,2.89,34.08,"[""Comedy""]",5,0.521,0.833
USR-7971,25.13,71.33,"[""Drama"", ""Romance"", ""Crime"", ""Adventure""]",27,0.842,0.683
USR-4926,5.02,32.04,"[""Comedy"", ""Animation""]",31,0.59,0.393
USR-5159,9.11,16.09,"[""Animation"", ""Comedy""]",17,0.611,0.313
USR-8450,29.74,50.22,"[""Crime"", ""Adventure"", ""Drama"", ""Romance""]",25,0.852,0.577
USR-9416,3.2,39.03,"[""Drama""]",6,0.513,0.865
USR-3194,54.31,84.45,"[""Action"", ""Thriller"", ""Sci-Fi""]",30,0.671,0.276
USR-2016,41.62,70.68,"[""Thriller"", ""Sci-Fi"", ""Action""]",26,0.868,0.587
USR-6125,9.96,21.3,"[""Animation"", ""Comedy""]",19,0.423,0.387
USR-8419,21.35,82.67,"[""Romance"", ""Drama"", ""Crime""]",33,0.726,0.426
USR-8410,29.05,43.8,"[""Mystery"", ""Romance"", ""Adventure"", ""Drama"", ""Crime""]",27,0.718,0.29
USR-9990,1.84,34.03,"[""Drama""]",7,0.606,0.723
USR-3872,35.73,103.58,"[""Sci-Fi"", ""Action""]",24,1.0,0.561
USR-1010,47.78,89.65,"[""Thriller"", ""Sci-Fi"", ""Action""]",31,0.83,0.343
USR-2839,46.41,85.19,"[""Action"", ""Sci-Fi""]",27,0.877,0.473
USR-5805,8.01,20.1,"[""Animation"", ""Comedy""]",18,0.577,0.216
USR-1256,41.51,82.5,"[""Sci-Fi"", ""Action""]",25,0.821,0.617
USR-8027,-23.999506218821022,62.65,"[""Documentary"", ""Mystery"", ""Sci-Fi"", ""Crime""]",32,0.681,0.39
USR-6714,15.01,25.22,"[""Comedy""]",20,0.674,0.17
USR-4325,9.23,28.07,"[""Animation"", ""Comedy""]",26,0.731,0.229
USR-8715,23.83,46.99,"[""Mystery"", ""Crime"", ""Documentary"", ""Sci-Fi"", ""Adventure""]",31,0.595,0.482
USR-2582,44.02,109.84,"[""Thriller"", ""Sci-Fi"", ""Adventure""]",9,0.818,0.121
USR-1925,46.38,95.25,"[""Sci-Fi"", ""Thriller""]",27,0.823,0.44
USR-3780,42.0,85.67,"[""Action"", ""Sci-Fi"", ""Thriller"", ""Crime""]",26,0.91,0.372
USR-8892,31.28,65.99,"[""Romance"", ""Sci-Fi"", ""Crime""]",19,0.737,0.456
USR-7133,25.07,67.22,"[""Romance"", ""Drama"", ""Sci-Fi"", ""Adventure""]",23,0.797,0.368
USR-6321,10.17,23.97,"[""Animation"", ""Comedy""]",19,0.636,0.51
USR-8313,27.94,67.44,"[""Romance"", ""Adventure"", ""Mystery""]",25,0.802,0.581
USR-8103,28.07,69.68,"[""Crime"", ""Romance"", ""Documentary"", ""Drama"", ""Adventure""]",19,0.903,0.416
USR-7043,15.48,57.09,"[""Mystery"", ""Sci-Fi"", ""Drama""]",27,0.767,0.418
USR-4776,,27.93,"[""Comedy"", ""Animation"", ""Romance""]",29,0.629,0.403
USR-5836,8.05,22.48,"[""Comedy"", ""Animation""]",22,0.697,0.37
USR-5965,10.98,22.64,"[""Animation"", ""Romance""]",19,0.57,0.236
USR-1540,28.79,90.84,"[""Action"", ""Thriller"", ""Adventure""]",32,0.773,0.588
USR-8484,29.6,58.46,"[""Romance"", ""Mystery"", ""Documentary""]",22,0.84,0.463
USR-3746,45.43,79.39,"[""Action"", ""Thriller""]",15,0.938,0.326
USR-4720,,28.74,"[""Comedy""]",18,0.631,0.182
USR-7820,25.73,48.44,"[""Crime"", ""Drama"", ""Romance"", ""Documentary""]",18,0.773,0.515
USR-10338,3.27,17.62,"[""Comedy""]",7,0.601,0.794
USR-5469,6.78,28.38,"[""Animation""]",15,0.611,0.275
USR-1668,39.6,102.02,"[""Thriller"", ""Sci-Fi""]",39,1.0,0.351
USR-8576,22.75,62.43,"[""Crime"", ""Drama"", ""Adventure"", ""Documentary"", ""Romance""]",17,0.781,0.457
USR-9550,2.99,26.03,"[""Drama""]",1,0.333,0.585
USR-6064,11.11,28.04,"[""Comedy"", ""Animation""]",16,0.722,0.367
USR-2354,37.82,95.65,"[""Sci-Fi"", ""Thriller"", ""Adventure""]",33,0.834,0.381
USR-8115,34.1,73.28,"[""Sci-Fi"", ""Romance"", ""Adventure"", ""Documentary"", ""Mystery""]",31,0.787,0.458
USR-10872,3.12,18.57,"[""Comedy""]",5,0.203,0.664
USR-9663,3.81,26.73,"[""Comedy""]",4,0.274,0.763
USR-3704,35.15,81.17,"[""Action"", ""Thriller"", ""Crime""]",18,0.826,0.549
USR-4331,8.61,19.3,"[""Comedy""]",15,0.648,0.377
USR-9054,28.03,60.69,"[""Sci-Fi"", ""Drama"", ""Mystery"", ""Adventure"", ""Documentary""]",24,0.82,0.554
USR-4585,9.99,17.75,"[""Animation"", ""Comedy""]",18,0.696,0.423
USR-10539,1.56,25.27,"[""Drama""]",10,0.507,0.782
USR-6646,5.12,32.0,"[""Comedy""]",30,0.615,0.455
USR-4377,9.08,19.7,"[""Comedy""]",24,0.55,0.37
USR-2257,43.86,92.73,"[""Action"", ""Sci-Fi"", ""Thriller""]",31,0.834,0.458
USR-7191,25.86,55.94,"[""Adventure"", ""Sci-Fi"", ""Documentary""]",27,0.747,0.694
USR-10443,5.23,35.61,"[""Comedy""]",6,0.316,0.774
USR-6349,7.79,33.71,"[""Animation"", ""Comedy""]",22,0.492,0.313
USR-5176,10.56,27.86,"[""Animation""]",15,0.622,0.524
USR-5911,6.11,20.9,"[""Animation"", ""Comedy""]",23,0.724,0.356
USR-2853,39.0,75.94,"[""Sci-Fi"", ""Action""]",22,1.0,0.299
USR-7317,33.56,64.02,"[""Documentary"", ""Mystery"", ""Adventure"", ""Crime""]",30,0.797,0.77
USR-10953,1.69,27.46,"[""Family"", ""Avant-Garde Doc""]",9,0.393,0.7
USR-3106,47.94,106.38,"[""Action"", ""Thriller""]",24,0.901,0.291
USR-1134,38.2,72.6,"[""Sci-Fi"", ""Thriller""]",18,0.924,0.475
USR-6030,11.48,20.09,"[""Animation""]",20,0.607,0.353
USR-1929,29.22,94.85,"[""Action"", ""Sci-Fi""]",27,0.816,0.43
USR-1824,48.86,84.3,"[""Thriller"", ""Action""]",29,0.867,0.378
USR-8577,21.62,54.45,"[""Sci-Fi"", ""Adventure"", ""Crime"", ""Romance"", ""Mystery""]",34,0.78,0.515
USR-2532,29.43,84.5,"[""Sci-Fi"", ""Action"", ""Thriller"", ""Crime""]",27,0.809,0.563
USR-2215,46.29,86.71,[],32,0.807,0.317
USR-1505,33.25,101.3,"[""Thriller"", ""Sci-Fi""]",20,0.784,0.5
USR-7531,16.0,77.08,"[""Mystery"", ""Drama"", ""Romance"", ""Sci-Fi"", ""Documentary""]",22,0.742,0.329
USR-4073,29.0,91.38,"[""Action"", ""Thriller""]",17,0.85,0.299
USR-10087,2.96,31.2,"[""Comedy"", ""Drama""]",7,0.407,0.707
USR-9648,3.65,36.83,"[""Family""]",2,0.651,1.0
USR-7620,23.24,42.67,"[""Drama"", ""Crime"", ""Adventure"", ""Sci-Fi"", ""Documentary""]",30,0.882,0.346
USR-10274,2.75,40.62,"[""Drama""]",5,0.311,0.766
USR-4710,5.17,18.74,"[""Comedy"", ""Animation""]",19,0.653,0.476
USR-10679,2.41,40.17,"[""Drama"", ""Family""]",6,0.33,0.501
USR-5850,3.16,18.99,"[""Comedy"", ""Animation"", ""Romance""]",16,0.446,0.499
USR-5749,10.64,24.41,"[""Animation""]",27,0.636,0.298
USR-5269,8.66,24.3,"[""Animation"", ""Comedy"", ""Romance""]",17,0.478,0.294
USR-10978,2.7,44.82,"[""Drama""]",2,0.48,0.919
USR-9906,1.9,38.65,"[""Comedy""]",8,0.333,0.722
USR-5187,11.74,22.35,"[""Animation"", ""Comedy"", ""Romance""]",23,0.432,0.172
USR-6302,12.16,27.06,"[""Animation"", ""Comedy""]",12,0.649,0.314
USR-3924,36.68,94.85,"[""Thriller"", ""Action""]",25,0.969,0.175
USR-7589,26.4,60.34,"[""Crime"", ""Drama"", ""Sci-Fi"", ""Adventure"", ""Documentary""]",35,0.757,0.649
USR-2811,32.68,80.11,"[""Thriller"", ""Action"", ""Sci-Fi""]",20,0.894,0.499
USR-4487,4.24,31.2,"[""Comedy"", ""Animation""]",25,0.77,0.386
USR-8420,29.94,49.14,"[""Sci-Fi"", ""Crime"", ""Mystery""]",28,0.789,0.483
USR-4142,40.31,93.62,"[""Sci-Fi"", ""Thriller"", ""Crime""]",25,0.859,0.4
USR-10348,4.53,37.79,"[""Family""]",3,0.263,0.712
USR-2325,42.97,71.02,"[""Thriller"", ""Sci-Fi"", ""Action""]",32,0.954,0.22
USR-5313,6.85,29.96,,15,0.708,0.431
USR-8495,28.56,55.25,"[""Crime"", ""Drama"", ""Sci-Fi""]",39,0.805,0.488
USR-9703,5.83,27.46,"[""Comedy""]",7,0.452,0.791
USR-9692,4.02,29.22,"[""Comedy"", ""Family""]",7,0.312,0.939
USR-10601,2.46,34.12,"[""Comedy"", ""Drama""]",5,0.358,0.681
USR-6542,8.13,26.75,"[""Comedy"", ""Animation""]",17,0.512,0.379
USR-7173,25.25,59.24,"[""Romance"", ""Adventure"", ""Crime""]",29,0.705,0.662
USR-2541,49.24,102.29,"[""Sci-Fi"", ""Thriller""]",25,0.818,0.492
USR-10410,3.12,20.73,"[""Drama""]",7,0.362,0.762
USR-3682,27.55,101.64,"[""Sci-Fi"", ""Action"", ""Thriller""]",16,0.772,0.14
USR-10982,0.81,17.49,"[""Comedy""]",8,0.252,0.73
USR-7314,24.94,54.04,"[""Sci-Fi"", ""Crime"", ""Adventure""]",26,0.782,0.43
USR-2192,48.69,91.73,"[""Thriller"", ""Action"", ""Sci-Fi""]",25,0.943,0.579
USR-6294,7.71,14.68,"[""Animation""]",16,0.584,0.275
USR-2543,27.08,121.45,"[""Thriller"", ""Action"", ""Sci-Fi""]",29,0.918,0.334
USR-8057,23.66,60.13,"[""Romance"", ""Mystery"", ""Sci-Fi"", ""Documentary""]",28,0.761,0.77
USR-3540,40.52,89.72,"[""Sci-Fi"", ""Thriller""]",18,0.8,0.417
USR-1954,53.91,90.85,"[""Thriller"", ""Sci-Fi""]",30,0.91,0.45
USR-8242,,78.71,"[""Documentary"", ""Crime"", ""Drama"", ""Romance""]",39,0.817,0.53
USR-7732,27.95,55.3,"[""Drama"", ""Sci-Fi"", ""Adventure"", ""Crime""]",24,0.8,0.545
USR-5847,9.09,30.53,"[""Animation"", ""Comedy""]",26,0.436,0.383
USR-7802,27.46,65.27,"[""Romance"", ""Mystery"", ""Sci-Fi""]",34,0.814,0.497
USR-9011,28.87,51.31,"[""Mystery"", ""Romance"", ""Documentary"", ""Sci-Fi"", ""Adventure""]",16,0.773,0.46
USR-5331,3.48,34.3,"[""Animation"", ""Comedy""]",23,0.75,0.385
USR-9925,2.63,34.1,"[""Comedy"", ""Family""]",6,0.406,0.728
USR-6335,8.64,16.09,"[""Comedy"", ""Animation""]",20,0.532,0.336
USR-8331,34.61,57.54,"[""Adventure"", ""Romance"", ""Documentary""]",24,0.787,0.362
USR-10349,2.81,37.76,"[""Drama"", ""Experimental Indie Noir""]",9,0.543,0.826
USR-5730,5.38,10.0,"[""Animation""]",17,0.421,0.227
USR-7542,25.76,64.85,"[""Adventure"", ""Mystery"", ""Documentary""]",21,0.719,0.539
USR-6306,5.21,18.87,"[""Comedy""]",23,0.696,0.527
USR-6162,10.19,21.39,"[""Animation"", ""Comedy""]",23,0.633,0.513
USR-8861,30.51,44.04,"[""Adventure"", ""Mystery"", ""Documentary"", ""Romance"", ""Crime""]",25,0.808,0.581
USR-3157,49.98,104.0,"[""Action"", ""Thriller"", ""Sci-Fi"", ""Crime""]",22,0.843,0.477
USR-2063,33.25,89.31,,25,0.862,0.288
USR-2168,34.32,75.11,"[""Action"", ""Sci-Fi""]",35,0.75,0.473
USR-4637,7.97,27.16,"[""Comedy"", ""Animation""]",15,0.692,0.402
USR-8652,25.07,64.35,"[""Sci-Fi"", ""Mystery"", ""Adventure"", ""Romance"", ""Drama""]",27,0.807,0.489
USR-6589,8.35,15.11,"[""Animation"", ""Comedy"", ""Romance""]",17,0.628,0.221
USR-8193,28.34,60.41,"[""Mystery"", ""Crime"", ""Documentary"", ""Adventure"", ""Drama""]",27,0.719,0.447
USR-5492,10.12,27.51,"[""Animation""]",17,0.537,0.357
USR-8267,40.27,52.6,"[""Crime"", ""Drama"", ""Sci-Fi"", ""Mystery"", ""Romance""]",25,0.776,0.431
USR-5981,9.85,16.06,"[""Comedy"", ""Animation""]",24,0.563,0.259
USR-9336,4.11,39.79,"[""Family""]",6,0.652,0.678
USR-4737,8.715876715954959,30.58,"[""Animation"", ""Comedy""]",20,0.725,0.406
USR-5947,8.35,20.14,"[""Animation""]",21,0.72,0.331
USR-3783,44.21,105.43,"[""Action"", ""Thriller""]",38,0.852,0.377
USR-1718,30.63,74.09,"[""Thriller"", ""Action""]",21,0.866,0.444
USR-3503,36.68,118.55,"[""Action"", ""Sci-Fi""]",20,0.757,0.401
USR-5361,4.22,23.3,"[""Animation"", ""Comedy"", ""Romance""]",22,0.787,0.468
USR-5172,7.92,14.08,"[""Animation""]",15,0.424,0.318
USR-9083,34.49,47.59,"[""Crime"", ""Sci-Fi"", ""Mystery""]",32,0.726,0.325
USR-10859,3.94,35.29,"[""Comedy""]",5,0.415,0.798
USR-1396,42.52,67.58,"[""Thriller"", ""Action"", ""Adventure""]",28,0.845,0.465
USR-8187,32.7,50.35,"[""Romance"", ""Documentary"", ""Sci-Fi""]",26,0.797,0.448
USR-10921,5.18,37.28,"[""Family"", ""Comedy""]",6,0.195,0.791
USR-5493,9.79,34.24,"[""Comedy"", ""Animation""]",29,0.635,0.293
USR-2366,41.19,93.39,"[""Thriller"", ""Action"", ""Sci-Fi"", ""Adventure""]",21,0.805,0.501
USR-10624,3.41,30.93,"[""Family""]",3,0.191,0.768
USR-9788,4.77,30.52,"[""Comedy"", ""Drama""]",4,0.404,0.715
USR-6918,24.16,57.19,"[""Adventure"", ""Sci-Fi"", ""Crime"", ""Drama"", ""Documentary""]",27,0.766,0.309
USR-5969,-11.097678894889679,19.88,"[""Animation"", ""Comedy""]",19,0.483,0.445
USR-3915,51.42,95.17,"[""Thriller"", ""Action""]",33,0.852,0.364
USR-6645,4.54,28.6,"[""Animation"", ""Comedy""]",17,0.666,0.37
USR-4767,7.49,17.91,"[""Comedy""]",20,0.544,0.241
USR-4441,11.3,22.69,"[""Comedy"", ""Animation"", ""Romance""]",21,0.601,0.238
USR-8358,,61.81,"[""Documentary"", ""Crime"", ""Mystery""]",26,0.755,0.529
USR-7807,30.48,59.67,"[""Crime"", ""Drama"", ""Mystery""]",33,0.875,0.528
USR-3144,37.18,54.11,"[""Action"", ""Sci-Fi""]",21,0.924,0.554
USR-6105,9.28,23.99,"[""Animation"", ""Comedy"", ""Romance""]",18,0.61,0.42
USR-6074,12.22,29.44,"[""Comedy"", ""Animation"", ""Romance""]",25,0.871,0.127
USR-2572,42.03,87.5,"[""Thriller"", ""Sci-Fi"", ""Action""]",24,0.821,0.396
USR-5080,12.59,27.84,"[""Comedy""]",19,0.56,0.368
USR-2123,42.53,111.62,"[""Thriller"", ""Sci-Fi"", ""Adventure""]",17,0.805,0.412
USR-3787,35.65,107.22,"[""Sci-Fi"", ""Action""]",23,0.963,0.297
USR-3968,22.17,83.39,"[""Thriller"", ""Action"", ""Sci-Fi""]",17,0.882,0.386
USR-3505,37.41,99.4,"[""Thriller"", ""Sci-Fi"", ""Action""]",20,0.685,0.613
USR-6989,30.21,58.57,"[""Documentary"", ""Adventure"", ""Crime"", ""Drama""]",16,0.808,0.449
USR-9868,3.08,19.33,"[""Family""]",5,0.51,0.579
USR-8165,28.15,52.67,"[""Romance"", ""Documentary"", ""Sci-Fi""]",26,0.811,0.294
USR-1729,38.31,100.37,"[""Action"", ""Sci-Fi""]",28,0.841,0.283
USR-8588,25.85,54.77,"[""Drama"", ""Romance"", ""Crime""]",37,0.786,0.499
USR-8544,24.18,39.86,"[""Adventure"", ""Documentary"", ""Crime"", ""Mystery"", ""Romance""]",24,0.674,0.376
USR-1413,36.81,91.64,"[""Sci-Fi"", ""Thriller"", ""Action""]",27,0.904,0.31
USR-6746,12.45,16.77,"[""Animation""]",29,0.62,0.343
USR-8669,35.11,58.34,,30,0.657,0.648
USR-1826,43.71,104.55,"[""Thriller"", ""Action""]",21,0.946,0.508
USR-4268,6.28,28.52,"[""Animation""]",18,0.772,0.275
USR-4975,8.29,23.78,"[""Comedy""]",27,0.924,0.362
USR-9809,3.52,26.01,"[""Drama"", ""Comedy""]",4,0.346,0.816
USR-9307,4.69,36.2,"[""Comedy""]",4,0.361,0.831
USR-1418,40.03,115.6,"[""Sci-Fi"", ""Action""]",27,0.766,0.246
USR-7749,28.5,60.67,"[""Drama"", ""Sci-Fi"", ""Romance"", ""Adventure""]",20,0.82,0.495
USR-9968,4.5,36.72,"[""Comedy""]",4,0.543,0.865
USR-3083,44.81,80.46,"[""Sci-Fi"", ""Thriller"", ""Action""]",29,0.78,0.356
USR-9946,3.77,27.11,"[""Comedy""]",8,0.396,0.683
USR-4374,12.26,26.37,"[""Animation"", ""Comedy"", ""Romance""]",14,0.736,0.474
USR-6727,11.98,24.88,"[""Comedy"", ""Animation""]",11,0.638,0.371
USR-5108,11.59,26.32,"[""Comedy"", ""Animation"", ""Romance""]",22,0.652,0.268
USR-5381,5.43,14.88,"[""Animation"", ""Comedy""]",24,0.617,0.247
USR-8724,38.36,49.91,"[""Drama"", ""Sci-Fi"", ""Documentary"", ""Adventure"", ""Mystery""]",28,0.716,0.531
USR-2067,45.63,59.11,"[""Thriller"", ""Action"", ""Adventure""]",27,0.826,0.33
USR-4914,10.26,,"[""Animation""]",15,0.682,0.296
USR-6537,6.06,34.09,"[""Comedy"", ""Animation""]",22,0.509,0.352
USR-9003,30.96,81.27,"[""Adventure"", ""Romance"", ""Sci-Fi"", ""Crime"", ""Documentary""]",17,0.779,0.379
USR-6388,13.87,26.82,"[""Comedy"", ""Animation""]",22,0.636,0.509
USR-6733,6.64,17.56,"[""Comedy"", ""Animation""]",17,0.767,0.285
USR-3739,30.74,106.73,"[""Sci-Fi"", ""Thriller"", ""Action""]",31,0.958,0.535
USR-6053,8.9,15.56,"[""Comedy"", ""Romance""]",18,0.781,0.317
USR-5001,2.7,,"[""Comedy""]",23,0.741,0.426
USR-3428,40.68,85.67,"[""Sci-Fi"", ""Action"", ""Thriller""]",13,0.809,0.588
USR-7834,26.09,72.13,"[""Mystery"", ""Sci-Fi"", ""Crime"", ""Drama"", ""Documentary""]",24,0.898,0.318
USR-2688,42.89,84.65,"[""Thriller"", ""Sci-Fi"", ""Action"", ""Adventure""]",24,0.874,0.443
USR-1852,33.19,97.1,"[""Action"", ""Sci-Fi"", ""Thriller""]",20,0.747,0.568
USR-7304,27.65,59.51,"[""Sci-Fi"", ""Documentary"", ""Crime""]",20,0.747,0.631
USR-10088,3.75,42.77,"[""Comedy""]",8,0.328,0.512
USR-6879,8.14,16.02,"[""Animation""]",17,0.798,0.383
USR-9528,3.46,38.46,"[""Comedy""]",4,0.1,0.507
USR-3840,40.54,93.93,"[""Thriller"", ""Sci-Fi"", ""Action"", ""Adventure""]",23,0.826,0.42
USR-5612,12.22,15.88,"[""Comedy"", ""Animation""]",30,0.766,0.401
USR-10541,4.09,36.15,"[""Comedy""]",5,0.349,0.673
USR-10208,5.62,32.12,"[""Comedy""]",5,0.224,0.614
USR-3490,30.37,99.12,"[""Thriller"", ""Action"", ""Sci-Fi""]",26,0.891,0.481
USR-7906,37.99,63.93,"[""Crime"", ""Drama"", ""Mystery"", ""Romance""]",32,0.704,0.444
USR-8391,33.95,83.84,"[""Adventure"", ""Drama"", ""Sci-Fi""]",37,0.678,0.485
USR-3850,37.72,92.01,"[""Sci-Fi"", ""Thriller"", ""Action""]",13,0.819,0.456
USR-7666,22.62,66.49,"[""Mystery"", ""Documentary"", ""Romance"", ""Sci-Fi"", ""Crime""]",15,0.771,0.614
USR-6882,9.38,17.73,"[""Comedy""]",19,0.66,0.189
USR-5453,8.72,23.42,"[""Comedy"", ""Animation""]",18,0.675,0.415
USR-8422,21.08,52.32,"[""Crime"", ""Sci-Fi"", ""Mystery"", ""Adventure"", ""Drama""]",33,0.764,0.546
USR-7485,,,"[""Adventure"", ""Romance"", ""Mystery""]",22,0.863,0.537
USR-3480,32.39,82.1,"[""Action"", ""Sci-Fi"", ""Thriller""]",23,0.756,0.245
USR-7618,21.74,61.86,"[""Crime"", ""Romance"", ""Drama""]",33,0.788,0.619
USR-3142,43.85,88.11,"[""Action"", ""Sci-Fi""]",19,0.823,0.398
USR-6189,10.13,,"[""Animation"", ""Romance""]",25,0.748,0.47
USR-10803,2.38,36.06,"[""Comedy""]",5,0.346,0.695
USR-3745,44.34,66.74,"[""Thriller"", ""Sci-Fi"", ""Action""]",29,0.799,0.346
USR-8254,31.84,66.44,"[""Drama"", ""Documentary"", ""Romance"", ""Crime"", ""Mystery""]",25,0.694,0.362
USR-4507,10.11,18.23,"[""Comedy""]",24,0.607,0.237
USR-2680,43.43,98.81,"[""Action"", ""Thriller"", ""Sci-Fi""]",19,0.941,0.397
USR-5250,7.72,29.36,"[""Comedy""]",23,0.746,0.209
USR-4148,41.61,,"[""Sci-Fi"", ""Action""]",21,0.895,0.554
USR-9131,27.35,74.79,"[""Romance"", ""Crime"", ""Adventure"", ""Mystery""]",16,0.809,0.6
USR-8005,27.3,52.86,"[""Documentary"", ""Romance"", ""Crime""]",35,0.91,0.506
USR-1581,23.78,91.89,"[""Action"", ""Sci-Fi""]",22,0.72,0.439
USR-10663,3.71,31.97,"[""Drama""]",5,0.1,0.89
USR-5071,8.29,30.35,"[""Animation""]",17,0.521,0.396
USR-4344,8.71,23.33,"[""Comedy"", ""Animation""]",29,0.706,0.385
USR-8405,27.09,76.75,"[""Romance"", ""Mystery"", ""Sci-Fi"", ""Drama""]",25,0.788,0.36
USR-4673,10.39,20.86,"[""Animation""]",12,0.659,0.21
USR-1560,38.55,,"[""Action"", ""Thriller""]",13,0.854,0.476
USR-6238,6.85,23.09,"[""Comedy"", ""Animation""]",25,0.56,0.362
USR-8806,27.28,45.14,"[""Romance"", ""Sci-Fi"", ""Mystery""]",18,0.635,0.431
USR-1513,50.37,100.77,"[""Action"", ""Sci-Fi"", ""Thriller""]",22,0.726,0.378
USR-2082,30.66,83.18,"[""Sci-Fi"", ""Thriller""]",20,0.734,0.373
USR-2665,33.71,115.42,"[""Sci-Fi"", ""Action""]",21,0.799,0.572
USR-10205,1.58,32.02,"[""Drama""]",5,0.401,0.659
USR-2932,41.8,75.06,"[""Action"", ""Sci-Fi"", ""Adventure""]",30,0.86,0.277
USR-10765,4.37,42.03,"[""Drama"", ""Family""]",5,0.192,0.956
USR-2151,35.43,104.63,"[""Sci-Fi"", ""Thriller""]",26,0.886,0.462
USR-3839,31.54,70.5,"[""Sci-Fi"", ""Thriller""]",13,0.955,0.374
USR-6950,16.61,85.53,"[""Adventure"", ""Crime"", ""Mystery"", ""Drama"", ""Sci-Fi""]",27,0.728,0.57
USR-9309,2.02,,"[""Drama""]",4,0.517,0.974
USR-9933,2.31,27.39,"[""Family""]",8,0.48,0.768
USR-10887,4.78,51.44,"[""Family"", ""Comedy""]",1,0.655,0.789
USR-6178,10.54,23.78,"[""Comedy"", ""Animation""]",13,0.552,0.273
USR-1831,39.13,83.04,"[""Action"", ""Thriller""]",37,0.879,0.392
USR-9312,2.74,26.29,"[""Family"", ""Comedy""]",5,0.351,0.704
USR-5753,8.76,24.97,"[""Comedy"", ""Animation""]",27,0.648,0.486
USR-10820,2.81,36.94,"[""Drama"", ""Family""]",6,0.191,0.641
USR-1636,39.03,100.89,"[""Thriller"", ""Action"", ""Sci-Fi""]",39,0.881,0.425
USR-5466,8.62,17.54,"[""Comedy"", ""Animation""]",26,0.683,0.395
USR-7800,35.03,55.26,"[""Sci-Fi"", ""Mystery"", ""Documentary"", ""Adventure""]",28,0.639,0.538
USR-8988,21.3,59.69,"[""Drama"", ""Documentary"", ""Mystery""]",31,0.767,0.337
USR-8080,18.08,61.99,"[""Drama"", ""Documentary"", ""Adventure"", ""Mystery""]",24,0.766,0.541
USR-7967,27.67,50.8,"[""Adventure"", ""Crime"", ""Romance"", ""Sci-Fi""]",27,0.7,0.516
USR-5143,6.5,36.3,"[""Animation"", ""Comedy""]",29,0.568,0.304
USR-8028,31.18,43.06,"[""Crime"", ""Documentary"", ""Sci-Fi"", ""Adventure"", ""Drama""]",17,0.681,0.264
USR-10184,1.6,32.36,"[""Family""]",7,0.265,0.918
USR-1877,24.03,106.25,"[""Sci-Fi"", ""Thriller"", ""Action""]",30,0.801,0.276
USR-5870,9.34,25.14,"[""Animation"", ""Comedy""]",15,0.528,0.148
USR-6316,,27.56,"[""Comedy"", ""Animation""]",16,0.756,0.432
USR-6223,7.19,25.64,"[""Comedy"", ""Animation""]",26,0.556,0.395
USR-1005,36.95,91.54,"[""Action"", ""Thriller"", ""Sci-Fi""]",20,0.788,0.515
USR-4052,29.25,101.06,"[""Action"", ""Thriller""]",22,0.945,0.461
USR-6692,9.69,24.85,"[""Animation"", ""Comedy"", ""Romance""]",16,0.848,0.352
USR-4125,42.55,103.17,"[""Action"", ""Thriller""]",24,0.854,0.362
USR-3492,31.42,114.49,"[""Sci-Fi"", ""Action""]",20,0.785,0.482
USR-4855,11.74,24.36,"[""Animation"", ""Comedy""]",21,0.763,0.339
USR-5778,7.83,15.26,"[""Comedy""]",16,0.814,0.551
USR-8510,18.11,44.42,"[""Documentary"", ""Adventure"", ""Sci-Fi""]",16,0.729,0.525
USR-7458,29.99,52.66,"[""Drama"", ""Adventure"", ""Romance""]",35,0.832,0.437
USR-7294,40.14,54.1,"[""Documentary"", ""Crime"", ""Drama"", ""Sci-Fi""]",27,0.627,0.794
USR-2149,35.33,115.07,"[""Thriller"", ""Sci-Fi"", ""Action""]",25,0.86,0.651
USR-1575,45.03,83.75,"[""Thriller"", ""Sci-Fi"", ""Action""]",22,0.707,0.513
USR-4770,12.66,28.4,"[""Comedy"", ""Animation"", ""Romance""]",16,0.688,0.277
USR-5147,4.4,31.05,"[""Animation""]",27,0.565,0.392
USR-1854,31.55,83.2,"[""Action"", ""Thriller""]",9,0.731,0.286
USR-6920,21.02,63.16,"[""Crime"", ""Documentary"", ""Adventure"", ""Romance"", ""Mystery""]",20,0.656,0.567
USR-10359,3.71,33.04,"[""Comedy""]",5,0.458,0.728
USR-7615,32.86,70.6,"[""Crime"", ""Adventure"", ""Romance"", ""Mystery""]",28,0.813,0.399
USR-7003,23.78,66.07,"[""Sci-Fi"", ""Drama"", ""Adventure"", ""Crime""]",14,0.842,0.381
USR-10164,4.55,34.37,"[""Drama"", ""Comedy""]",1,0.416,0.645
USR-5496,10.64,33.56,"[""Comedy"", ""Animation""]",26,0.742,0.269
USR-9174,25.08,53.62,"[""Sci-Fi"", ""Mystery"", ""Drama"", ""Romance"", ""Adventure""]",21,0.73,0.602
USR-7656,22.08,50.11,"[""Sci-Fi"", ""Adventure"", ""Romance""]",29,0.98,0.48
USR-3369,22.88,110.86,"[""Sci-Fi"", ""Thriller"", ""Action""]",11,0.838,0.514
USR-5781,6.76,33.67,"[""Animation"", ""Comedy""]",14,0.635,0.396
USR-8993,13.73,39.7,"[""Adventure"", ""Mystery"", ""Romance"", ""Sci-Fi""]",30,0.751,0.285
USR-3951,32.49,69.65,"[""Action"", ""Thriller"", ""Sci-Fi"", ""Adventure""]",28,0.943,0.316
USR-6626,4.71,30.58,"[""Animation"", ""Comedy""]",21,0.726,0.254
USR-7972,32.72,59.71,"[""Sci-Fi"", ""Crime"", ""Drama""]",37,0.77,0.693
USR-9717,3.52,33.82,"[""Family""]",5,0.443,0.8
USR-2842,32.7,82.98,"[""Sci-Fi"", ""Action"", ""Thriller"", ""Crime""]",20,0.866,0.429
USR-6987,33.78,59.25,"[""Romance"", ""Mystery"", ""Drama"", ""Adventure"", ""Documentary""]",33,0.716,0.352
USR-1538,34.89,95.15,"[""Action"", ""Thriller""]",35,0.884,0.498
USR-3807,32.63,77.92,"[""Thriller"", ""Action""]",23,0.754,0.405
USR-6802,8.17,12.76,"[""Animation""]",25,0.717,0.54
USR-6597,9.34,16.13,"[""Comedy"", ""Animation""]",11,0.606,0.509
USR-8207,31.48,54.51,"[""Adventure"", ""Sci-Fi"", ""Romance"", ""Drama""]",17,0.736,0.152
USR-8344,30.29,44.5,"[""Drama"", ""Documentary"", ""Crime"", ""Sci-Fi"", ""Romance""]",34,0.699,0.601
USR-8561,29.09,71.77,"[""Documentary"", ""Romance"", ""Sci-Fi"", ""Adventure"", ""Mystery""]",25,0.739,0.575
USR-9097,25.77,69.25,"[""Crime"", ""Adventure"", ""Sci-Fi"", ""Romance"", ""Documentary""]",19,0.719,0.385
USR-1785,39.29,56.04,"[""Thriller"", ""Sci-Fi"", ""Action"", ""Adventure""]",21,0.905,0.307
USR-2410,57.53,79.64,"[""Sci-Fi"", ""Thriller""]",31,0.758,0.36
USR-1155,-11.232757593238016,82.2,,31,0.973,0.195
USR-8807,23.51,59.73,"[""Adventure"", ""Documentary"", ""Sci-Fi""]",27,0.761,0.427
USR-4010,50.49,119.27,"[""Action"", ""Thriller""]",25,0.941,0.153
USR-2687,30.05,79.26,"[""Sci-Fi"", ""Action"", ""Thriller"", ""Adventure""]",28,0.809,0.587
USR-5015,3.52,26.88,"[""Animation""]",27,0.572,0.466
USR-8456,22.24,54.1,"[""Crime"", ""Romance"", ""Sci-Fi""]",23,0.696,0.533
USR-4864,11.65,19.13,"[""Animation"", ""Comedy""]",26,0.708,0.552
USR-3734,42.58,,"[""Sci-Fi"", ""Thriller""]",28,0.85,0.42
USR-2896,38.6,96.6,"[""Thriller"", ""Sci-Fi"", ""Action"", ""Crime""]",23,0.747,0.313
USR-6443,6.22,28.21,"[""Animation"", ""Comedy""]",22,0.645,0.272
USR-1570,45.3,94.03,"[""Action"", ""Sci-Fi"", ""Thriller""]",21,0.784,0.488
USR-7710,23.5,49.51,"[""Romance"", ""Adventure"", ""Documentary"", ""Crime""]",20,0.733,0.437
USR-6855,9.84,26.01,"[""Animation"", ""Comedy""]",26,0.66,0.356
USR-2817,33.8,99.53,"[""Thriller"", ""Action""]",19,0.948,0.37
USR-9320,4.47,36.38,"[""Comedy"", ""Drama""]",6,0.359,0.768
USR-4395,9.31,21.47,"[""Comedy""]",17,0.69,0.416
USR-4328,4.9,21.34,"[""Animation"", ""Comedy""]",23,0.682,0.358
USR-1517,26.42189959332063,106.69,"[""Action"", ""Sci-Fi""]",21,0.854,0.384
USR-7103,29.32,56.6,"[""Crime"", ""Drama"", ""Adventure"", ""Mystery"", ""Sci-Fi""]",18,0.823,0.547
USR-3976,41.27,87.57,"[""Sci-Fi"", ""Thriller"", ""Crime""]",23,0.698,0.526
USR-1981,37.0,90.5,"[""Action"", ""Sci-Fi""]",35,0.882,0.474
USR-1191,28.91,107.9,"[""Action"", ""Sci-Fi""]",22,0.894,0.633
USR-10332,2.33,31.92,"[""Family""]",4,0.347,0.646
USR-6089,11.67,27.12,"[""Comedy"", ""Animation""]",21,0.613,0.329
USR-1700,43.51,73.3,"[""Thriller"", ""Sci-Fi"", ""Action""]",29,0.953,0.679
USR-10858,5.36,35.45,"[""Family""]",4,0.447,0.554
USR-1607,43.24,74.97,"[""Thriller"", ""Sci-Fi"", ""Action""]",34,0.721,0.396
USR-1302,45.89,115.37,"[""Sci-Fi"", ""Thriller""]",39,0.798,0.433
USR-4421,10.15,24.72,"[""Comedy"", ""Animation""]",9,0.581,0.46
USR-10903,3.77,42.35,"[""Drama""]",5,0.58,0.737
USR-2061,35.28,94.6,"[""Action"", ""Thriller"", ""Sci-Fi""]",24,0.956,0.452
USR-4445,7.65,19.71,"[""Animation""]",21,0.783,0.242
USR-2070,29.17,95.15,"[""Sci-Fi"", ""Thriller""]",25,0.788,0.386
USR-3206,44.72,82.2,"[""Action"", ""Thriller""]",15,0.786,0.365
USR-10436,3.04,46.38,"[""Comedy""]",7,0.246,0.628
USR-8340,18.02,56.64,"[""Documentary"", ""Sci-Fi"", ""Crime"", ""Romance"", ""Mystery""]",36,0.665,0.652
USR-9209,27.81,58.98,"[""Documentary"", ""Sci-Fi"", ""Drama""]",20,0.673,0.413
USR-8680,25.05,53.15,"[""Mystery"", ""Crime"", ""Sci-Fi"", ""Adventure"", ""Documentary""]",24,0.718,0.532
USR-5643,7.73,26.36,"[""Comedy"", ""Romance""]",19,0.593,0.204
USR-8684,27.08,35.0,"[""Mystery"", ""Sci-Fi"", ""Romance"", ""Documentary"", ""Adventure""]",23,0.812,0.382
USR-10008,1.64,39.26,"[""Family""]",8,0.208,0.864
USR-8997,32.45,56.28,"[""Mystery"", ""Documentary"", ""Romance"", ""Crime""]",26,0.833,0.53
USR-6601,6.53,31.97,"[""Comedy"", ""Animation""]",15,0.809,0.447
USR-10152,3.54,38.42,"[""Drama""]",9,0.217,0.649
USR-8023,37.58,52.36,"[""Documentary"", ""Drama"", ""Mystery"", ""Romance""]",30,0.829,0.324
USR-5894,9.15,16.46,"[""Animation"", ""Comedy""]",19,0.627,0.463
USR-1226,39.35,75.03,"[""Action"", ""Thriller""]",30,0.872,0.485
USR-4355,3.03,27.92,"[""Animation"", ""Comedy""]",23,0.705,0.207
USR-6896,5.76,,"[""Animation"", ""Comedy""]",20,0.705,0.394
USR-9755,2.25,41.53,"[""Comedy""]",4,0.299,0.526
USR-4437,7.46,29.4,"[""Comedy""]",25,0.576,0.284
USR-2694,41.17,115.56,"[""Thriller"", ""Sci-Fi""]",22,1.0,0.422
USR-7894,32.64,57.86,"[""Crime"", ""Drama"", ""Documentary"", ""Mystery"", ""Adventure""]",21,0.741,0.484
USR-2046,30.46,73.34,"[""Thriller"", ""Action""]",28,1.0,0.396
USR-4447,10.77,21.75,"[""Comedy"", ""Animation"", ""Romance""]",25,0.613,0.245
USR-9051,19.53,35.0,"[""Romance"", ""Sci-Fi"", ""Documentary"", ""Crime"", ""Drama""]",22,0.779,0.628
USR-10147,0.1,53.86,"[""Family""]",1,0.315,0.809
USR-8070,12.160086118561416,50.39,"[""Adventure"", ""Mystery"", ""Romance""]",16,0.751,0.628
USR-5736,9.93,21.98,"[""Animation"", ""Comedy""]",19,0.613,0.375
USR-5497,9.81,23.17,"[""Comedy""]",20,0.71,0.52
USR-2219,39.28,91.51,"[""Action"", ""Thriller""]",23,0.952,0.326
USR-7016,25.23,73.81,"[""Romance"", ""Documentary"", ""Drama"", ""Adventure""]",27,0.745,0.281
USR-10720,3.81,10.0,"[""Drama""]",1,0.403,0.878
USR-4988,7.91,27.28,"[""Animation""]",21,0.662,0.373
USR-5912,3.43,34.41,"[""Animation""]",25,0.524,0.43
USR-10493,3.07,19.91,"[""Drama""]",8,0.494,0.627
USR-5494,10.06,26.63,"[""Comedy""]",18,0.636,0.401
USR-7945,32.9,66.55,"[""Romance"", ""Crime"", ""Drama""]",20,0.744,0.555
USR-6700,8.53,24.13,"[""Comedy"", ""Animation""]",25,0.607,0.48
USR-9353,1.95,29.0,"[""Comedy""]",6,0.403,0.809
USR-1957,24.72,76.78,"[""Action"", ""Sci-Fi""]",15,0.717,0.623
USR-3870,36.34,92.11,"[""Sci-Fi"", ""Thriller"", ""Adventure""]",30,0.624,0.367
USR-5434,6.37,20.77,"[""Comedy"", ""Animation"", ""Romance""]",23,0.569,0.265
USR-5974,5.64,18.85,"[""Animation""]",22,0.565,0.458
USR-3962,33.56,110.0,"[""Action"", ""Sci-Fi""]",33,0.836,0.333
USR-3201,46.6,101.53,"[""Thriller"", ""Sci-Fi"", ""Action""]",20,0.87,0.541
USR-1099,37.26,124.17,"[""Action"", ""Sci-Fi""]",32,0.871,0.56
USR-10948,2.15,42.18,"[""Comedy""]",5,0.332,0.58
USR-3558,38.41,71.45,"[""Action"", ""Sci-Fi"", ""Thriller"", ""Crime""]",32,0.663,0.481
USR-9446,4.85,16.62,"[""Comedy""]",5,0.36,0.759
USR-5200,8.67,28.57,"[""Comedy"", ""Animation"", ""Romance""]",21,0.505,0.203
USR-10638,3.08,18.35,"[""Family""]",8,0.359,0.579
USR-6540,8.13,25.15,"[""Comedy""]",21,0.748,0.1
USR-2649,37.87,77.18,"[""Action"", ""Thriller""]",28,0.717,0.204
USR-7198,29.26,62.98,"[""Drama"", ""Romance"", ""Sci-Fi""]",30,0.71,0.281
USR-7296,29.24,50.08,"[""Romance"", ""Mystery"", ""Adventure""]",27,0.74,0.701
USR-5500,13.14,31.56,"[""Comedy"", ""Animation""]",27,0.742,0.429
USR-2155,32.28,92.74,"[""Thriller"", ""Sci-Fi""]",21,0.821,0.414
USR-3256,39.74,101.39,"[""Action"", ""Thriller""]",22,0.669,0.55
USR-4171,39.32,78.09,"[""Thriller"", ""Action"", ""Sci-Fi""]",25,0.899,0.516
USR-8401,24.94,36.84,"[""Sci-Fi"", ""Romance"", ""Mystery""]",28,0.653,0.182
USR-8159,21.95,50.81,"[""Adventure"", ""Sci-Fi"", ""Romance"", ""Crime"", ""Mystery""]",26,0.785,0.639
USR-4109,36.95,94.75,"[""Thriller"", ""Sci-Fi""]",32,0.918,0.423
USR-5549,6.44,-40.15357967087614,"[""Comedy"", ""Animation""]",19,0.728,0.23
USR-6424,9.87,25.39,"[""Animation""]",15,0.613,0.245
USR-3050,34.48,126.85,"[""Thriller"", ""Sci-Fi"", ""Action""]",26,0.742,0.398
USR-10209,1.6,28.95,"[""Comedy""]",7,0.397,0.66
USR-9816,605.6528901460014,571.9302204639516,"[""Drama"", ""Comedy""]",6,0.18,0.539
USR-10896,3.72,33.55,"[""Drama"", ""Family""]",8,0.359,0.928
USR-1263,43.23,108.55,"[""Action"", ""Sci-Fi""]",28,0.886,0.343
USR-5062,8.98,25.66,"[""Comedy""]",33,0.742,0.154
USR-6535,9.49,26.15,"[""Comedy""]",25,0.661,0.451
USR-7617,20.08,61.03,"[""Documentary"", ""Sci-Fi"", ""Drama""]",33,0.814,0.631
USR-9121,26.14,50.47,"[""Drama"", ""Sci-Fi"", ""Adventure"", ""Documentary""]",24,0.765,0.453
USR-9156,22.52,62.1,"[""Crime"", ""Adventure"", ""Romance"", ""Sci-Fi"", ""Mystery""]",30,0.666,0.44
USR-2803,27.8,113.31,"[""Thriller"", ""Sci-Fi"", ""Action""]",32,0.845,0.638
USR-5737,9.28,26.06,"[""Animation"", ""Comedy"", ""Romance""]",16,0.685,0.467
USR-3386,31.16,83.99,"[""Thriller"", ""Sci-Fi"", ""Crime""]",23,0.884,0.377
USR-7695,22.13,-54.14164131372378,"[""Mystery"", ""Adventure"", ""Sci-Fi"", ""Documentary"", ""Crime""]",18,0.787,0.438
USR-6760,8.53,18.85,"[""Animation"", ""Romance""]",22,0.623,0.168
USR-2960,39.8,116.75,"[""Thriller"", ""Sci-Fi"", ""Action""]",30,0.701,0.344
USR-3977,-4.219297025649336,76.57,"[""Sci-Fi"", ""Action"", ""Thriller""]",27,0.853,0.39
USR-9681,3.19,50.67,[],4,0.321,0.593
USR-2844,37.78,76.24,"[""Thriller"", ""Sci-Fi""]",26,0.788,0.286
USR-2735,31.08,91.65,"[""Action"", ""Thriller"", ""Sci-Fi""]",27,0.652,0.525
USR-3912,39.56,110.0,"[""Action"", ""Sci-Fi"", ""Thriller""]",27,0.897,0.314
USR-9339,2.87,26.62,"[""Comedy""]",3,0.466,0.609
USR-2987,32.84,89.22,"[""Thriller"", ""Action""]",19,0.833,0.488
USR-10562,0.96,22.38,"[""Drama""]",4,0.445,0.718
USR-7547,27.12,62.69,"[""Mystery"", ""Crime"", ""Adventure"", ""Drama""]",21,0.698,0.446
USR-8099,22.17,69.75,"[""Crime"", ""Romance"", ""Mystery"", ""Documentary""]",30,0.734,0.523
USR-3812,31.82,83.93,"[""Action"", ""Thriller"", ""Crime""]",20,0.911,0.465
USR-1660,36.7,98.15,"[""Action"", ""Sci-Fi""]",11,0.809,0.534
USR-3512,31.98,76.9,"[""Action"", ""Sci-Fi""]",20,0.795,0.357
USR-5283,11.5,21.65,"[""Comedy""]",20,0.567,0.549
USR-10340,4.17,24.21,"[""Drama""]",5,0.637,0.711
USR-9801,2.27,21.06,"[""Family""]",4,0.417,0.627
USR-7288,29.61,71.41,"[""Mystery"", ""Drama"", ""Documentary"", ""Crime"", ""Sci-Fi""]",26,0.767,0.34
USR-2931,25.87,98.3,"[""Sci-Fi"", ""Action"", ""Crime""]",32,1.0,0.453
USR-8126,27.99,53.59,"[""Documentary"", ""Drama"", ""Mystery""]",31,0.829,0.487
USR-1198,43.98,80.56,"[""Sci-Fi"", ""Thriller""]",12,0.897,0.454
USR-8778,20.07,55.01,"[""Sci-Fi"", ""Mystery"", ""Drama"", ""Crime"", ""Documentary""]",22,0.666,0.494
USR-3932,31.74,99.95,"[""Sci-Fi"", ""Thriller"", ""Crime""]",19,0.837,0.369
USR-9005,30.91,48.98,"[""Sci-Fi"", ""Crime"", ""Documentary"", ""Adventure""]",21,0.776,0.508
USR-3328,42.67,93.42,"[""Action"", ""Sci-Fi""]",14,0.822,0.59
USR-5390,12.26,25.55,"[""Animation"", ""Comedy""]",21,0.649,0.466
USR-9959,3.0,33.01,"[""Comedy"", ""Drama""]",5,0.46,0.594
USR-5219,6.06,16.59,"[""Animation"", ""Comedy""]",23,0.666,0.457
USR-1203,40.28,72.73,"[""Thriller"", ""Action"", ""Sci-Fi"", ""Crime""]",29,0.984,0.588
USR-4511,7.03,23.6,"[""Animation""]",17,0.673,0.354
USR-5932,8.16,30.0,"[""Animation""]",16,0.739,0.397
USR-6536,9.65,19.9,"[""Animation"", ""Comedy""]",19,0.824,0.154
USR-6792,12.33,24.15,"[""Comedy"", ""Animation""]",24,0.643,0.463
USR-2708,29.45,76.77,"[""Thriller"", ""Sci-Fi"", ""Action""]",15,0.827,0.413
USR-6173,13.8,21.76,"[""Animation"", ""Comedy""]",19,0.729,0.414
USR-6250,10.92,25.16,"[""Comedy"", ""Animation"", ""Romance""]",18,0.808,0.475
USR-7529,27.33,54.3,"[""Crime"", ""Sci-Fi"", ""Romance"", ""Documentary"", ""Adventure""]",31,0.92,0.459
USR-10947,2.71,27.33,"[""Comedy""]",8,0.259,0.774
USR-6856,10.51,25.26,"[""Animation"", ""Comedy""]",26,0.505,0.482
USR-9165,,46.97,"[""Adventure"", ""Documentary"", ""Romance"", ""Drama""]",39,0.842,0.481
USR-1855,41.88,85.01,"[""Thriller"", ""Sci-Fi"", ""Adventure""]",24,0.963,0.516
USR-5738,9.58,18.51,"[""Comedy"", ""Animation""]",18,0.723,0.429
USR-1699,33.06,98.47,"[""Thriller"", ""Action""]",22,0.78,0.359
USR-4697,7.74,21.32,"[""Comedy""]",24,0.611,0.564
USR-2637,34.26,80.74,"[""Sci-Fi"", ""Action"", ""Thriller""]",30,1.0,0.35
USR-8281,36.66,67.89,"[""Documentary"", ""Mystery"", ""Sci-Fi""]",24,0.853,0.412
USR-8555,31.22,63.39,"[""Adventure"", ""Crime"", ""Mystery""]",21,0.74,0.287
USR-4582,7.33,29.82,"[""Comedy""]",21,0.708,0.405
USR-2292,31.01,111.01,"[""Sci-Fi"", ""Thriller""]",24,0.883,0.37
USR-7586,22.88,56.39,"[""Drama"", ""Documentary"", ""Adventure""]",23,0.806,0.47
USR-2854,,84.69,"[""Action"", ""Sci-Fi"", ""Crime""]",36,0.751,0.315
USR-6233,9.77,24.62,"[""Animation""]",26,0.742,0.438
USR-4764,7.57,17.92,"[""Animation"", ""Comedy""]",17,0.819,0.416
USR-4305,8.77,21.11,"[""Comedy""]",17,0.696,0.363
USR-2496,38.51,105.65,"[""Thriller"", ""Sci-Fi""]",39,0.948,0.503
USR-8995,27.72,55.34,"[""Adventure"", ""Crime"", ""Drama"", ""Mystery""]",28,0.741,0.523
USR-2999,42.51,118.07,"[""Thriller"", ""Action""]",23,0.829,0.481
USR-1664,27.8,108.24,"[""Sci-Fi"", ""Thriller""]",28,0.866,0.438
USR-4749,10.45,23.54,"[""Comedy"", ""Animation""]",21,0.616,0.409
USR-5414,,31.01,"[""Comedy"", ""Animation""]",21,0.46,0.349
USR-6531,9.67,15.9,"[""Comedy"", ""Animation""]",18,0.721,0.313
USR-6576,3.83,12.11,"[""Comedy""]",19,0.731,0.513
USR-9902,2.73,58.0,,8,0.411,0.777
USR-8527,27.02,53.59,"[""Documentary"", ""Sci-Fi"", ""Adventure"", ""Drama"", ""Crime""]",10,0.814,0.449
USR-10475,2.55,16.65,"[""Drama"", ""Comedy""]",4,0.309,0.554
USR-6865,4.88,23.83,"[""Comedy"", ""Animation""]",28,0.742,0.208
USR-7777,31.24,61.65,"[""Mystery"", ""Drama"", ""Romance""]",36,0.768,0.348
USR-2307,24.78,103.43,"[""Sci-Fi"", ""Thriller"", ""Action""]",36,0.862,0.443
USR-8393,31.74,70.83,"[""Romance"", ""Mystery"", ""Crime"", ""Drama"", ""Adventure""]",23,0.773,0.555
USR-6593,6.36,22.65,"[""Animation"", ""Comedy"", ""Romance""]",21,0.665,0.203
USR-10722,2.42,25.31,"[""Comedy"", ""Family""]",5,0.422,0.511
USR-2664,37.63,79.78,"[""Action"", ""Sci-Fi"", ""Adventure""]",22,0.897,0.49
USR-6451,8.13,21.74,"[""Animation""]",13,0.667,0.322
USR-9470,2.6498877048414946,35.16,"[""Comedy""]",9,0.457,0.966
USR-4628,12.75,30.98,"[""Comedy"", ""Animation""]",27,0.592,0.264
USR-3694,49.08,91.34,"[""Sci-Fi"", ""Thriller"", ""Action""]",13,0.895,0.398
USR-10790,3.31,40.43,"[""Comedy""]",3,0.258,0.614
USR-6916,29.69,63.48,"[""Mystery"", ""Romance"", ""Crime""]",20,0.81,0.576
USR-4158,36.27,110.19,"[""Action"", ""Thriller""]",24,0.743,0.255
USR-10915,5.13,32.38,"[""Comedy""]",5,0.626,0.657
USR-7669,23.13,54.61,"[""Mystery"", ""Documentary"", ""Crime""]",28,0.734,0.533
USR-2060,32.5,95.33,"[""Sci-Fi"", ""Thriller""]",19,0.868,0.385
USR-5637,11.02,17.51,"[""Animation"", ""Comedy""]",15,0.746,0.395
USR-4243,6.92,25.9,"[""Comedy""]",17,0.811,0.393
USR-2679,33.97,116.91,"[""Action"", ""Sci-Fi""]",20,0.812,0.665
USR-7893,38.6,38.35,"[""Crime"", ""Romance"", ""Adventure"", ""Drama"", ""Mystery""]",23,0.795,0.291
USR-7375,30.84,62.21,"[""Adventure"", ""Mystery"", ""Documentary""]",21,0.745,0.262
USR-8575,28.94,53.84,"[""Mystery"", ""Drama"", ""Crime""]",24,0.803,0.443
USR-2758,27.88,82.12,"[""Sci-Fi"", ""Thriller"", ""Action""]",23,0.808,0.46
USR-7020,32.03,60.88,"[""Adventure"", ""Romance"", ""Mystery"", ""Sci-Fi"", ""Documentary""]",29,0.753,0.504
USR-6117,8.22,32.13,"[""Animation""]",22,0.505,0.282
USR-9756,2.81,20.75,"[""Family""]",7,0.605,0.959
USR-8409,22.69,49.3,"[""Drama"", ""Documentary"", ""Crime"", ""Sci-Fi""]",31,0.747,0.418
USR-3791,43.87,83.62,"[""Action"", ""Sci-Fi"", ""Thriller""]",8,0.938,0.496
USR-1864,48.68,100.26,"[""Thriller"", ""Sci-Fi"", ""Crime""]",40,0.855,0.59
USR-8859,24.85,81.42,"[""Adventure"", ""Sci-Fi"", ""Crime""]",27,0.681,0.534
USR-2485,50.26,103.91,"[""Sci-Fi"", ""Thriller""]",31,0.933,0.496
USR-8036,21.16,54.82,"[""Romance"", ""Documentary"", ""Sci-Fi"", ""Mystery""]",33,0.784,0.448
USR-8722,18.58,66.12,"[""Romance"", ""Mystery"", ""Drama"", ""Sci-Fi"", ""Documentary""]",27,0.79,0.57
USR-6978,20.41,49.58,"[""Crime"", ""Drama"", ""Romance"", ""Adventure""]",37,0.824,0.497
USR-6135,11.28,28.15,"[""Comedy"", ""Animation""]",12,0.592,0.447
USR-1207,34.05,91.8,"[""Action"", ""Sci-Fi"", ""Thriller""]",25,0.76,0.244
USR-5489,15.13,19.92,"[""Animation"", ""Comedy""]",28,0.683,0.271
USR-7939,15.75,66.39,"[""Sci-Fi"", ""Crime"", ""Mystery""]",21,0.758,0.678
USR-10063,3.76,32.2,"[""Family"", ""Drama""]",6,0.386,0.617
USR-7911,32.84,63.21,"[""Mystery"", ""Crime"", ""Adventure""]",15,0.843,0.432
USR-1503,33.21,79.53,"[""Action"", ""Thriller"", ""Crime""]",19,0.733,0.513
USR-8386,22.41,62.28,"[""Sci-Fi"", ""Crime"", ""Documentary""]",26,0.693,0.653
USR-2029,30.83,124.45,"[""Thriller"", ""Action"", ""Sci-Fi""]",16,0.746,0.551
USR-4841,12.2,25.56,"[""Comedy"", ""Animation""]",17,0.553,0.276
USR-9111,29.36,62.33,"[""Romance"", ""Documentary"", ""Crime""]",25,0.738,0.252
USR-6057,9.44,23.0,"[""Comedy"", ""Animation""]",19,0.752,0.448
USR-10763,2.73,26.68,"[""Family""]",5,0.329,0.738
USR-9155,26.13,66.11,"[""Mystery"", ""Sci-Fi"", ""Adventure"", ""Documentary"", ""Crime""]",29,0.745,0.58
USR-3732,38.97,,"[""Thriller"", ""Sci-Fi""]",22,0.873,0.404
USR-9997,3.2,28.18,"[""Family""]",5,0.372,0.8
USR-3455,43.26,78.97,"[""Action"", ""Sci-Fi"", ""Thriller""]",33,0.861,0.57
USR-8216,12.0,48.61,"[""Romance"", ""Drama"", ""Crime"", ""Mystery""]",30,0.866,0.531
USR-4105,46.97,107.61,"[""Thriller"", ""Action"", ""Sci-Fi"", ""Adventure""]",27,0.916,0.594
USR-9393,5.29,37.23,[],3,0.301,0.658
USR-7279,36.89,68.2,"[""Sci-Fi"", ""Mystery"", ""Romance"", ""Crime""]",22,0.78,0.565
USR-4100,39.06,85.46,"[""Sci-Fi"", ""Thriller""]",18,0.887,0.495
USR-7185,22.48,47.37,"[""Romance"", ""Drama"", ""Mystery"", ""Crime""]",24,0.821,0.485
USR-4562,9.85,27.0,"[""Comedy"", ""Animation""]",23,0.464,0.393
USR-6893,6.24,25.46,"[""Animation"", ""Romance""]",23,0.727,0.171
USR-1392,34.73,,"[""Action"", ""Sci-Fi"", ""Thriller"", ""Crime""]",27,0.768,0.416
USR-7737,-7.604120578864342,82.88,"[""Mystery"", ""Drama"", ""Documentary""]",17,0.662,0.389
USR-6619,10.92,16.32,"[""Comedy"", ""Animation"", ""Avant-Garde Doc""]",22,0.67,0.233
USR-6259,11.25,22.87,"[""Comedy"", ""Animation"", ""Romance""]",7,0.672,0.285
USR-10688,1.79,50.35,"[""Drama""]",5,0.415,0.701
USR-3696,47.07,83.56,"[""Sci-Fi"", ""Thriller"", ""Action""]",17,0.794,0.49
USR-3028,43.96,88.87,"[""Thriller"", ""Sci-Fi"", ""Action""]",24,0.686,0.331
USR-6464,6.65,28.75,"[""Comedy""]",27,0.672,0.431
USR-3569,33.8,75.76,"[""Sci-Fi"", ""Thriller"", ""Action""]",20,0.729,0.626
USR-9007,22.19,56.68,"[""Adventure"", ""Crime"", ""Drama"", ""Romance"", ""Documentary""]",29,0.925,0.307
USR-1065,44.0,92.97,"[""Action"", ""Thriller"", ""Crime""]",29,0.788,0.598
USR-3063,45.33,90.36,"[""Action"", ""Sci-Fi""]",28,0.874,0.456
USR-6277,10.39,12.04,"[""Animation"", ""Comedy""]",17,0.718,0.432
USR-8209,24.52,42.79,"[""Crime"", ""Romance"", ""Drama"", ""Mystery""]",26,0.844,0.564
USR-9685,2.51,49.12,"[""Comedy"", ""Family""]",6,0.523,0.545
USR-9572,3.21,30.37,"[""Drama""]",7,0.575,0.673
USR-7332,22.52,70.82,"[""Mystery"", ""Sci-Fi"", ""Documentary"", ""Adventure""]",23,0.685,0.405
USR-5860,8.29,31.78,"[""Animation"", ""Comedy""]",23,0.661,0.416
USR-5888,8.37,25.91,"[""Animation"", ""Comedy""]",13,0.645,0.447
USR-10269,2.33,42.45,"[""Family"", ""Drama""]",4,0.316,0.722
USR-1879,35.49,101.98,"[""Sci-Fi"", ""Action"", ""Thriller""]",28,0.794,0.369
USR-9530,2.55,31.87,"[""Family""]",7,0.466,0.701
USR-8917,24.93,46.8,"[""Drama"", ""Romance"", ""Mystery"", ""Adventure"", ""Documentary""]",20,0.725,0.579
USR-7864,29.05,35.62,"[""Romance"", ""Crime"", ""Drama"", ""Mystery""]",24,0.734,0.523
USR-8893,35.44,54.5,"[""Romance"", ""Mystery"", ""Documentary"", ""Adventure"", ""Sci-Fi""]",30,0.796,0.392
USR-7440,12.0,65.87,"[""Crime"", ""Mystery"", ""Drama"", ""Romance"", ""Sci-Fi""]",33,0.718,0.535
USR-8870,26.97,71.06,"[""Mystery"", ""Adventure"", ""Romance"", ""Crime""]",32,0.899,0.423
USR-2017,44.7,100.99,"[""Sci-Fi"", ""Thriller"", ""Crime""]",18,0.811,0.42
USR-10468,3.08,27.88,"[""Family""]",6,0.382,0.617
USR-8630,,63.7,"[""Romance"", ""Sci-Fi"", ""Documentary"", ""Mystery""]",31,0.838,0.592
USR-1996,32.06,73.19,"[""Thriller"", ""Action""]",30,0.794,0.339
USR-5298,10.02,19.28,"[""Animation""]",33,0.812,0.269
USR-1162,41.17,88.15,"[""Action"", ""Thriller""]",29,0.91,0.35
USR-6676,10.83,28.63,"[""Animation"", ""Comedy""]",26,0.663,0.331
USR-7874,28.8,56.91,"[""Mystery"", ""Romance"", ""Crime"", ""Drama"", ""Adventure""]",27,0.783,0.493
USR-10693,,37.52,"[""Drama"", ""Family""]",8,0.389,0.622
USR-8990,25.76,55.89,"[""Mystery"", ""Drama"", ""Crime""]",27,0.765,0.611
USR-4844,9.69,29.01,"[""Comedy"", ""Animation""]",19,0.81,0.385
USR-2022,20.7,110.6,"[""Action"", ""Sci-Fi"", ""Thriller""]",17,0.897,0.44
USR-4074,31.49,78.65,"[""Sci-Fi"", ""Action"", ""Thriller""]",17,0.747,0.426
USR-8556,29.73,47.45,"[""Adventure"", ""Romance"", ""Sci-Fi""]",27,0.87,0.29
USR-4944,9.87,26.26,"[""Animation"", ""Comedy""]",15,0.679,0.435
USR-2586,27.69,91.32,"[""Thriller"", ""Action"", ""Sci-Fi"", ""Crime""]",23,0.804,0.375
USR-4153,38.22,110.37,"[""Action"", ""Thriller""]",21,0.855,0.299
USR-9227,23.2,48.44,"[""Romance"", ""Adventure"", ""Mystery""]",36,0.758,0.305
USR-1776,29.03,91.17,"[""Action"", ""Sci-Fi"", ""Crime""]",32,0.7,0.462
USR-10671,4.51,44.43,"[""Comedy"", ""Drama""]",7,0.488,0.616
USR-8100,18.67,65.34,"[""Sci-Fi"", ""Romance"", ""Drama"", ""Mystery"", ""Documentary""]",27,0.803,0.42
USR-6487,9.3,18.99,"[""Comedy"", ""Animation""]",23,0.588,0.384
USR-7236,25.87,42.48,"[""Adventure"", ""Documentary"", ""Mystery"", ""Drama"", ""Romance""]",28,0.864,0.551
USR-10556,1.43,29.28,"[""Family""]",6,0.286,0.733
USR-8042,23.74,51.77,"[""Mystery"", ""Crime"", ""Romance"", ""Documentary""]",22,0.748,0.282
USR-3613,36.74,78.56,"[""Action"", ""Sci-Fi""]",22,0.831,0.461
USR-8514,28.99,57.61,"[""Adventure"", ""Mystery"", ""Drama""]",29,0.797,0.721
USR-9434,4.12,46.27,"[""Comedy"", ""Drama""]",4,0.578,0.589
USR-9793,3.36,29.56,"[""Family"", ""Drama""]",1,0.537,1.0
USR-6394,10.57,14.32,"[""Animation"", ""Comedy""]",16,0.557,0.272
USR-9839,1.33,27.02,"[""Family""]",7,0.462,0.624
USR-4891,12.17,20.92,"[""Comedy""]",7,0.486,0.41
USR-4557,7.54,23.64,"[""Comedy"", ""Animation""]",24,0.469,0.391
USR-2529,37.53,117.59,"[""Action"", ""Thriller""]",18,0.994,0.441
USR-2268,33.03,100.34,"[""Action"", ""Sci-Fi"", ""Thriller""]",26,0.793,0.299
USR-8735,32.04,57.88,"[""Sci-Fi"", ""Documentary"", ""Adventure""]",39,0.773,0.419
USR-2900,31.02,66.23,"[""Action"", ""Thriller"", ""Sci-Fi""]",35,0.891,0.475
USR-5659,8.84,23.92,"[""Animation""]",12,0.721,0.443
USR-4006,38.36,84.47,"[""Sci-Fi"", ""Thriller"", ""Adventure""]",25,0.92,0.283
USR-3735,37.47,109.4,"[""Sci-Fi"", ""Thriller""]",32,0.896,0.45
USR-1190,31.71,67.67,"[""Sci-Fi"", ""Thriller"", ""Adventure""]",13,0.896,0.435
USR-10999,5.15,44.33,"[""Family"", ""Drama""]",6,0.332,0.486
USR-10168,2.22,28.62,"[""Comedy""]",6,0.519,0.672
USR-3748,24.1,103.29,"[""Action"", ""Sci-Fi""]",25,0.765,0.251
USR-3048,53.84,74.57,"[""Sci-Fi"", ""Action""]",24,0.826,0.369
USR-8850,30.2,59.9,"[""Crime"", ""Documentary"", ""Drama"", ""Adventure"", ""Romance""]",26,0.855,0.579
USR-3559,41.72,68.62,"[""Action"", ""Sci-Fi"", ""Adventure""]",34,0.82,0.52
USR-10275,1.92,37.47,"[""Family""]",5,0.258,0.623
USR-9667,1.15,22.27,"[""Comedy""]",6,0.544,0.724
USR-7397,24.8,54.28,"[""Crime"", ""Documentary"", ""Drama"", ""Adventure""]",30,0.845,0.551
USR-4386,7.4,26.12,"[""Animation"", ""Comedy""]",17,0.659,0.143
USR-5556,9.03,27.17,"[""Comedy"", ""Animation""]",20,0.692,0.14
USR-2185,41.81,97.37,"[""Thriller"", ""Sci-Fi"", ""Action"", ""Adventure""]",19,0.881,0.366
USR-7421,23.41,69.02,"[""Adventure"", ""Sci-Fi"", ""Crime"", ""Documentary"", ""Romance""]",18,0.77,0.388
USR-6052,11.61,17.26,"[""Comedy""]",29,0.548,0.538
USR-6312,13.38,24.6,,18,0.51,0.381
USR-3434,36.22,91.61,"[""Action"", ""Thriller""]",29,0.782,0.325
USR-7950,34.71,39.45,"[""Romance"", ""Sci-Fi"", ""Mystery"", ""Adventure""]",23,0.767,0.322
USR-1770,39.05,74.41,"[""Thriller"", ""Action"", ""Adventure""]",26,0.88,0.49
USR-2686,36.61,78.96,"[""Action"", ""Sci-Fi""]",22,0.749,0.484
USR-9323,2.21,28.0,"[""Comedy"", ""Drama""]",5,0.355,0.599
USR-6579,9.73,25.02,"[""Comedy"", ""Animation""]",17,0.812,0.27
USR-5427,4.21,23.01,"[""Comedy"", ""Animation""]",19,0.689,0.187
USR-1467,43.52,115.22,"[""Thriller"", ""Action""]",23,0.892,0.494
USR-7266,20.21,56.01,"[""Sci-Fi"", ""Mystery"", ""Crime""]",21,0.754,0.252
USR-6735,9.55,25.39,"[""Comedy"", ""Animation""]",15,0.526,0.256
USR-6192,10.18,23.5,"[""Comedy"", ""Animation"", ""Romance""]",24,0.69,0.456
USR-6391,12.08,10.86,"[""Comedy""]",28,0.6,0.28
USR-1861,34.71,112.94,"[""Sci-Fi"", ""Action"", ""Adventure""]",12,0.874,0.406
USR-8271,24.69,69.33,"[""Sci-Fi"", ""Romance"", ""Drama""]",27,0.958,0.556
